split,threshold,precision,recall
val_cc,1.000000,1.000000,0.004355
val_cc,1.000000,1.000000,0.018872
val_cc,1.000000,1.000000,0.030900
val_cc,1.000000,1.000000,0.040025
val_cc,1.000000,1.000000,0.051016
val_cc,0.999999,1.000000,0.063252
val_cc,0.999999,1.000000,0.071547
val_cc,0.999999,1.000000,0.079635
val_cc,0.999999,1.000000,0.087308
val_cc,0.999999,1.000000,0.097885
val_cc,0.999999,1.000000,0.106595
val_cc,0.999999,1.000000,0.113438
val_cc,0.999999,1.000000,0.120697
val_cc,0.999998,1.000000,0.126504
val_cc,0.999998,1.000000,0.135006
val_cc,0.999998,1.000000,0.140813
val_cc,0.999998,1.000000,0.146827
val_cc,0.999998,1.000000,0.152012
val_cc,0.999998,1.000000,0.158440
val_cc,0.999998,1.000000,0.167151
val_cc,0.999998,1.000000,0.172957
val_cc,0.999997,1.000000,0.177934
val_cc,0.999997,1.000000,0.182912
val_cc,0.999997,1.000000,0.188304
val_cc,0.999997,1.000000,0.194525
val_cc,0.999997,1.000000,0.198673
val_cc,0.999997,1.000000,0.203028
val_cc,0.999997,1.000000,0.208212
val_cc,0.999997,1.000000,0.213397
val_cc,0.999997,1.000000,0.216922
val_cc,0.999996,1.000000,0.220863
val_cc,0.999996,1.000000,0.225010
val_cc,0.999996,1.000000,0.227499
val_cc,0.999996,1.000000,0.232269
val_cc,0.999996,1.000000,0.236002
val_cc,0.999996,1.000000,0.239942
val_cc,0.999996,1.000000,0.244090
val_cc,0.999996,1.000000,0.248652
val_cc,0.999995,1.000000,0.253007
val_cc,0.999995,1.000000,0.257155
val_cc,0.999995,1.000000,0.260473
val_cc,0.999995,1.000000,0.264206
val_cc,0.999995,1.000000,0.267939
val_cc,0.999995,1.000000,0.271257
val_cc,0.999995,1.000000,0.275197
val_cc,0.999995,1.000000,0.277893
val_cc,0.999995,1.000000,0.280382
val_cc,0.999994,1.000000,0.281833
val_cc,0.999994,1.000000,0.284114
val_cc,0.999994,1.000000,0.287018
val_cc,0.999994,1.000000,0.289506
val_cc,0.999994,1.000000,0.292410
val_cc,0.999994,1.000000,0.294069
val_cc,0.999994,1.000000,0.297594
val_cc,0.999994,1.000000,0.300083
val_cc,0.999993,1.000000,0.303401
val_cc,0.999993,1.000000,0.306097
val_cc,0.999993,1.000000,0.308793
val_cc,0.999993,1.000000,0.310867
val_cc,0.999993,1.000000,0.313563
val_cc,0.999993,1.000000,0.317088
val_cc,0.999993,1.000000,0.319784
val_cc,0.999993,1.000000,0.321443
val_cc,0.999992,1.000000,0.323725
val_cc,0.999992,1.000000,0.325176
val_cc,0.999992,1.000000,0.328494
val_cc,0.999992,1.000000,0.331605
val_cc,0.999992,1.000000,0.333472
val_cc,0.999992,1.000000,0.335131
val_cc,0.999992,1.000000,0.337204
val_cc,0.999992,1.000000,0.339278
val_cc,0.999992,1.000000,0.341352
val_cc,0.999991,1.000000,0.343633
val_cc,0.999991,1.000000,0.346744
val_cc,0.999991,1.000000,0.347781
val_cc,0.999991,1.000000,0.349647
val_cc,0.999991,1.000000,0.351514
val_cc,0.999991,1.000000,0.353588
val_cc,0.999991,1.000000,0.355039
val_cc,0.999991,1.000000,0.356906
val_cc,0.999990,1.000000,0.358150
val_cc,0.999990,1.000000,0.360017
val_cc,0.999990,1.000000,0.361468
val_cc,0.999990,1.000000,0.362920
val_cc,0.999990,1.000000,0.364164
val_cc,0.999990,1.000000,0.366238
val_cc,0.999990,1.000000,0.368519
val_cc,0.999990,1.000000,0.370800
val_cc,0.999990,1.000000,0.373289
val_cc,0.999989,1.000000,0.373704
val_cc,0.999989,1.000000,0.375570
val_cc,0.999989,1.000000,0.377644
val_cc,0.999989,1.000000,0.379303
val_cc,0.999989,1.000000,0.381170
val_cc,0.999989,1.000000,0.382414
val_cc,0.999989,1.000000,0.384073
val_cc,0.999989,1.000000,0.385110
val_cc,0.999988,1.000000,0.388013
val_cc,0.999988,1.000000,0.389050
val_cc,0.999988,1.000000,0.390294
val_cc,0.999988,1.000000,0.391539
val_cc,0.999988,1.000000,0.392576
val_cc,0.999988,1.000000,0.394235
val_cc,0.999988,1.000000,0.395064
val_cc,0.999988,1.000000,0.396101
val_cc,0.999987,1.000000,0.397553
val_cc,0.999987,1.000000,0.398590
val_cc,0.999987,1.000000,0.400249
val_cc,0.999987,1.000000,0.401908
val_cc,0.999987,1.000000,0.402530
val_cc,0.999987,1.000000,0.404189
val_cc,0.999987,1.000000,0.405641
val_cc,0.999987,1.000000,0.407715
val_cc,0.999987,1.000000,0.408752
val_cc,0.999986,1.000000,0.410825
val_cc,0.999986,1.000000,0.412484
val_cc,0.999986,1.000000,0.412899
val_cc,0.999986,1.000000,0.413729
val_cc,0.999986,1.000000,0.415803
val_cc,0.999986,1.000000,0.417462
val_cc,0.999986,1.000000,0.419121
val_cc,0.999986,1.000000,0.419535
val_cc,0.999985,1.000000,0.420780
val_cc,0.999985,1.000000,0.422439
val_cc,0.999985,1.000000,0.423476
val_cc,0.999985,1.000000,0.424927
val_cc,0.999985,1.000000,0.425550
val_cc,0.999985,1.000000,0.426794
val_cc,0.999985,1.000000,0.428038
val_cc,0.999985,1.000000,0.429490
val_cc,0.999985,1.000000,0.431564
val_cc,0.999984,1.000000,0.432808
val_cc,0.999984,1.000000,0.433223
val_cc,0.999984,1.000000,0.434260
val_cc,0.999984,1.000000,0.435089
val_cc,0.999984,1.000000,0.436126
val_cc,0.999984,1.000000,0.436956
val_cc,0.999984,1.000000,0.437578
val_cc,0.999984,1.000000,0.438615
val_cc,0.999983,1.000000,0.439444
val_cc,0.999983,1.000000,0.440689
val_cc,0.999983,1.000000,0.441518
val_cc,0.999983,1.000000,0.442140
val_cc,0.999983,1.000000,0.443384
val_cc,0.999983,1.000000,0.444214
val_cc,0.999983,1.000000,0.445044
val_cc,0.999983,1.000000,0.446495
val_cc,0.999982,1.000000,0.446910
val_cc,0.999982,1.000000,0.447532
val_cc,0.999982,1.000000,0.448569
val_cc,0.999982,1.000000,0.448984
val_cc,0.999982,1.000000,0.449606
val_cc,0.999982,1.000000,0.450228
val_cc,0.999982,1.000000,0.450850
val_cc,0.999982,1.000000,0.451887
val_cc,0.999982,1.000000,0.452095
val_cc,0.999981,1.000000,0.453131
val_cc,0.999981,1.000000,0.454998
val_cc,0.999981,1.000000,0.455827
val_cc,0.999981,1.000000,0.456242
val_cc,0.999981,1.000000,0.456657
val_cc,0.999981,1.000000,0.457487
val_cc,0.999981,1.000000,0.457901
val_cc,0.999981,1.000000,0.458523
val_cc,0.999980,1.000000,0.459560
val_cc,0.999980,1.000000,0.459975
val_cc,0.999980,1.000000,0.460597
val_cc,0.999980,1.000000,0.460805
val_cc,0.999980,1.000000,0.461634
val_cc,0.999980,1.000000,0.461842
val_cc,0.999980,1.000000,0.462671
val_cc,0.999979,1.000000,0.463086
val_cc,0.999979,1.000000,0.464123
val_cc,0.999979,1.000000,0.464745
val_cc,0.999979,1.000000,0.465367
val_cc,0.999979,1.000000,0.466197
val_cc,0.999979,1.000000,0.466611
val_cc,0.999979,1.000000,0.467856
val_cc,0.999979,1.000000,0.468270
val_cc,0.999979,1.000000,0.469722
val_cc,0.999978,1.000000,0.470552
val_cc,0.999978,1.000000,0.471174
val_cc,0.999978,1.000000,0.471796
val_cc,0.999978,1.000000,0.472625
val_cc,0.999978,1.000000,0.473455
val_cc,0.999978,1.000000,0.473870
val_cc,0.999978,1.000000,0.474285
val_cc,0.999978,1.000000,0.474492
val_cc,0.999977,1.000000,0.475529
val_cc,0.999977,1.000000,0.475944
val_cc,0.999977,1.000000,0.477395
val_cc,0.999977,1.000000,0.478847
val_cc,0.999977,1.000000,0.479676
val_cc,0.999977,1.000000,0.480091
val_cc,0.999977,1.000000,0.480506
val_cc,0.999977,1.000000,0.481750
val_cc,0.999977,1.000000,0.481958
val_cc,0.999976,1.000000,0.482372
val_cc,0.999976,1.000000,0.483202
val_cc,0.999976,1.000000,0.483617
val_cc,0.999976,1.000000,0.484032
val_cc,0.999976,1.000000,0.485276
val_cc,0.999976,1.000000,0.485691
val_cc,0.999976,1.000000,0.486313
val_cc,0.999976,1.000000,0.487972
val_cc,0.999975,1.000000,0.488594
val_cc,0.999975,1.000000,0.489216
val_cc,0.999975,1.000000,0.489423
val_cc,0.999975,1.000000,0.490460
val_cc,0.999975,1.000000,0.491083
val_cc,0.999975,1.000000,0.492119
val_cc,0.999975,1.000000,0.492327
val_cc,0.999975,1.000000,0.493779
val_cc,0.999974,1.000000,0.494193
val_cc,0.999974,1.000000,0.494608
val_cc,0.999974,1.000000,0.494815
val_cc,0.999974,1.000000,0.495438
val_cc,0.999974,1.000000,0.495645
val_cc,0.999974,1.000000,0.496060
val_cc,0.999974,1.000000,0.497097
val_cc,0.999974,1.000000,0.497304
val_cc,0.999973,1.000000,0.497719
val_cc,0.999973,1.000000,0.498341
val_cc,0.999973,1.000000,0.498963
val_cc,0.999973,1.000000,0.499585
val_cc,0.999973,1.000000,0.500830
val_cc,0.999973,1.000000,0.501244
val_cc,0.999973,1.000000,0.502281
val_cc,0.999973,1.000000,0.503318
val_cc,0.999972,1.000000,0.503940
val_cc,0.999972,1.000000,0.504977
val_cc,0.999972,1.000000,0.505599
val_cc,0.999972,1.000000,0.506221
val_cc,0.999972,1.000000,0.506636
val_cc,0.999972,1.000000,0.507258
val_cc,0.999972,1.000000,0.507881
val_cc,0.999972,1.000000,0.508503
val_cc,0.999971,1.000000,0.509332
val_cc,0.999971,1.000000,0.510369
val_cc,0.999971,1.000000,0.511406
val_cc,0.999971,1.000000,0.511821
val_cc,0.999971,1.000000,0.512236
val_cc,0.999971,1.000000,0.513065
val_cc,0.999971,1.000000,0.513687
val_cc,0.999971,1.000000,0.514102
val_cc,0.999970,1.000000,0.514932
val_cc,0.999970,1.000000,0.515968
val_cc,0.999970,1.000000,0.516798
val_cc,0.999970,1.000000,0.517213
val_cc,0.999970,1.000000,0.517628
val_cc,0.999970,1.000000,0.518042
val_cc,0.999969,1.000000,0.518457
val_cc,0.999969,1.000000,0.519287
val_cc,0.999969,1.000000,0.519701
val_cc,0.999969,1.000000,0.520116
val_cc,0.999969,1.000000,0.520324
val_cc,0.999969,1.000000,0.520738
val_cc,0.999969,1.000000,0.520946
val_cc,0.999969,1.000000,0.521153
val_cc,0.999968,1.000000,0.521775
val_cc,0.999968,1.000000,0.522190
val_cc,0.999968,1.000000,0.523019
val_cc,0.999968,1.000000,0.524056
val_cc,0.999968,1.000000,0.524679
val_cc,0.999968,1.000000,0.524886
val_cc,0.999968,1.000000,0.525715
val_cc,0.999967,1.000000,0.526130
val_cc,0.999967,1.000000,0.526545
val_cc,0.999967,1.000000,0.527375
val_cc,0.999967,1.000000,0.527789
val_cc,0.999967,1.000000,0.528411
val_cc,0.999967,1.000000,0.528826
val_cc,0.999967,1.000000,0.529656
val_cc,0.999967,1.000000,0.529863
val_cc,0.999967,1.000000,0.530485
val_cc,0.999966,1.000000,0.531107
val_cc,0.999966,1.000000,0.531315
val_cc,0.999966,1.000000,0.531522
val_cc,0.999966,1.000000,0.531730
val_cc,0.999966,1.000000,0.532144
val_cc,0.999966,1.000000,0.532766
val_cc,0.999966,1.000000,0.533181
val_cc,0.999965,1.000000,0.533596
val_cc,0.999965,1.000000,0.534426
val_cc,0.999965,1.000000,0.534840
val_cc,0.999965,1.000000,0.535877
val_cc,0.999965,1.000000,0.536085
val_cc,0.999965,1.000000,0.536499
val_cc,0.999965,1.000000,0.536707
val_cc,0.999964,1.000000,0.537122
val_cc,0.999964,1.000000,0.537329
val_cc,0.999964,1.000000,0.537536
val_cc,0.999964,1.000000,0.538573
val_cc,0.999964,1.000000,0.538988
val_cc,0.999964,1.000000,0.539818
val_cc,0.999964,1.000000,0.540232
val_cc,0.999964,1.000000,0.540854
val_cc,0.999964,1.000000,0.541062
val_cc,0.999963,1.000000,0.541477
val_cc,0.999963,1.000000,0.542306
val_cc,0.999963,1.000000,0.542513
val_cc,0.999963,1.000000,0.542928
val_cc,0.999963,1.000000,0.543343
val_cc,0.999962,1.000000,0.543758
val_cc,0.999962,1.000000,0.543965
val_cc,0.999962,1.000000,0.544795
val_cc,0.999962,1.000000,0.545002
val_cc,0.999962,1.000000,0.545209
val_cc,0.999962,1.000000,0.546039
val_cc,0.999962,1.000000,0.546246
val_cc,0.999961,1.000000,0.547076
val_cc,0.999961,1.000000,0.548113
val_cc,0.999961,1.000000,0.548735
val_cc,0.999961,1.000000,0.549357
val_cc,0.999961,1.000000,0.549564
val_cc,0.999961,1.000000,0.549772
val_cc,0.999961,1.000000,0.549979
val_cc,0.999960,1.000000,0.550187
val_cc,0.999960,1.000000,0.551016
val_cc,0.999960,1.000000,0.551431
val_cc,0.999960,1.000000,0.551638
val_cc,0.999960,1.000000,0.552053
val_cc,0.999960,1.000000,0.552260
val_cc,0.999960,1.000000,0.552675
val_cc,0.999959,1.000000,0.552883
val_cc,0.999959,1.000000,0.553297
val_cc,0.999959,1.000000,0.553505
val_cc,0.999959,1.000000,0.553920
val_cc,0.999959,1.000000,0.554334
val_cc,0.999959,1.000000,0.554749
val_cc,0.999959,1.000000,0.555164
val_cc,0.999958,1.000000,0.555786
val_cc,0.999958,1.000000,0.556201
val_cc,0.999958,1.000000,0.556616
val_cc,0.999958,1.000000,0.556823
val_cc,0.999958,1.000000,0.557652
val_cc,0.999958,1.000000,0.557860
val_cc,0.999958,1.000000,0.558067
val_cc,0.999957,1.000000,0.558482
val_cc,0.999957,1.000000,0.559311
val_cc,0.999957,1.000000,0.559519
val_cc,0.999957,1.000000,0.559726
val_cc,0.999957,1.000000,0.559934
val_cc,0.999957,1.000000,0.560348
val_cc,0.999957,1.000000,0.560556
val_cc,0.999957,1.000000,0.561385
val_cc,0.999956,1.000000,0.561593
val_cc,0.999956,1.000000,0.561800
val_cc,0.999956,1.000000,0.562007
val_cc,0.999956,1.000000,0.562215
val_cc,0.999956,1.000000,0.562837
val_cc,0.999956,1.000000,0.563044
val_cc,0.999956,1.000000,0.563252
val_cc,0.999956,1.000000,0.563459
val_cc,0.999956,1.000000,0.563874
val_cc,0.999955,1.000000,0.564081
val_cc,0.999955,1.000000,0.564496
val_cc,0.999955,1.000000,0.565118
val_cc,0.999955,1.000000,0.565326
val_cc,0.999955,1.000000,0.566570
val_cc,0.999955,1.000000,0.567192
val_cc,0.999955,1.000000,0.567399
val_cc,0.999954,1.000000,0.567607
val_cc,0.999954,1.000000,0.567814
val_cc,0.999954,1.000000,0.568229
val_cc,0.999954,1.000000,0.568436
val_cc,0.999954,1.000000,0.568644
val_cc,0.999954,1.000000,0.569058
val_cc,0.999954,1.000000,0.569681
val_cc,0.999954,1.000000,0.570095
val_cc,0.999954,1.000000,0.570510
val_cc,0.999953,1.000000,0.570718
val_cc,0.999953,1.000000,0.571132
val_cc,0.999953,1.000000,0.571754
val_cc,0.999953,1.000000,0.572584
val_cc,0.999953,1.000000,0.573206
val_cc,0.999953,1.000000,0.573828
val_cc,0.999953,1.000000,0.574450
val_cc,0.999952,1.000000,0.574658
val_cc,0.999952,1.000000,0.575073
val_cc,0.999952,1.000000,0.575280
val_cc,0.999952,1.000000,0.575487
val_cc,0.999952,1.000000,0.575695
val_cc,0.999952,1.000000,0.575902
val_cc,0.999952,1.000000,0.576317
val_cc,0.999951,1.000000,0.576732
val_cc,0.999951,1.000000,0.577146
val_cc,0.999951,1.000000,0.577561
val_cc,0.999951,1.000000,0.577769
val_cc,0.999951,1.000000,0.577976
val_cc,0.999951,1.000000,0.578391
val_cc,0.999950,1.000000,0.578598
val_cc,0.999950,1.000000,0.578805
val_cc,0.999950,1.000000,0.579013
val_cc,0.999950,1.000000,0.579842
val_cc,0.999950,1.000000,0.580879
val_cc,0.999950,1.000000,0.581087
val_cc,0.999950,1.000000,0.581294
val_cc,0.999949,1.000000,0.581501
val_cc,0.999949,1.000000,0.581709
val_cc,0.999949,1.000000,0.582331
val_cc,0.999949,1.000000,0.582746
val_cc,0.999949,1.000000,0.582953
val_cc,0.999949,1.000000,0.583368
val_cc,0.999949,1.000000,0.583990
val_cc,0.999948,1.000000,0.584197
val_cc,0.999948,1.000000,0.584405
val_cc,0.999948,1.000000,0.584820
val_cc,0.999948,1.000000,0.585442
val_cc,0.999948,1.000000,0.585649
val_cc,0.999948,1.000000,0.586479
val_cc,0.999947,1.000000,0.587101
val_cc,0.999947,1.000000,0.588138
val_cc,0.999947,1.000000,0.588552
val_cc,0.999947,1.000000,0.588760
val_cc,0.999947,1.000000,0.588967
val_cc,0.999946,1.000000,0.589797
val_cc,0.999946,1.000000,0.590212
val_cc,0.999946,1.000000,0.590626
val_cc,0.999946,1.000000,0.591041
val_cc,0.999946,1.000000,0.591248
val_cc,0.999946,1.000000,0.591456
val_cc,0.999946,1.000000,0.592078
val_cc,0.999946,1.000000,0.592700
val_cc,0.999945,1.000000,0.593115
val_cc,0.999945,1.000000,0.593530
val_cc,0.999945,1.000000,0.593944
val_cc,0.999945,1.000000,0.594567
val_cc,0.999945,1.000000,0.594981
val_cc,0.999945,1.000000,0.595811
val_cc,0.999945,1.000000,0.596018
val_cc,0.999944,1.000000,0.596226
val_cc,0.999944,1.000000,0.596848
val_cc,0.999944,1.000000,0.597263
val_cc,0.999944,1.000000,0.597470
val_cc,0.999944,1.000000,0.598092
val_cc,0.999944,1.000000,0.598299
val_cc,0.999943,1.000000,0.598922
val_cc,0.999943,1.000000,0.599336
val_cc,0.999943,1.000000,0.599544
val_cc,0.999943,1.000000,0.599751
val_cc,0.999942,1.000000,0.599959
val_cc,0.999942,1.000000,0.600373
val_cc,0.999942,1.000000,0.600788
val_cc,0.999942,1.000000,0.601203
val_cc,0.999942,1.000000,0.602240
val_cc,0.999941,1.000000,0.602447
val_cc,0.999941,1.000000,0.602655
val_cc,0.999941,1.000000,0.602862
val_cc,0.999941,1.000000,0.603277
val_cc,0.999941,1.000000,0.603691
val_cc,0.999941,1.000000,0.604314
val_cc,0.999941,1.000000,0.604728
val_cc,0.999941,1.000000,0.605143
val_cc,0.999940,1.000000,0.605558
val_cc,0.999940,1.000000,0.605973
val_cc,0.999940,1.000000,0.606387
val_cc,0.999940,1.000000,0.606802
val_cc,0.999940,1.000000,0.607217
val_cc,0.999940,1.000000,0.607424
val_cc,0.999939,1.000000,0.608254
val_cc,0.999939,1.000000,0.608461
val_cc,0.999939,1.000000,0.609291
val_cc,0.999939,1.000000,0.609913
val_cc,0.999939,1.000000,0.610120
val_cc,0.999939,1.000000,0.610328
val_cc,0.999939,1.000000,0.610535
val_cc,0.999938,1.000000,0.610742
val_cc,0.999938,1.000000,0.610950
val_cc,0.999938,1.000000,0.611572
val_cc,0.999938,1.000000,0.611779
val_cc,0.999938,1.000000,0.612401
val_cc,0.999938,1.000000,0.613024
val_cc,0.999938,1.000000,0.613438
val_cc,0.999938,1.000000,0.613646
val_cc,0.999937,1.000000,0.613853
val_cc,0.999937,1.000000,0.614061
val_cc,0.999937,1.000000,0.614268
val_cc,0.999937,1.000000,0.614683
val_cc,0.999937,1.000000,0.615097
val_cc,0.999937,1.000000,0.615720
val_cc,0.999937,1.000000,0.616134
val_cc,0.999936,1.000000,0.616342
val_cc,0.999936,1.000000,0.616757
val_cc,0.999936,1.000000,0.616964
val_cc,0.999936,1.000000,0.617171
val_cc,0.999936,1.000000,0.618001
val_cc,0.999936,1.000000,0.618208
val_cc,0.999936,1.000000,0.618623
val_cc,0.999935,1.000000,0.619453
val_cc,0.999935,1.000000,0.620075
val_cc,0.999935,1.000000,0.620489
val_cc,0.999935,1.000000,0.620697
val_cc,0.999934,1.000000,0.620904
val_cc,0.999934,1.000000,0.621526
val_cc,0.999934,1.000000,0.621734
val_cc,0.999934,1.000000,0.622563
val_cc,0.999934,1.000000,0.622771
val_cc,0.999933,1.000000,0.623185
val_cc,0.999933,1.000000,0.623393
val_cc,0.999933,1.000000,0.623600
val_cc,0.999933,1.000000,0.623808
val_cc,0.999933,1.000000,0.624222
val_cc,0.999933,1.000000,0.624844
val_cc,0.999933,1.000000,0.625052
val_cc,0.999933,1.000000,0.625467
val_cc,0.999932,1.000000,0.625674
val_cc,0.999932,1.000000,0.626089
val_cc,0.999932,1.000000,0.626504
val_cc,0.999932,1.000000,0.627126
val_cc,0.999932,1.000000,0.627333
val_cc,0.999932,1.000000,0.627748
val_cc,0.999932,1.000000,0.627955
val_cc,0.999931,1.000000,0.628785
val_cc,0.999931,1.000000,0.629200
val_cc,0.999931,1.000000,0.629614
val_cc,0.999931,1.000000,0.630029
val_cc,0.999931,1.000000,0.630444
val_cc,0.999931,1.000000,0.630651
val_cc,0.999930,1.000000,0.630859
val_cc,0.999930,1.000000,0.631273
val_cc,0.999930,1.000000,0.631688
val_cc,0.999930,1.000000,0.632518
val_cc,0.999930,1.000000,0.632725
val_cc,0.999929,1.000000,0.633347
val_cc,0.999929,1.000000,0.633555
val_cc,0.999929,1.000000,0.633969
val_cc,0.999929,1.000000,0.634384
val_cc,0.999929,1.000000,0.634591
val_cc,0.999929,1.000000,0.635006
val_cc,0.999928,1.000000,0.635214
val_cc,0.999928,1.000000,0.636251
val_cc,0.999928,1.000000,0.636458
val_cc,0.999928,1.000000,0.636873
val_cc,0.999928,1.000000,0.637287
val_cc,0.999927,1.000000,0.637495
val_cc,0.999927,1.000000,0.638117
val_cc,0.999927,1.000000,0.638739
val_cc,0.999927,1.000000,0.638946
val_cc,0.999926,1.000000,0.639361
val_cc,0.999926,1.000000,0.639983
val_cc,0.999926,1.000000,0.640606
val_cc,0.999926,1.000000,0.641435
val_cc,0.999925,1.000000,0.641642
val_cc,0.999925,1.000000,0.642057
val_cc,0.999925,1.000000,0.642472
val_cc,0.999925,1.000000,0.642887
val_cc,0.999925,1.000000,0.643302
val_cc,0.999925,1.000000,0.643509
val_cc,0.999925,1.000000,0.643924
val_cc,0.999924,1.000000,0.644131
val_cc,0.999924,1.000000,0.644961
val_cc,0.999924,1.000000,0.645168
val_cc,0.999924,1.000000,0.645375
val_cc,0.999924,1.000000,0.645583
val_cc,0.999923,1.000000,0.645790
val_cc,0.999923,1.000000,0.646205
val_cc,0.999923,1.000000,0.646412
val_cc,0.999923,1.000000,0.646620
val_cc,0.999923,1.000000,0.647034
val_cc,0.999923,1.000000,0.647449
val_cc,0.999922,1.000000,0.647657
val_cc,0.999922,1.000000,0.647864
val_cc,0.999922,1.000000,0.648071
val_cc,0.999922,1.000000,0.648279
val_cc,0.999921,1.000000,0.648486
val_cc,0.999921,1.000000,0.648693
val_cc,0.999921,1.000000,0.649108
val_cc,0.999921,1.000000,0.649523
val_cc,0.999921,1.000000,0.650145
val_cc,0.999921,1.000000,0.650560
val_cc,0.999920,1.000000,0.650767
val_cc,0.999920,1.000000,0.652012
val_cc,0.999920,1.000000,0.652426
val_cc,0.999920,1.000000,0.652634
val_cc,0.999920,1.000000,0.652841
val_cc,0.999919,1.000000,0.653049
val_cc,0.999919,1.000000,0.653463
val_cc,0.999919,1.000000,0.653878
val_cc,0.999919,1.000000,0.654085
val_cc,0.999919,1.000000,0.654500
val_cc,0.999918,1.000000,0.654708
val_cc,0.999918,1.000000,0.654915
val_cc,0.999918,1.000000,0.655330
val_cc,0.999918,1.000000,0.655745
val_cc,0.999918,1.000000,0.655952
val_cc,0.999918,1.000000,0.656159
val_cc,0.999917,1.000000,0.656367
val_cc,0.999917,1.000000,0.656574
val_cc,0.999917,1.000000,0.656781
val_cc,0.999917,1.000000,0.656989
val_cc,0.999917,1.000000,0.657196
val_cc,0.999917,1.000000,0.657404
val_cc,0.999916,1.000000,0.658026
val_cc,0.999916,1.000000,0.658233
val_cc,0.999916,1.000000,0.658855
val_cc,0.999916,1.000000,0.659063
val_cc,0.999916,1.000000,0.659685
val_cc,0.999916,1.000000,0.660100
val_cc,0.999916,1.000000,0.660307
val_cc,0.999915,1.000000,0.661136
val_cc,0.999915,1.000000,0.661344
val_cc,0.999915,1.000000,0.661966
val_cc,0.999915,1.000000,0.662588
val_cc,0.999915,1.000000,0.662796
val_cc,0.999915,1.000000,0.663418
val_cc,0.999915,1.000000,0.664247
val_cc,0.999915,1.000000,0.664662
val_cc,0.999914,1.000000,0.664869
val_cc,0.999914,1.000000,0.665491
val_cc,0.999914,1.000000,0.665906
val_cc,0.999914,1.000000,0.666321
val_cc,0.999914,1.000000,0.666528
val_cc,0.999913,1.000000,0.666943
val_cc,0.999913,1.000000,0.667151
val_cc,0.999913,1.000000,0.667565
val_cc,0.999913,1.000000,0.667773
val_cc,0.999912,1.000000,0.667980
val_cc,0.999912,1.000000,0.668187
val_cc,0.999912,1.000000,0.668395
val_cc,0.999912,1.000000,0.668810
val_cc,0.999911,1.000000,0.669017
val_cc,0.999911,1.000000,0.669224
val_cc,0.999911,1.000000,0.669432
val_cc,0.999911,1.000000,0.669639
val_cc,0.999911,1.000000,0.669847
val_cc,0.999911,1.000000,0.670054
val_cc,0.999910,1.000000,0.670261
val_cc,0.999910,1.000000,0.670676
val_cc,0.999910,1.000000,0.671091
val_cc,0.999910,1.000000,0.671506
val_cc,0.999910,1.000000,0.671713
val_cc,0.999909,1.000000,0.672128
val_cc,0.999909,1.000000,0.672335
val_cc,0.999908,1.000000,0.672750
val_cc,0.999908,1.000000,0.673165
val_cc,0.999908,1.000000,0.673372
val_cc,0.999907,1.000000,0.673787
val_cc,0.999907,1.000000,0.673994
val_cc,0.999907,1.000000,0.674409
val_cc,0.999907,1.000000,0.674616
val_cc,0.999907,1.000000,0.674824
val_cc,0.999906,1.000000,0.675031
val_cc,0.999906,1.000000,0.675446
val_cc,0.999906,1.000000,0.675653
val_cc,0.999906,1.000000,0.676068
val_cc,0.999906,1.000000,0.676275
val_cc,0.999905,1.000000,0.676483
val_cc,0.999905,1.000000,0.676690
val_cc,0.999905,1.000000,0.676898
val_cc,0.999905,1.000000,0.677105
val_cc,0.999904,1.000000,0.677312
val_cc,0.999904,1.000000,0.677520
val_cc,0.999904,1.000000,0.677934
val_cc,0.999904,1.000000,0.678142
val_cc,0.999904,1.000000,0.678349
val_cc,0.999903,1.000000,0.678557
val_cc,0.999903,1.000000,0.679179
val_cc,0.999903,1.000000,0.679386
val_cc,0.999903,1.000000,0.679594
val_cc,0.999902,1.000000,0.679801
val_cc,0.999902,1.000000,0.680008
val_cc,0.999901,1.000000,0.680216
val_cc,0.999901,1.000000,0.680423
val_cc,0.999901,1.000000,0.680630
val_cc,0.999900,1.000000,0.680838
val_cc,0.999900,1.000000,0.681045
val_cc,0.999900,1.000000,0.681253
val_cc,0.999900,1.000000,0.681460
val_cc,0.999900,1.000000,0.681667
val_cc,0.999900,1.000000,0.682290
val_cc,0.999899,1.000000,0.682497
val_cc,0.999899,1.000000,0.683119
val_cc,0.999899,1.000000,0.683326
val_cc,0.999898,1.000000,0.683534
val_cc,0.999898,1.000000,0.683741
val_cc,0.999898,1.000000,0.683949
val_cc,0.999898,1.000000,0.684156
val_cc,0.999897,1.000000,0.684363
val_cc,0.999897,1.000000,0.684778
val_cc,0.999897,1.000000,0.685193
val_cc,0.999897,1.000000,0.685608
val_cc,0.999897,1.000000,0.686230
val_cc,0.999897,1.000000,0.686645
val_cc,0.999896,1.000000,0.686852
val_cc,0.999896,1.000000,0.687059
val_cc,0.999896,1.000000,0.687474
val_cc,0.999895,1.000000,0.687889
val_cc,0.999895,1.000000,0.688096
val_cc,0.999895,1.000000,0.688511
val_cc,0.999895,1.000000,0.688926
val_cc,0.999894,1.000000,0.689341
val_cc,0.999894,1.000000,0.689548
val_cc,0.999894,1.000000,0.689755
val_cc,0.999894,1.000000,0.689963
val_cc,0.999893,1.000000,0.690170
val_cc,0.999892,1.000000,0.690377
val_cc,0.999892,1.000000,0.690792
val_cc,0.999892,1.000000,0.691207
val_cc,0.999892,1.000000,0.691414
val_cc,0.999892,1.000000,0.691829
val_cc,0.999892,1.000000,0.692244
val_cc,0.999891,1.000000,0.692659
val_cc,0.999891,1.000000,0.692866
val_cc,0.999891,1.000000,0.693073
val_cc,0.999891,1.000000,0.693903
val_cc,0.999890,1.000000,0.694318
val_cc,0.999890,1.000000,0.694732
val_cc,0.999890,1.000000,0.694940
val_cc,0.999889,1.000000,0.695147
val_cc,0.999889,1.000000,0.695562
val_cc,0.999889,1.000000,0.695769
val_cc,0.999889,1.000000,0.695977
val_cc,0.999888,1.000000,0.696184
val_cc,0.999888,1.000000,0.696392
val_cc,0.999887,1.000000,0.697014
val_cc,0.999887,1.000000,0.697221
val_cc,0.999887,1.000000,0.697428
val_cc,0.999887,1.000000,0.697636
val_cc,0.999886,1.000000,0.697843
val_cc,0.999886,1.000000,0.698051
val_cc,0.999886,1.000000,0.698465
val_cc,0.999886,1.000000,0.698673
val_cc,0.999886,1.000000,0.699088
val_cc,0.999885,1.000000,0.699710
val_cc,0.999885,1.000000,0.699917
val_cc,0.999885,1.000000,0.700124
val_cc,0.999885,1.000000,0.700332
val_cc,0.999885,1.000000,0.700747
val_cc,0.999884,1.000000,0.701161
val_cc,0.999884,1.000000,0.701576
val_cc,0.999884,1.000000,0.701991
val_cc,0.999884,1.000000,0.702198
val_cc,0.999883,1.000000,0.702406
val_cc,0.999883,1.000000,0.702613
val_cc,0.999883,1.000000,0.702820
val_cc,0.999883,1.000000,0.703028
val_cc,0.999883,1.000000,0.703235
val_cc,0.999882,1.000000,0.703443
val_cc,0.999882,1.000000,0.703857
val_cc,0.999882,1.000000,0.704065
val_cc,0.999882,1.000000,0.704272
val_cc,0.999882,1.000000,0.704479
val_cc,0.999881,1.000000,0.704687
val_cc,0.999881,1.000000,0.705102
val_cc,0.999881,1.000000,0.705931
val_cc,0.999881,1.000000,0.706139
val_cc,0.999880,1.000000,0.706346
val_cc,0.999880,1.000000,0.706553
val_cc,0.999880,1.000000,0.707175
val_cc,0.999880,1.000000,0.707383
val_cc,0.999880,1.000000,0.707798
val_cc,0.999879,1.000000,0.708212
val_cc,0.999879,1.000000,0.708420
val_cc,0.999879,1.000000,0.708627
val_cc,0.999878,1.000000,0.709042
val_cc,0.999878,1.000000,0.709249
val_cc,0.999878,1.000000,0.709457
val_cc,0.999878,1.000000,0.709871
val_cc,0.999878,1.000000,0.710079
val_cc,0.999878,1.000000,0.710286
val_cc,0.999877,1.000000,0.710494
val_cc,0.999877,1.000000,0.710701
val_cc,0.999877,1.000000,0.710908
val_cc,0.999877,1.000000,0.711530
val_cc,0.999876,1.000000,0.711945
val_cc,0.999875,1.000000,0.712360
val_cc,0.999875,1.000000,0.712567
val_cc,0.999875,1.000000,0.712775
val_cc,0.999875,1.000000,0.713190
val_cc,0.999875,1.000000,0.713397
val_cc,0.999875,1.000000,0.713604
val_cc,0.999874,1.000000,0.713812
val_cc,0.999874,1.000000,0.714434
val_cc,0.999874,1.000000,0.714849
val_cc,0.999874,1.000000,0.715056
val_cc,0.999874,1.000000,0.715263
val_cc,0.999873,1.000000,0.715471
val_cc,0.999873,1.000000,0.715678
val_cc,0.999873,1.000000,0.715886
val_cc,0.999872,1.000000,0.716093
val_cc,0.999872,1.000000,0.716300
val_cc,0.999872,1.000000,0.716715
val_cc,0.999872,1.000000,0.716922
val_cc,0.999871,1.000000,0.717337
val_cc,0.999871,1.000000,0.717752
val_cc,0.999871,1.000000,0.717959
val_cc,0.999870,1.000000,0.718167
val_cc,0.999870,1.000000,0.718789
val_cc,0.999870,1.000000,0.718996
val_cc,0.999869,1.000000,0.719204
val_cc,0.999869,1.000000,0.719411
val_cc,0.999869,1.000000,0.719618
val_cc,0.999869,1.000000,0.719826
val_cc,0.999868,1.000000,0.720033
val_cc,0.999868,1.000000,0.720241
val_cc,0.999868,1.000000,0.720448
val_cc,0.999867,1.000000,0.720863
val_cc,0.999867,1.000000,0.721277
val_cc,0.999867,1.000000,0.721692
val_cc,0.999867,1.000000,0.721900
val_cc,0.999866,1.000000,0.722107
val_cc,0.999866,1.000000,0.722314
val_cc,0.999866,1.000000,0.722522
val_cc,0.999865,1.000000,0.722937
val_cc,0.999865,1.000000,0.723351
val_cc,0.999865,1.000000,0.723559
val_cc,0.999865,1.000000,0.723766
val_cc,0.999865,1.000000,0.723973
val_cc,0.999865,1.000000,0.724181
val_cc,0.999864,1.000000,0.724596
val_cc,0.999864,1.000000,0.724803
val_cc,0.999864,1.000000,0.725010
val_cc,0.999864,1.000000,0.725218
val_cc,0.999864,1.000000,0.725425
val_cc,0.999863,1.000000,0.725633
val_cc,0.999863,1.000000,0.725840
val_cc,0.999862,1.000000,0.726047
val_cc,0.999862,1.000000,0.726255
val_cc,0.999862,1.000000,0.726669
val_cc,0.999861,1.000000,0.726877
val_cc,0.999861,1.000000,0.727084
val_cc,0.999861,1.000000,0.727706
val_cc,0.999860,1.000000,0.727914
val_cc,0.999860,1.000000,0.728121
val_cc,0.999859,1.000000,0.728536
val_cc,0.999859,1.000000,0.728743
val_cc,0.999858,1.000000,0.728951
val_cc,0.999858,1.000000,0.729158
val_cc,0.999858,1.000000,0.729365
val_cc,0.999858,1.000000,0.729780
val_cc,0.999858,1.000000,0.729988
val_cc,0.999858,1.000000,0.730195
val_cc,0.999857,1.000000,0.730610
val_cc,0.999857,1.000000,0.730817
val_cc,0.999857,1.000000,0.731232
val_cc,0.999857,1.000000,0.731439
val_cc,0.999856,1.000000,0.731647
val_cc,0.999856,1.000000,0.732061
val_cc,0.999856,1.000000,0.732269
val_cc,0.999856,1.000000,0.732476
val_cc,0.999855,1.000000,0.733098
val_cc,0.999855,1.000000,0.733306
val_cc,0.999855,1.000000,0.733720
val_cc,0.999854,1.000000,0.734135
val_cc,0.999854,1.000000,0.734343
val_cc,0.999854,1.000000,0.734757
val_cc,0.999853,1.000000,0.734965
val_cc,0.999853,1.000000,0.735172
val_cc,0.999853,1.000000,0.735380
val_cc,0.999853,1.000000,0.735794
val_cc,0.999853,1.000000,0.736002
val_cc,0.999852,1.000000,0.736209
val_cc,0.999852,1.000000,0.736416
val_cc,0.999852,1.000000,0.736624
val_cc,0.999852,1.000000,0.736831
val_cc,0.999851,1.000000,0.737039
val_cc,0.999851,1.000000,0.737246
val_cc,0.999851,1.000000,0.737453
val_cc,0.999851,1.000000,0.737868
val_cc,0.999851,1.000000,0.738075
val_cc,0.999850,1.000000,0.738283
val_cc,0.999850,1.000000,0.738905
val_cc,0.999849,1.000000,0.739112
val_cc,0.999848,1.000000,0.739527
val_cc,0.999848,1.000000,0.739735
val_cc,0.999848,1.000000,0.739942
val_cc,0.999847,1.000000,0.740149
val_cc,0.999847,1.000000,0.740357
val_cc,0.999847,1.000000,0.740771
val_cc,0.999846,1.000000,0.740979
val_cc,0.999846,1.000000,0.741186
val_cc,0.999846,1.000000,0.741394
val_cc,0.999846,1.000000,0.741601
val_cc,0.999845,1.000000,0.741808
val_cc,0.999845,1.000000,0.742431
val_cc,0.999845,1.000000,0.742638
val_cc,0.999844,1.000000,0.743053
val_cc,0.999844,1.000000,0.743467
val_cc,0.999843,1.000000,0.743882
val_cc,0.999843,1.000000,0.744090
val_cc,0.999841,1.000000,0.744504
val_cc,0.999841,1.000000,0.744919
val_cc,0.999841,1.000000,0.745127
val_cc,0.999841,1.000000,0.745334
val_cc,0.999841,1.000000,0.745541
val_cc,0.999841,1.000000,0.745749
val_cc,0.999840,1.000000,0.745956
val_cc,0.999840,1.000000,0.746371
val_cc,0.999840,1.000000,0.746786
val_cc,0.999840,1.000000,0.746993
val_cc,0.999839,1.000000,0.747200
val_cc,0.999839,1.000000,0.747408
val_cc,0.999838,1.000000,0.748030
val_cc,0.999837,1.000000,0.748237
val_cc,0.999837,1.000000,0.748652
val_cc,0.999837,1.000000,0.748859
val_cc,0.999837,1.000000,0.749274
val_cc,0.999837,1.000000,0.749482
val_cc,0.999836,1.000000,0.750104
val_cc,0.999836,1.000000,0.750311
val_cc,0.999835,1.000000,0.750518
val_cc,0.999835,1.000000,0.750726
val_cc,0.999835,1.000000,0.751141
val_cc,0.999835,1.000000,0.751555
val_cc,0.999834,1.000000,0.751763
val_cc,0.999833,1.000000,0.751970
val_cc,0.999833,1.000000,0.752178
val_cc,0.999832,1.000000,0.752592
val_cc,0.999832,1.000000,0.752800
val_cc,0.999832,1.000000,0.753007
val_cc,0.999832,1.000000,0.753214
val_cc,0.999832,1.000000,0.753422
val_cc,0.999831,1.000000,0.753837
val_cc,0.999831,1.000000,0.754044
val_cc,0.999831,1.000000,0.754251
val_cc,0.999831,1.000000,0.754459
val_cc,0.999831,1.000000,0.754873
val_cc,0.999830,1.000000,0.755081
val_cc,0.999830,1.000000,0.755288
val_cc,0.999830,1.000000,0.755496
val_cc,0.999829,1.000000,0.755703
val_cc,0.999829,1.000000,0.755910
val_cc,0.999829,1.000000,0.756118
val_cc,0.999829,1.000000,0.756325
val_cc,0.999829,1.000000,0.756533
val_cc,0.999829,1.000000,0.756740
val_cc,0.999829,1.000000,0.756947
val_cc,0.999828,1.000000,0.757155
val_cc,0.999828,1.000000,0.757362
val_cc,0.999828,1.000000,0.757569
val_cc,0.999827,1.000000,0.757984
val_cc,0.999827,1.000000,0.758192
val_cc,0.999827,1.000000,0.758399
val_cc,0.999827,1.000000,0.758606
val_cc,0.999826,1.000000,0.758814
val_cc,0.999826,1.000000,0.759021
val_cc,0.999825,1.000000,0.759229
val_cc,0.999825,1.000000,0.759436
val_cc,0.999825,1.000000,0.759851
val_cc,0.999824,1.000000,0.760058
val_cc,0.999823,1.000000,0.760265
val_cc,0.999823,1.000000,0.760473
val_cc,0.999823,1.000000,0.760680
val_cc,0.999822,1.000000,0.760888
val_cc,0.999822,1.000000,0.761095
val_cc,0.999822,1.000000,0.761302
val_cc,0.999822,1.000000,0.761510
val_cc,0.999822,1.000000,0.761717
val_cc,0.999821,1.000000,0.761925
val_cc,0.999821,1.000000,0.762132
val_cc,0.999821,1.000000,0.762547
val_cc,0.999821,1.000000,0.762754
val_cc,0.999820,1.000000,0.762961
val_cc,0.999819,1.000000,0.763169
val_cc,0.999819,1.000000,0.763584
val_cc,0.999819,1.000000,0.763791
val_cc,0.999818,1.000000,0.764620
val_cc,0.999818,1.000000,0.764828
val_cc,0.999818,1.000000,0.765035
val_cc,0.999817,1.000000,0.765243
val_cc,0.999817,1.000000,0.765450
val_cc,0.999816,1.000000,0.765865
val_cc,0.999816,1.000000,0.766280
val_cc,0.999815,1.000000,0.766487
val_cc,0.999815,1.000000,0.766694
val_cc,0.999815,1.000000,0.766902
val_cc,0.999814,1.000000,0.767109
val_cc,0.999814,1.000000,0.767316
val_cc,0.999813,1.000000,0.767524
val_cc,0.999813,1.000000,0.767939
val_cc,0.999813,1.000000,0.768146
val_cc,0.999812,1.000000,0.768561
val_cc,0.999812,1.000000,0.768768
val_cc,0.999812,1.000000,0.769183
val_cc,0.999812,1.000000,0.769390
val_cc,0.999811,1.000000,0.770012
val_cc,0.999811,1.000000,0.770220
val_cc,0.999811,1.000000,0.770427
val_cc,0.999810,1.000000,0.770635
val_cc,0.999810,1.000000,0.770842
val_cc,0.999809,1.000000,0.771049
val_cc,0.999809,1.000000,0.771464
val_cc,0.999809,1.000000,0.771672
val_cc,0.999808,1.000000,0.771879
val_cc,0.999808,1.000000,0.772086
val_cc,0.999808,1.000000,0.772501
val_cc,0.999808,1.000000,0.772708
val_cc,0.999807,1.000000,0.772916
val_cc,0.999807,1.000000,0.773123
val_cc,0.999807,1.000000,0.773331
val_cc,0.999807,1.000000,0.773538
val_cc,0.999807,1.000000,0.773745
val_cc,0.999807,1.000000,0.773953
val_cc,0.999806,1.000000,0.774160
val_cc,0.999806,1.000000,0.774367
val_cc,0.999806,1.000000,0.774575
val_cc,0.999805,1.000000,0.774782
val_cc,0.999805,1.000000,0.774990
val_cc,0.999805,1.000000,0.775404
val_cc,0.999804,1.000000,0.775612
val_cc,0.999804,1.000000,0.775819
val_cc,0.999803,1.000000,0.776027
val_cc,0.999803,1.000000,0.776441
val_cc,0.999802,1.000000,0.776649
val_cc,0.999802,1.000000,0.776856
val_cc,0.999802,1.000000,0.777063
val_cc,0.999801,1.000000,0.777271
val_cc,0.999801,1.000000,0.777478
val_cc,0.999800,1.000000,0.777686
val_cc,0.999800,1.000000,0.777893
val_cc,0.999799,1.000000,0.778308
val_cc,0.999798,1.000000,0.778515
val_cc,0.999798,1.000000,0.778723
val_cc,0.999798,1.000000,0.779552
val_cc,0.999797,1.000000,0.779759
val_cc,0.999797,1.000000,0.779967
val_cc,0.999797,1.000000,0.780174
val_cc,0.999797,1.000000,0.780382
val_cc,0.999797,1.000000,0.780589
val_cc,0.999796,1.000000,0.780796
val_cc,0.999796,1.000000,0.781004
val_cc,0.999796,1.000000,0.781211
val_cc,0.999796,1.000000,0.781418
val_cc,0.999795,1.000000,0.781626
val_cc,0.999795,1.000000,0.781833
val_cc,0.999794,1.000000,0.782041
val_cc,0.999794,1.000000,0.782455
val_cc,0.999794,1.000000,0.782663
val_cc,0.999794,1.000000,0.782870
val_cc,0.999794,1.000000,0.783078
val_cc,0.999793,1.000000,0.783285
val_cc,0.999792,1.000000,0.783492
val_cc,0.999791,1.000000,0.783700
val_cc,0.999791,1.000000,0.783907
val_cc,0.999790,1.000000,0.784114
val_cc,0.999789,1.000000,0.784322
val_cc,0.999789,1.000000,0.784529
val_cc,0.999788,1.000000,0.784737
val_cc,0.999788,1.000000,0.784944
val_cc,0.999788,1.000000,0.785151
val_cc,0.999787,1.000000,0.785359
val_cc,0.999787,1.000000,0.785566
val_cc,0.999787,1.000000,0.785774
val_cc,0.999787,1.000000,0.785981
val_cc,0.999787,1.000000,0.786188
val_cc,0.999786,1.000000,0.786396
val_cc,0.999786,1.000000,0.786603
val_cc,0.999786,1.000000,0.786810
val_cc,0.999785,1.000000,0.787018
val_cc,0.999784,1.000000,0.787225
val_cc,0.999784,1.000000,0.787433
val_cc,0.999784,1.000000,0.787640
val_cc,0.999784,1.000000,0.787847
val_cc,0.999784,1.000000,0.788055
val_cc,0.999783,1.000000,0.788262
val_cc,0.999783,1.000000,0.788677
val_cc,0.999782,1.000000,0.788884
val_cc,0.999782,1.000000,0.789092
val_cc,0.999780,1.000000,0.789299
val_cc,0.999780,1.000000,0.789506
val_cc,0.999780,1.000000,0.789714
val_cc,0.999780,1.000000,0.789921
val_cc,0.999779,1.000000,0.790129
val_cc,0.999779,1.000000,0.790543
val_cc,0.999778,1.000000,0.791165
val_cc,0.999778,1.000000,0.791373
val_cc,0.999778,1.000000,0.791788
val_cc,0.999777,1.000000,0.791995
val_cc,0.999777,1.000000,0.792202
val_cc,0.999777,1.000000,0.792410
val_cc,0.999777,1.000000,0.792617
val_cc,0.999776,1.000000,0.792825
val_cc,0.999776,1.000000,0.793032
val_cc,0.999775,1.000000,0.793239
val_cc,0.999775,1.000000,0.793447
val_cc,0.999775,1.000000,0.793654
val_cc,0.999774,1.000000,0.793861
val_cc,0.999773,1.000000,0.794276
val_cc,0.999773,1.000000,0.794484
val_cc,0.999773,1.000000,0.794691
val_cc,0.999772,1.000000,0.794898
val_cc,0.999772,1.000000,0.795106
val_cc,0.999771,1.000000,0.795313
val_cc,0.999770,1.000000,0.795521
val_cc,0.999770,1.000000,0.795728
val_cc,0.999770,1.000000,0.795935
val_cc,0.999770,1.000000,0.796143
val_cc,0.999769,1.000000,0.796350
val_cc,0.999769,1.000000,0.796557
val_cc,0.999768,1.000000,0.796765
val_cc,0.999768,1.000000,0.796972
val_cc,0.999768,1.000000,0.797180
val_cc,0.999767,1.000000,0.797387
val_cc,0.999767,1.000000,0.797594
val_cc,0.999767,1.000000,0.797802
val_cc,0.999766,1.000000,0.798217
val_cc,0.999766,1.000000,0.798424
val_cc,0.999765,1.000000,0.798631
val_cc,0.999764,1.000000,0.798839
val_cc,0.999763,1.000000,0.799046
val_cc,0.999763,1.000000,0.799253
val_cc,0.999761,1.000000,0.799461
val_cc,0.999760,1.000000,0.799876
val_cc,0.999760,1.000000,0.800290
val_cc,0.999759,1.000000,0.800498
val_cc,0.999759,0.999741,0.801120
val_cc,0.999759,0.999741,0.801327
val_cc,0.999759,0.999741,0.801535
val_cc,0.999758,0.999741,0.801742
val_cc,0.999758,0.999741,0.801949
val_cc,0.999757,0.999742,0.802157
val_cc,0.999757,0.999742,0.802364
val_cc,0.999757,0.999742,0.802572
val_cc,0.999757,0.999742,0.803194
val_cc,0.999756,0.999742,0.803401
val_cc,0.999756,0.999742,0.803608
val_cc,0.999755,0.999742,0.803816
val_cc,0.999755,0.999742,0.804023
val_cc,0.999754,0.999742,0.804231
val_cc,0.999754,0.999742,0.804438
val_cc,0.999753,0.999742,0.804645
val_cc,0.999753,0.999742,0.805060
val_cc,0.999752,0.999743,0.805268
val_cc,0.999752,0.999743,0.805475
val_cc,0.999752,0.999743,0.805682
val_cc,0.999752,0.999743,0.805890
val_cc,0.999751,0.999743,0.806097
val_cc,0.999751,0.999743,0.806304
val_cc,0.999751,0.999743,0.806512
val_cc,0.999750,0.999743,0.806719
val_cc,0.999749,0.999743,0.806927
val_cc,0.999749,0.999743,0.807341
val_cc,0.999748,0.999743,0.807549
val_cc,0.999748,0.999743,0.807756
val_cc,0.999748,0.999743,0.807964
val_cc,0.999748,0.999743,0.808171
val_cc,0.999748,0.999744,0.808378
val_cc,0.999747,0.999744,0.808586
val_cc,0.999746,0.999744,0.808793
val_cc,0.999746,0.999744,0.809000
val_cc,0.999745,0.999744,0.809208
val_cc,0.999744,0.999744,0.809415
val_cc,0.999744,0.999744,0.809623
val_cc,0.999744,0.999744,0.809830
val_cc,0.999743,0.999744,0.810037
val_cc,0.999743,0.999744,0.810245
val_cc,0.999743,0.999744,0.810452
val_cc,0.999742,0.999744,0.810659
val_cc,0.999742,0.999744,0.810867
val_cc,0.999742,0.999744,0.811074
val_cc,0.999741,0.999744,0.811282
val_cc,0.999741,0.999745,0.811489
val_cc,0.999740,0.999745,0.811696
val_cc,0.999739,0.999745,0.811904
val_cc,0.999739,0.999745,0.812319
val_cc,0.999739,0.999745,0.812526
val_cc,0.999739,0.999745,0.812733
val_cc,0.999738,0.999745,0.812941
val_cc,0.999737,0.999745,0.813148
val_cc,0.999737,0.999745,0.813563
val_cc,0.999737,0.999745,0.813978
val_cc,0.999737,0.999745,0.814185
val_cc,0.999736,0.999745,0.814392
val_cc,0.999736,0.999745,0.814600
val_cc,0.999736,0.999746,0.814807
val_cc,0.999734,0.999746,0.815015
val_cc,0.999734,0.999746,0.815222
val_cc,0.999733,0.999746,0.815429
val_cc,0.999733,0.999746,0.815637
val_cc,0.999732,0.999746,0.815844
val_cc,0.999732,0.999746,0.816259
val_cc,0.999731,0.999746,0.816466
val_cc,0.999730,0.999746,0.816674
val_cc,0.999730,0.999746,0.817296
val_cc,0.999730,0.999746,0.817503
val_cc,0.999728,0.999746,0.817710
val_cc,0.999727,0.999747,0.818125
val_cc,0.999726,0.999747,0.818333
val_cc,0.999726,0.999747,0.818540
val_cc,0.999725,0.999747,0.818747
val_cc,0.999725,0.999747,0.819162
val_cc,0.999725,0.999747,0.819370
val_cc,0.999725,0.999747,0.819784
val_cc,0.999724,0.999747,0.819992
val_cc,0.999723,0.999747,0.820199
val_cc,0.999722,0.999747,0.820406
val_cc,0.999722,0.999747,0.820614
val_cc,0.999721,0.999747,0.820821
val_cc,0.999721,0.999747,0.821029
val_cc,0.999721,0.999748,0.821236
val_cc,0.999721,0.999748,0.821443
val_cc,0.999720,0.999748,0.821651
val_cc,0.999720,0.999748,0.821858
val_cc,0.999718,0.999748,0.822066
val_cc,0.999718,0.999748,0.822273
val_cc,0.999717,0.999748,0.822688
val_cc,0.999716,0.999748,0.823102
val_cc,0.999716,0.999748,0.823310
val_cc,0.999716,0.999748,0.823517
val_cc,0.999715,0.999748,0.823725
val_cc,0.999714,0.999748,0.823932
val_cc,0.999714,0.999748,0.824139
val_cc,0.999713,0.999748,0.824347
val_cc,0.999713,0.999749,0.824554
val_cc,0.999712,0.999749,0.824762
val_cc,0.999712,0.999749,0.824969
val_cc,0.999711,0.999749,0.825176
val_cc,0.999711,0.999749,0.825384
val_cc,0.999711,0.999749,0.825591
val_cc,0.999709,0.999749,0.825798
val_cc,0.999708,0.999749,0.826006
val_cc,0.999708,0.999749,0.826421
val_cc,0.999707,0.999749,0.826628
val_cc,0.999706,0.999749,0.826835
val_cc,0.999706,0.999749,0.827043
val_cc,0.999705,0.999749,0.827250
val_cc,0.999705,0.999749,0.827457
val_cc,0.999705,0.999749,0.827665
val_cc,0.999704,0.999750,0.827872
val_cc,0.999703,0.999750,0.828080
val_cc,0.999703,0.999750,0.828287
val_cc,0.999703,0.999750,0.828494
val_cc,0.999702,0.999750,0.828702
val_cc,0.999702,0.999750,0.828909
val_cc,0.999701,0.999750,0.829117
val_cc,0.999700,0.999750,0.829324
val_cc,0.999700,0.999750,0.829531
val_cc,0.999700,0.999750,0.829739
val_cc,0.999699,0.999750,0.829946
val_cc,0.999699,0.999750,0.830153
val_cc,0.999699,0.999750,0.830361
val_cc,0.999699,0.999750,0.830568
val_cc,0.999698,0.999750,0.830983
val_cc,0.999698,0.999751,0.831190
val_cc,0.999697,0.999751,0.831398
val_cc,0.999696,0.999751,0.831605
val_cc,0.999695,0.999751,0.831813
val_cc,0.999695,0.999751,0.832020
val_cc,0.999695,0.999751,0.832227
val_cc,0.999694,0.999751,0.832435
val_cc,0.999694,0.999751,0.832642
val_cc,0.999694,0.999751,0.832849
val_cc,0.999693,0.999751,0.833057
val_cc,0.999691,0.999751,0.833264
val_cc,0.999691,0.999751,0.833472
val_cc,0.999690,0.999751,0.833679
val_cc,0.999688,0.999751,0.833886
val_cc,0.999687,0.999751,0.834094
val_cc,0.999687,0.999751,0.834301
val_cc,0.999686,0.999752,0.834716
val_cc,0.999686,0.999752,0.834923
val_cc,0.999685,0.999752,0.835131
val_cc,0.999683,0.999752,0.835338
val_cc,0.999683,0.999752,0.835545
val_cc,0.999683,0.999752,0.835753
val_cc,0.999682,0.999752,0.836375
val_cc,0.999682,0.999752,0.836582
val_cc,0.999681,0.999752,0.836790
val_cc,0.999680,0.999752,0.836997
val_cc,0.999678,0.999752,0.837412
val_cc,0.999678,0.999752,0.837619
val_cc,0.999677,0.999753,0.837827
val_cc,0.999677,0.999753,0.838034
val_cc,0.999676,0.999753,0.838449
val_cc,0.999675,0.999753,0.838656
val_cc,0.999674,0.999753,0.839071
val_cc,0.999672,0.999753,0.839486
val_cc,0.999671,0.999753,0.839693
val_cc,0.999671,0.999753,0.839900
val_cc,0.999670,0.999753,0.840108
val_cc,0.999670,0.999753,0.840315
val_cc,0.999667,0.999753,0.840523
val_cc,0.999666,0.999753,0.840730
val_cc,0.999665,0.999753,0.840937
val_cc,0.999663,0.999754,0.841145
val_cc,0.999661,0.999754,0.841352
val_cc,0.999660,0.999754,0.841560
val_cc,0.999660,0.999754,0.841974
val_cc,0.999659,0.999754,0.842182
val_cc,0.999657,0.999754,0.842389
val_cc,0.999657,0.999754,0.842596
val_cc,0.999655,0.999754,0.842804
val_cc,0.999654,0.999754,0.843011
val_cc,0.999653,0.999754,0.843219
val_cc,0.999653,0.999754,0.843426
val_cc,0.999653,0.999754,0.843633
val_cc,0.999651,0.999754,0.844255
val_cc,0.999651,0.999754,0.844463
val_cc,0.999650,0.999755,0.844670
val_cc,0.999650,0.999755,0.844878
val_cc,0.999649,0.999755,0.845085
val_cc,0.999647,0.999755,0.845292
val_cc,0.999647,0.999755,0.845707
val_cc,0.999644,0.999755,0.845915
val_cc,0.999644,0.999755,0.846122
val_cc,0.999643,0.999755,0.846329
val_cc,0.999643,0.999755,0.846537
val_cc,0.999642,0.999755,0.846744
val_cc,0.999642,0.999755,0.847159
val_cc,0.999642,0.999755,0.847366
val_cc,0.999641,0.999755,0.847574
val_cc,0.999641,0.999755,0.847781
val_cc,0.999641,0.999756,0.847988
val_cc,0.999640,0.999756,0.848196
val_cc,0.999640,0.999756,0.848403
val_cc,0.999640,0.999756,0.848611
val_cc,0.999639,0.999756,0.848818
val_cc,0.999639,0.999756,0.849025
val_cc,0.999638,0.999756,0.849233
val_cc,0.999636,0.999756,0.849440
val_cc,0.999635,0.999756,0.849647
val_cc,0.999634,0.999756,0.850062
val_cc,0.999633,0.999756,0.850270
val_cc,0.999633,0.999756,0.850477
val_cc,0.999632,0.999756,0.850684
val_cc,0.999630,0.999756,0.850892
val_cc,0.999630,0.999756,0.851099
val_cc,0.999629,0.999756,0.851307
val_cc,0.999629,0.999757,0.851514
val_cc,0.999626,0.999757,0.851721
val_cc,0.999624,0.999757,0.851929
val_cc,0.999623,0.999757,0.852136
val_cc,0.999623,0.999757,0.852343
val_cc,0.999623,0.999757,0.852551
val_cc,0.999622,0.999757,0.852758
val_cc,0.999620,0.999757,0.852966
val_cc,0.999619,0.999757,0.853173
val_cc,0.999618,0.999757,0.853380
val_cc,0.999618,0.999757,0.853588
val_cc,0.999615,0.999757,0.853795
val_cc,0.999615,0.999757,0.854002
val_cc,0.999613,0.999757,0.854210
val_cc,0.999612,0.999757,0.854417
val_cc,0.999612,0.999757,0.854625
val_cc,0.999610,0.999757,0.854832
val_cc,0.999610,0.999758,0.855039
val_cc,0.999607,0.999758,0.855247
val_cc,0.999606,0.999758,0.855454
val_cc,0.999603,0.999758,0.855662
val_cc,0.999603,0.999758,0.855869
val_cc,0.999602,0.999758,0.856076
val_cc,0.999602,0.999758,0.856284
val_cc,0.999599,0.999758,0.856491
val_cc,0.999599,0.999758,0.856698
val_cc,0.999597,0.999758,0.856906
val_cc,0.999597,0.999758,0.857113
val_cc,0.999596,0.999758,0.857321
val_cc,0.999596,0.999758,0.857528
val_cc,0.999595,0.999758,0.857735
val_cc,0.999595,0.999758,0.857943
val_cc,0.999595,0.999758,0.858150
val_cc,0.999595,0.999758,0.858358
val_cc,0.999594,0.999759,0.858565
val_cc,0.999594,0.999759,0.858772
val_cc,0.999591,0.999759,0.858980
val_cc,0.999590,0.999759,0.859394
val_cc,0.999589,0.999759,0.859602
val_cc,0.999588,0.999759,0.859809
val_cc,0.999587,0.999759,0.860017
val_cc,0.999584,0.999759,0.860224
val_cc,0.999584,0.999759,0.860431
val_cc,0.999583,0.999759,0.860846
val_cc,0.999581,0.999759,0.861054
val_cc,0.999580,0.999759,0.861261
val_cc,0.999580,0.999759,0.861468
val_cc,0.999578,0.999759,0.861676
val_cc,0.999578,0.999759,0.861883
val_cc,0.999577,0.999759,0.862090
val_cc,0.999576,0.999760,0.862298
val_cc,0.999575,0.999760,0.862505
val_cc,0.999575,0.999760,0.862713
val_cc,0.999575,0.999760,0.862920
val_cc,0.999574,0.999760,0.863127
val_cc,0.999571,0.999760,0.863335
val_cc,0.999570,0.999760,0.863542
val_cc,0.999568,0.999760,0.863749
val_cc,0.999567,0.999760,0.863957
val_cc,0.999566,0.999760,0.864164
val_cc,0.999566,0.999760,0.864372
val_cc,0.999565,0.999760,0.864579
val_cc,0.999565,0.999760,0.864786
val_cc,0.999564,0.999760,0.864994
val_cc,0.999561,0.999760,0.865201
val_cc,0.999561,0.999760,0.865409
val_cc,0.999559,0.999760,0.865616
val_cc,0.999554,0.999761,0.866031
val_cc,0.999553,0.999761,0.866238
val_cc,0.999553,0.999761,0.866445
val_cc,0.999551,0.999761,0.866653
val_cc,0.999550,0.999761,0.867068
val_cc,0.999548,0.999761,0.867275
val_cc,0.999548,0.999761,0.867482
val_cc,0.999547,0.999761,0.867690
val_cc,0.999545,0.999761,0.867897
val_cc,0.999545,0.999761,0.868105
val_cc,0.999544,0.999761,0.868312
val_cc,0.999544,0.999761,0.868519
val_cc,0.999544,0.999761,0.868727
val_cc,0.999543,0.999761,0.868934
val_cc,0.999542,0.999761,0.869141
val_cc,0.999541,0.999762,0.869349
val_cc,0.999541,0.999762,0.869556
val_cc,0.999540,0.999762,0.869764
val_cc,0.999539,0.999762,0.869971
val_cc,0.999537,0.999762,0.870178
val_cc,0.999532,0.999762,0.870386
val_cc,0.999532,0.999762,0.870800
val_cc,0.999528,0.999762,0.871008
val_cc,0.999526,0.999762,0.871215
val_cc,0.999525,0.999762,0.871423
val_cc,0.999523,0.999762,0.871630
val_cc,0.999523,0.999762,0.871837
val_cc,0.999522,0.999762,0.872045
val_cc,0.999521,0.999762,0.872252
val_cc,0.999520,0.999762,0.872460
val_cc,0.999520,0.999762,0.872667
val_cc,0.999520,0.999762,0.872874
val_cc,0.999518,0.999763,0.873082
val_cc,0.999518,0.999763,0.873289
val_cc,0.999517,0.999763,0.873496
val_cc,0.999516,0.999763,0.873704
val_cc,0.999515,0.999763,0.873911
val_cc,0.999515,0.999763,0.874119
val_cc,0.999512,0.999763,0.874326
val_cc,0.999511,0.999763,0.874533
val_cc,0.999506,0.999763,0.874741
val_cc,0.999504,0.999763,0.874948
val_cc,0.999503,0.999763,0.875156
val_cc,0.999501,0.999763,0.875570
val_cc,0.999500,0.999763,0.875778
val_cc,0.999499,0.999763,0.875985
val_cc,0.999496,0.999763,0.876192
val_cc,0.999496,0.999763,0.876400
val_cc,0.999495,0.999763,0.876607
val_cc,0.999495,0.999764,0.876815
val_cc,0.999495,0.999764,0.877022
val_cc,0.999494,0.999764,0.877229
val_cc,0.999494,0.999764,0.877437
val_cc,0.999494,0.999764,0.877644
val_cc,0.999490,0.999764,0.877852
val_cc,0.999490,0.999764,0.878059
val_cc,0.999490,0.999764,0.878266
val_cc,0.999489,0.999764,0.878474
val_cc,0.999488,0.999764,0.878681
val_cc,0.999485,0.999764,0.879096
val_cc,0.999477,0.999764,0.879303
val_cc,0.999476,0.999764,0.879511
val_cc,0.999475,0.999764,0.879925
val_cc,0.999475,0.999764,0.880133
val_cc,0.999474,0.999764,0.880340
val_cc,0.999474,0.999765,0.880547
val_cc,0.999471,0.999765,0.880755
val_cc,0.999462,0.999765,0.880962
val_cc,0.999458,0.999765,0.881170
val_cc,0.999453,0.999765,0.881377
val_cc,0.999453,0.999765,0.881584
val_cc,0.999452,0.999765,0.881792
val_cc,0.999451,0.999765,0.881999
val_cc,0.999448,0.999765,0.882207
val_cc,0.999447,0.999765,0.882414
val_cc,0.999446,0.999765,0.882621
val_cc,0.999446,0.999765,0.882829
val_cc,0.999440,0.999765,0.883036
val_cc,0.999439,0.999765,0.883243
val_cc,0.999435,0.999765,0.883451
val_cc,0.999435,0.999765,0.883658
val_cc,0.999435,0.999765,0.883866
val_cc,0.999432,0.999765,0.884073
val_cc,0.999432,0.999766,0.884280
val_cc,0.999431,0.999766,0.884488
val_cc,0.999431,0.999766,0.884695
val_cc,0.999430,0.999766,0.884903
val_cc,0.999428,0.999766,0.885110
val_cc,0.999428,0.999766,0.885317
val_cc,0.999427,0.999766,0.885525
val_cc,0.999427,0.999766,0.885732
val_cc,0.999423,0.999766,0.885939
val_cc,0.999419,0.999766,0.886147
val_cc,0.999419,0.999766,0.886562
val_cc,0.999418,0.999766,0.886769
val_cc,0.999417,0.999766,0.886976
val_cc,0.999416,0.999766,0.887184
val_cc,0.999415,0.999766,0.887391
val_cc,0.999415,0.999766,0.887599
val_cc,0.999413,0.999766,0.887806
val_cc,0.999411,0.999767,0.888013
val_cc,0.999410,0.999767,0.888221
val_cc,0.999408,0.999533,0.888221
val_cc,0.999407,0.999533,0.888428
val_cc,0.999403,0.999533,0.888635
val_cc,0.999401,0.999534,0.888843
val_cc,0.999399,0.999534,0.889050
val_cc,0.999398,0.999534,0.889258
val_cc,0.999398,0.999534,0.889465
val_cc,0.999397,0.999534,0.889880
val_cc,0.999395,0.999534,0.890087
val_cc,0.999388,0.999534,0.890294
val_cc,0.999382,0.999534,0.890502
val_cc,0.999380,0.999535,0.890709
val_cc,0.999380,0.999535,0.890917
val_cc,0.999377,0.999535,0.891124
val_cc,0.999374,0.999535,0.891331
val_cc,0.999371,0.999535,0.891539
val_cc,0.999369,0.999535,0.891746
val_cc,0.999369,0.999535,0.891954
val_cc,0.999368,0.999535,0.892161
val_cc,0.999368,0.999535,0.892368
val_cc,0.999367,0.999536,0.892576
val_cc,0.999365,0.999536,0.892783
val_cc,0.999361,0.999536,0.892990
val_cc,0.999358,0.999536,0.893198
val_cc,0.999357,0.999536,0.893405
val_cc,0.999356,0.999536,0.893613
val_cc,0.999355,0.999536,0.894027
val_cc,0.999350,0.999536,0.894235
val_cc,0.999350,0.999537,0.894650
val_cc,0.999350,0.999537,0.894857
val_cc,0.999348,0.999537,0.895064
val_cc,0.999345,0.999537,0.895272
val_cc,0.999345,0.999537,0.895479
val_cc,0.999344,0.999537,0.895686
val_cc,0.999343,0.999537,0.895894
val_cc,0.999342,0.999537,0.896101
val_cc,0.999340,0.999537,0.896309
val_cc,0.999338,0.999538,0.896516
val_cc,0.999337,0.999538,0.896723
val_cc,0.999337,0.999538,0.896931
val_cc,0.999336,0.999538,0.897138
val_cc,0.999332,0.999538,0.897345
val_cc,0.999329,0.999538,0.897553
val_cc,0.999328,0.999538,0.897760
val_cc,0.999326,0.999538,0.897968
val_cc,0.999326,0.999538,0.898175
val_cc,0.999324,0.999539,0.898382
val_cc,0.999321,0.999539,0.898590
val_cc,0.999321,0.999539,0.898797
val_cc,0.999319,0.999539,0.899005
val_cc,0.999317,0.999539,0.899419
val_cc,0.999313,0.999539,0.899627
val_cc,0.999311,0.999539,0.899834
val_cc,0.999309,0.999539,0.900041
val_cc,0.999306,0.999539,0.900249
val_cc,0.999303,0.999540,0.900456
val_cc,0.999302,0.999540,0.900664
val_cc,0.999300,0.999540,0.900871
val_cc,0.999295,0.999540,0.901078
val_cc,0.999293,0.999540,0.901286
val_cc,0.999292,0.999540,0.901493
val_cc,0.999291,0.999540,0.901701
val_cc,0.999288,0.999540,0.901908
val_cc,0.999286,0.999540,0.902115
val_cc,0.999284,0.999541,0.902323
val_cc,0.999282,0.999541,0.902530
val_cc,0.999281,0.999541,0.902737
val_cc,0.999280,0.999541,0.902945
val_cc,0.999279,0.999541,0.903152
val_cc,0.999278,0.999541,0.903360
val_cc,0.999276,0.999541,0.903567
val_cc,0.999273,0.999541,0.903774
val_cc,0.999272,0.999541,0.903982
val_cc,0.999264,0.999541,0.904189
val_cc,0.999260,0.999542,0.904397
val_cc,0.999257,0.999542,0.904604
val_cc,0.999253,0.999542,0.904811
val_cc,0.999252,0.999542,0.905019
val_cc,0.999251,0.999542,0.905226
val_cc,0.999249,0.999542,0.905433
val_cc,0.999248,0.999542,0.905848
val_cc,0.999246,0.999542,0.906056
val_cc,0.999240,0.999543,0.906263
val_cc,0.999240,0.999543,0.906470
val_cc,0.999239,0.999543,0.906678
val_cc,0.999238,0.999543,0.906885
val_cc,0.999231,0.999543,0.907092
val_cc,0.999230,0.999543,0.907300
val_cc,0.999229,0.999543,0.907507
val_cc,0.999229,0.999543,0.907715
val_cc,0.999228,0.999543,0.907922
val_cc,0.999228,0.999543,0.908129
val_cc,0.999224,0.999544,0.908337
val_cc,0.999220,0.999544,0.908544
val_cc,0.999216,0.999544,0.908752
val_cc,0.999212,0.999544,0.908959
val_cc,0.999210,0.999544,0.909166
val_cc,0.999210,0.999544,0.909374
val_cc,0.999201,0.999544,0.909581
val_cc,0.999201,0.999544,0.909788
val_cc,0.999196,0.999544,0.909996
val_cc,0.999195,0.999545,0.910203
val_cc,0.999188,0.999545,0.910411
val_cc,0.999186,0.999545,0.910618
val_cc,0.999184,0.999545,0.910825
val_cc,0.999181,0.999545,0.911033
val_cc,0.999177,0.999545,0.911240
val_cc,0.999174,0.999545,0.911448
val_cc,0.999152,0.999545,0.911655
val_cc,0.999150,0.999545,0.911862
val_cc,0.999149,0.999545,0.912070
val_cc,0.999143,0.999546,0.912277
val_cc,0.999142,0.999546,0.912484
val_cc,0.999136,0.999546,0.912692
val_cc,0.999136,0.999546,0.912899
val_cc,0.999133,0.999546,0.913107
val_cc,0.999132,0.999546,0.913314
val_cc,0.999127,0.999546,0.913521
val_cc,0.999125,0.999546,0.913729
val_cc,0.999124,0.999546,0.913936
val_cc,0.999122,0.999546,0.914144
val_cc,0.999117,0.999547,0.914351
val_cc,0.999116,0.999547,0.914558
val_cc,0.999110,0.999547,0.914766
val_cc,0.999109,0.999547,0.914973
val_cc,0.999107,0.999547,0.915180
val_cc,0.999106,0.999547,0.915388
val_cc,0.999102,0.999547,0.915595
val_cc,0.999102,0.999547,0.915803
val_cc,0.999099,0.999547,0.916010
val_cc,0.999098,0.999548,0.916217
val_cc,0.999097,0.999548,0.916425
val_cc,0.999096,0.999548,0.916632
val_cc,0.999089,0.999548,0.916839
val_cc,0.999087,0.999548,0.917047
val_cc,0.999084,0.999548,0.917254
val_cc,0.999083,0.999548,0.917462
val_cc,0.999074,0.999548,0.917669
val_cc,0.999070,0.999548,0.917876
val_cc,0.999068,0.999548,0.918084
val_cc,0.999060,0.999549,0.918291
val_cc,0.999056,0.999549,0.918499
val_cc,0.999054,0.999549,0.918706
val_cc,0.999050,0.999549,0.918913
val_cc,0.999046,0.999549,0.919121
val_cc,0.999039,0.999549,0.919328
val_cc,0.999030,0.999549,0.919535
val_cc,0.999025,0.999549,0.919743
val_cc,0.999019,0.999549,0.919950
val_cc,0.999019,0.999549,0.920158
val_cc,0.999001,0.999550,0.920365
val_cc,0.999001,0.999550,0.920572
val_cc,0.998999,0.999550,0.920780
val_cc,0.998998,0.999550,0.920987
val_cc,0.998997,0.999550,0.921195
val_cc,0.998995,0.999550,0.921402
val_cc,0.998994,0.999550,0.921609
val_cc,0.998992,0.999550,0.921817
val_cc,0.998986,0.999550,0.922024
val_cc,0.998985,0.999550,0.922231
val_cc,0.998981,0.999551,0.922439
val_cc,0.998980,0.999551,0.922646
val_cc,0.998969,0.999551,0.922854
val_cc,0.998963,0.999551,0.923061
val_cc,0.998961,0.999551,0.923268
val_cc,0.998955,0.999551,0.923476
val_cc,0.998949,0.999551,0.923683
val_cc,0.998948,0.999551,0.923891
val_cc,0.998944,0.999551,0.924098
val_cc,0.998943,0.999327,0.924098
val_cc,0.998933,0.999327,0.924305
val_cc,0.998930,0.999328,0.924513
val_cc,0.998926,0.999328,0.924720
val_cc,0.998919,0.999328,0.924927
val_cc,0.998911,0.999328,0.925135
val_cc,0.998909,0.999328,0.925342
val_cc,0.998909,0.999328,0.925550
val_cc,0.998908,0.999328,0.925757
val_cc,0.998908,0.999329,0.925964
val_cc,0.998907,0.999329,0.926172
val_cc,0.998905,0.999329,0.926379
val_cc,0.998904,0.999329,0.926586
val_cc,0.998897,0.999329,0.926794
val_cc,0.998895,0.999329,0.927001
val_cc,0.998889,0.999329,0.927209
val_cc,0.998881,0.999330,0.927416
val_cc,0.998879,0.999330,0.927623
val_cc,0.998878,0.999330,0.927831
val_cc,0.998871,0.999330,0.928038
val_cc,0.998862,0.999330,0.928246
val_cc,0.998857,0.999330,0.928453
val_cc,0.998854,0.999331,0.928660
val_cc,0.998845,0.999331,0.928868
val_cc,0.998844,0.999331,0.929075
val_cc,0.998806,0.999331,0.929282
val_cc,0.998794,0.999331,0.929490
val_cc,0.998792,0.999331,0.929697
val_cc,0.998789,0.999331,0.929905
val_cc,0.998773,0.999332,0.930112
val_cc,0.998768,0.999332,0.930319
val_cc,0.998758,0.999332,0.930527
val_cc,0.998749,0.999332,0.930734
val_cc,0.998744,0.999332,0.930942
val_cc,0.998728,0.999332,0.931149
val_cc,0.998728,0.999332,0.931356
val_cc,0.998717,0.999333,0.931564
val_cc,0.998707,0.999333,0.931771
val_cc,0.998702,0.999333,0.931978
val_cc,0.998696,0.999333,0.932186
val_cc,0.998691,0.999333,0.932393
val_cc,0.998686,0.999333,0.932601
val_cc,0.998684,0.999333,0.932808
val_cc,0.998682,0.999334,0.933015
val_cc,0.998679,0.999334,0.933223
val_cc,0.998677,0.999334,0.933430
val_cc,0.998668,0.999334,0.933637
val_cc,0.998665,0.999334,0.933845
val_cc,0.998647,0.999334,0.934052
val_cc,0.998639,0.999335,0.934260
val_cc,0.998634,0.999335,0.934467
val_cc,0.998632,0.999335,0.934674
val_cc,0.998626,0.999335,0.934882
val_cc,0.998625,0.999335,0.935089
val_cc,0.998617,0.999335,0.935297
val_cc,0.998611,0.999335,0.935504
val_cc,0.998610,0.999336,0.935711
val_cc,0.998607,0.999336,0.935919
val_cc,0.998603,0.999336,0.936126
val_cc,0.998598,0.999336,0.936333
val_cc,0.998595,0.999336,0.936541
val_cc,0.998595,0.999336,0.936748
val_cc,0.998582,0.999336,0.936956
val_cc,0.998582,0.999337,0.937163
val_cc,0.998582,0.999337,0.937370
val_cc,0.998567,0.999337,0.937578
val_cc,0.998543,0.999337,0.937785
val_cc,0.998536,0.999337,0.937993
val_cc,0.998514,0.999337,0.938200
val_cc,0.998509,0.999337,0.938407
val_cc,0.998496,0.999338,0.938615
val_cc,0.998481,0.999338,0.938822
val_cc,0.998466,0.999338,0.939029
val_cc,0.998455,0.999338,0.939237
val_cc,0.998451,0.999338,0.939444
val_cc,0.998442,0.999338,0.939652
val_cc,0.998438,0.999338,0.939859
val_cc,0.998438,0.999339,0.940066
val_cc,0.998420,0.999339,0.940274
val_cc,0.998391,0.999339,0.940481
val_cc,0.998391,0.999339,0.940689
val_cc,0.998359,0.999339,0.940896
val_cc,0.998352,0.999339,0.941103
val_cc,0.998348,0.999339,0.941311
val_cc,0.998340,0.999340,0.941518
val_cc,0.998315,0.999340,0.941725
val_cc,0.998302,0.999340,0.941933
val_cc,0.998288,0.999340,0.942140
val_cc,0.998282,0.999340,0.942348
val_cc,0.998281,0.999340,0.942555
val_cc,0.998279,0.999341,0.942762
val_cc,0.998277,0.999341,0.942970
val_cc,0.998264,0.999341,0.943177
val_cc,0.998250,0.999341,0.943384
val_cc,0.998238,0.999341,0.943592
val_cc,0.998226,0.999341,0.943799
val_cc,0.998218,0.999341,0.944007
val_cc,0.998208,0.999342,0.944214
val_cc,0.998202,0.999342,0.944421
val_cc,0.998179,0.999342,0.944629
val_cc,0.998174,0.999342,0.944836
val_cc,0.998171,0.999342,0.945044
val_cc,0.998170,0.999342,0.945251
val_cc,0.998170,0.999342,0.945458
val_cc,0.998161,0.999343,0.945666
val_cc,0.998159,0.999343,0.945873
val_cc,0.998146,0.999343,0.946080
val_cc,0.998135,0.999343,0.946288
val_cc,0.998125,0.999343,0.946495
val_cc,0.998122,0.999343,0.946703
val_cc,0.998121,0.999343,0.946910
val_cc,0.998118,0.999344,0.947117
val_cc,0.998111,0.999344,0.947325
val_cc,0.998098,0.999344,0.947532
val_cc,0.998089,0.999344,0.947740
val_cc,0.998085,0.999344,0.947947
val_cc,0.998085,0.999344,0.948154
val_cc,0.998083,0.999344,0.948362
val_cc,0.998061,0.999345,0.948569
val_cc,0.998056,0.999345,0.948776
val_cc,0.998052,0.999345,0.948984
val_cc,0.998041,0.999345,0.949191
val_cc,0.998039,0.999345,0.949399
val_cc,0.998022,0.999345,0.949606
val_cc,0.997987,0.999345,0.949813
val_cc,0.997934,0.999346,0.950021
val_cc,0.997928,0.999346,0.950228
val_cc,0.997881,0.999346,0.950436
val_cc,0.997878,0.999346,0.950643
val_cc,0.997832,0.999346,0.950850
val_cc,0.997824,0.999346,0.951058
val_cc,0.997822,0.999347,0.951472
val_cc,0.997812,0.999347,0.951680
val_cc,0.997811,0.999347,0.951887
val_cc,0.997803,0.999347,0.952095
val_cc,0.997798,0.999347,0.952302
val_cc,0.997789,0.999347,0.952509
val_cc,0.997784,0.999347,0.952717
val_cc,0.997770,0.999348,0.952924
val_cc,0.997759,0.999348,0.953131
val_cc,0.997751,0.999348,0.953339
val_cc,0.997742,0.999348,0.953546
val_cc,0.997729,0.999348,0.953754
val_cc,0.997721,0.999348,0.953961
val_cc,0.997714,0.999348,0.954168
val_cc,0.997693,0.999349,0.954376
val_cc,0.997666,0.999349,0.954583
val_cc,0.997633,0.999349,0.954791
val_cc,0.997629,0.999132,0.954791
val_cc,0.997625,0.999132,0.954998
val_cc,0.997583,0.999132,0.955205
val_cc,0.997578,0.999133,0.955413
val_cc,0.997509,0.999133,0.955620
val_cc,0.997496,0.999133,0.955827
val_cc,0.997477,0.999133,0.956035
val_cc,0.997476,0.999133,0.956242
val_cc,0.997468,0.999133,0.956450
val_cc,0.997338,0.999134,0.956657
val_cc,0.997325,0.999134,0.956864
val_cc,0.997321,0.999134,0.957072
val_cc,0.997309,0.999134,0.957279
val_cc,0.997284,0.999134,0.957487
val_cc,0.997275,0.999135,0.957694
val_cc,0.997258,0.999135,0.957901
val_cc,0.997258,0.999135,0.958109
val_cc,0.997220,0.999135,0.958316
val_cc,0.997122,0.999135,0.958523
val_cc,0.997052,0.999136,0.958731
val_cc,0.997033,0.999136,0.958938
val_cc,0.996999,0.999136,0.959146
val_cc,0.996977,0.999136,0.959353
val_cc,0.996961,0.999136,0.959560
val_cc,0.996922,0.999136,0.959768
val_cc,0.996917,0.999137,0.959975
val_cc,0.996860,0.999137,0.960182
val_cc,0.996836,0.999137,0.960390
val_cc,0.996791,0.999137,0.960597
val_cc,0.996788,0.999137,0.960805
val_cc,0.996773,0.999138,0.961012
val_cc,0.996703,0.999138,0.961219
val_cc,0.996682,0.999138,0.961427
val_cc,0.996608,0.999138,0.961634
val_cc,0.996599,0.999138,0.961842
val_cc,0.996588,0.999138,0.962049
val_cc,0.996566,0.999139,0.962256
val_cc,0.996557,0.999139,0.962464
val_cc,0.996477,0.999139,0.962671
val_cc,0.996437,0.999139,0.962878
val_cc,0.996413,0.999139,0.963086
val_cc,0.996407,0.999140,0.963293
val_cc,0.996379,0.999140,0.963501
val_cc,0.996341,0.999140,0.963708
val_cc,0.996317,0.999140,0.963915
val_cc,0.996278,0.999140,0.964123
val_cc,0.996231,0.999141,0.964330
val_cc,0.996213,0.999141,0.964538
val_cc,0.996067,0.999141,0.964745
val_cc,0.996052,0.999141,0.964952
val_cc,0.995997,0.999141,0.965160
val_cc,0.995945,0.999141,0.965367
val_cc,0.995911,0.999142,0.965574
val_cc,0.995877,0.999142,0.965782
val_cc,0.995853,0.999142,0.965989
val_cc,0.995852,0.999142,0.966197
val_cc,0.995824,0.999142,0.966404
val_cc,0.995772,0.999143,0.966611
val_cc,0.995686,0.999143,0.966819
val_cc,0.995684,0.998929,0.966819
val_cc,0.995664,0.998929,0.967026
val_cc,0.995639,0.998929,0.967234
val_cc,0.995622,0.998929,0.967441
val_cc,0.995547,0.998930,0.967648
val_cc,0.995284,0.998930,0.967856
val_cc,0.995239,0.998930,0.968063
val_cc,0.995219,0.998930,0.968270
val_cc,0.995185,0.998930,0.968478
val_cc,0.995173,0.998931,0.968685
val_cc,0.995058,0.998931,0.968893
val_cc,0.994995,0.998931,0.969100
val_cc,0.994938,0.998931,0.969307
val_cc,0.994926,0.998932,0.969515
val_cc,0.994879,0.998932,0.969722
val_cc,0.994865,0.998932,0.969929
val_cc,0.994823,0.998932,0.970137
val_cc,0.994765,0.998933,0.970344
val_cc,0.994724,0.998933,0.970552
val_cc,0.994683,0.998933,0.970759
val_cc,0.994667,0.998933,0.970966
val_cc,0.994635,0.998933,0.971174
val_cc,0.994369,0.998934,0.971381
val_cc,0.994244,0.998934,0.971589
val_cc,0.994193,0.998934,0.971796
val_cc,0.994108,0.998934,0.972003
val_cc,0.993981,0.998935,0.972211
val_cc,0.993941,0.998935,0.972418
val_cc,0.993883,0.998935,0.972625
val_cc,0.993873,0.998935,0.972833
val_cc,0.993810,0.998935,0.973040
val_cc,0.993795,0.998936,0.973248
val_cc,0.993738,0.998936,0.973455
val_cc,0.993655,0.998936,0.973662
val_cc,0.993648,0.998936,0.973870
val_cc,0.993618,0.998937,0.974077
val_cc,0.993541,0.998937,0.974285
val_cc,0.993195,0.998937,0.974492
val_cc,0.993192,0.998937,0.974699
val_cc,0.993112,0.998725,0.974699
val_cc,0.993095,0.998725,0.974907
val_cc,0.993078,0.998726,0.975114
val_cc,0.992898,0.998726,0.975321
val_cc,0.992404,0.998726,0.975529
val_cc,0.992384,0.998726,0.975736
val_cc,0.992357,0.998727,0.975944
val_cc,0.992275,0.998727,0.976151
val_cc,0.992202,0.998727,0.976358
val_cc,0.992089,0.998727,0.976566
val_cc,0.992078,0.998728,0.976773
val_cc,0.991994,0.998728,0.976981
val_cc,0.991930,0.998516,0.976981
val_cc,0.991820,0.998517,0.977188
val_cc,0.991669,0.998517,0.977395
val_cc,0.991655,0.998517,0.977603
val_cc,0.991571,0.998518,0.977810
val_cc,0.991541,0.998518,0.978017
val_cc,0.991119,0.998518,0.978225
val_cc,0.990707,0.998519,0.978432
val_cc,0.990451,0.998519,0.978640
val_cc,0.990037,0.998519,0.978847
val_cc,0.989849,0.998519,0.979054
val_cc,0.989819,0.998308,0.979054
val_cc,0.989780,0.998309,0.979262
val_cc,0.989614,0.998309,0.979469
val_cc,0.989525,0.998309,0.979676
val_cc,0.989309,0.998310,0.979884
val_cc,0.989120,0.998310,0.980091
val_cc,0.989023,0.998310,0.980299
val_cc,0.989014,0.998311,0.980506
val_cc,0.988964,0.998311,0.980713
val_cc,0.988795,0.998312,0.980921
val_cc,0.988697,0.998312,0.981128
val_cc,0.988626,0.998312,0.981336
val_cc,0.988489,0.998313,0.981543
val_cc,0.988072,0.998313,0.981750
val_cc,0.987867,0.998313,0.981958
val_cc,0.987674,0.998314,0.982165
val_cc,0.987619,0.998314,0.982372
val_cc,0.987473,0.998314,0.982580
val_cc,0.987356,0.998315,0.982787
val_cc,0.987161,0.998315,0.982995
val_cc,0.987036,0.998315,0.983202
val_cc,0.984983,0.998105,0.983202
val_cc,0.984652,0.998106,0.983409
val_cc,0.984616,0.997896,0.983409
val_cc,0.983860,0.997896,0.983617
val_cc,0.983854,0.997897,0.983824
val_cc,0.983457,0.997897,0.984032
val_cc,0.983149,0.997687,0.984032
val_cc,0.983007,0.997688,0.984239
val_cc,0.982792,0.997688,0.984446
val_cc,0.982732,0.997478,0.984446
val_cc,0.982163,0.997479,0.984654
val_cc,0.982022,0.997480,0.984861
val_cc,0.981891,0.997480,0.985068
val_cc,0.981593,0.997481,0.985276
val_cc,0.981404,0.997481,0.985483
val_cc,0.980907,0.997272,0.985483
val_cc,0.980669,0.997272,0.985691
val_cc,0.980082,0.997273,0.985898
val_cc,0.978934,0.997273,0.986105
val_cc,0.978097,0.997274,0.986313
val_cc,0.977434,0.997275,0.986520
val_cc,0.975991,0.997275,0.986727
val_cc,0.975713,0.997276,0.986935
val_cc,0.975478,0.997276,0.987142
val_cc,0.975251,0.997277,0.987350
val_cc,0.972999,0.997277,0.987557
val_cc,0.970873,0.997278,0.987764
val_cc,0.970425,0.997279,0.987972
val_cc,0.970119,0.997279,0.988179
val_cc,0.968919,0.997280,0.988387
val_cc,0.967858,0.997280,0.988594
val_cc,0.967291,0.997072,0.988594
val_cc,0.966942,0.996863,0.988594
val_cc,0.965560,0.996655,0.988594
val_cc,0.963072,0.996656,0.988801
val_cc,0.962208,0.996656,0.989009
val_cc,0.961901,0.996448,0.989009
val_cc,0.961013,0.996449,0.989216
val_cc,0.959340,0.996241,0.989216
val_cc,0.958991,0.996241,0.989423
val_cc,0.958028,0.996033,0.989423
val_cc,0.956593,0.995826,0.989423
val_cc,0.956561,0.995826,0.989631
val_cc,0.955675,0.995827,0.989838
val_cc,0.955461,0.995620,0.989838
val_cc,0.954296,0.995620,0.990046
val_cc,0.953772,0.995413,0.990046
val_cc,0.952132,0.995205,0.990046
val_cc,0.951854,0.995206,0.990253
val_cc,0.951490,0.994999,0.990253
val_cc,0.949464,0.994792,0.990253
val_cc,0.948682,0.994793,0.990460
val_cc,0.948390,0.994794,0.990668
val_cc,0.947364,0.994795,0.990875
val_cc,0.946680,0.994588,0.990875
val_cc,0.946617,0.994589,0.991083
val_cc,0.946164,0.994590,0.991290
val_cc,0.944872,0.994591,0.991497
val_cc,0.944706,0.994384,0.991497
val_cc,0.942524,0.994386,0.991705
val_cc,0.942290,0.994387,0.991912
val_cc,0.939605,0.994388,0.992119
val_cc,0.939584,0.994389,0.992327
val_cc,0.937860,0.994390,0.992534
val_cc,0.937654,0.994391,0.992742
val_cc,0.936901,0.994393,0.992949
val_cc,0.933579,0.994394,0.993156
val_cc,0.933304,0.994187,0.993156
val_cc,0.931737,0.993981,0.993156
val_cc,0.929801,0.993775,0.993156
val_cc,0.927728,0.993568,0.993156
val_cc,0.925610,0.993570,0.993364
val_cc,0.924929,0.993364,0.993364
val_cc,0.924745,0.993365,0.993571
val_cc,0.920978,0.993159,0.993571
val_cc,0.915008,0.993161,0.993779
val_cc,0.914799,0.992955,0.993779
val_cc,0.909730,0.992749,0.993779
val_cc,0.904232,0.992543,0.993779
val_cc,0.903826,0.992338,0.993779
val_cc,0.902790,0.992133,0.993779
val_cc,0.901863,0.991927,0.993779
val_cc,0.901076,0.991929,0.993986
val_cc,0.899885,0.991930,0.994193
val_cc,0.889924,0.991725,0.994193
val_cc,0.887990,0.991520,0.994193
val_cc,0.885362,0.991315,0.994193
val_cc,0.884617,0.991110,0.994193
val_cc,0.883773,0.990905,0.994193
val_cc,0.880736,0.990701,0.994193
val_cc,0.878991,0.990496,0.994193
val_cc,0.876500,0.990291,0.994193
val_cc,0.875072,0.990087,0.994193
val_cc,0.871485,0.990089,0.994401
val_cc,0.870251,0.989884,0.994401
val_cc,0.869543,0.989680,0.994401
val_cc,0.867637,0.989476,0.994401
val_cc,0.866060,0.989272,0.994401
val_cc,0.865713,0.989068,0.994401
val_cc,0.864341,0.989070,0.994608
val_cc,0.855002,0.988866,0.994608
val_cc,0.850913,0.988662,0.994608
val_cc,0.850802,0.988458,0.994608
val_cc,0.848030,0.988461,0.994815
val_cc,0.847292,0.988257,0.994815
val_cc,0.843082,0.988260,0.995023
val_cc,0.835423,0.988262,0.995230
val_cc,0.832985,0.988058,0.995230
val_cc,0.813474,0.987855,0.995230
val_cc,0.812943,0.987652,0.995230
val_cc,0.808141,0.987654,0.995438
val_cc,0.806903,0.987451,0.995438
val_cc,0.805473,0.987454,0.995645
val_cc,0.801150,0.987251,0.995645
val_cc,0.798500,0.987253,0.995852
val_cc,0.795956,0.987050,0.995852
val_cc,0.791382,0.986848,0.995852
val_cc,0.790376,0.986645,0.995852
val_cc,0.785613,0.986442,0.995852
val_cc,0.785460,0.986239,0.995852
val_cc,0.783020,0.986037,0.995852
val_cc,0.782319,0.985835,0.995852
val_cc,0.777809,0.985632,0.995852
val_cc,0.776108,0.985430,0.995852
val_cc,0.771316,0.985228,0.995852
val_cc,0.757042,0.985231,0.996060
val_cc,0.753090,0.985029,0.996060
val_cc,0.752630,0.984827,0.996060
val_cc,0.752269,0.984830,0.996267
val_cc,0.751819,0.984833,0.996474
val_cc,0.751781,0.984631,0.996474
val_cc,0.750455,0.984634,0.996682
val_cc,0.742569,0.984433,0.996682
val_cc,0.735199,0.984231,0.996682
val_cc,0.735199,0.984029,0.996682
val_cc,0.734865,0.983828,0.996682
val_cc,0.733924,0.983831,0.996889
val_cc,0.731388,0.983630,0.996889
val_cc,0.730235,0.983429,0.996889
val_cc,0.728913,0.983228,0.996889
val_cc,0.728215,0.983027,0.996889
val_cc,0.725806,0.982826,0.996889
val_cc,0.725524,0.982829,0.997097
val_cc,0.722264,0.982628,0.997097
val_cc,0.716467,0.982427,0.997097
val_cc,0.713138,0.982431,0.997304
val_cc,0.710691,0.982230,0.997304
val_cc,0.703484,0.982030,0.997304
val_cc,0.703427,0.981829,0.997304
val_cc,0.702196,0.981629,0.997304
val_cc,0.701213,0.981429,0.997304
val_cc,0.694651,0.981228,0.997304
val_cc,0.692213,0.981028,0.997304
val_cc,0.689086,0.980828,0.997304
val_cc,0.685530,0.980628,0.997304
val_cc,0.685381,0.980428,0.997304
val_cc,0.683946,0.980228,0.997304
val_cc,0.683559,0.980029,0.997304
val_cc,0.683517,0.979829,0.997304
val_cc,0.678701,0.979629,0.997304
val_cc,0.676483,0.979633,0.997511
val_cc,0.674686,0.979434,0.997511
val_cc,0.673850,0.979235,0.997511
val_cc,0.671866,0.979035,0.997511
val_cc,0.664071,0.978836,0.997511
val_cc,0.662525,0.978637,0.997511
val_cc,0.662148,0.978438,0.997511
val_cc,0.660336,0.978239,0.997511
val_cc,0.657763,0.978040,0.997511
val_cc,0.650680,0.977841,0.997511
val_cc,0.649194,0.977642,0.997511
val_cc,0.646837,0.977444,0.997511
val_cc,0.641816,0.977245,0.997511
val_cc,0.639876,0.977250,0.997719
val_cc,0.638637,0.977051,0.997719
val_cc,0.637219,0.976853,0.997719
val_cc,0.634498,0.976654,0.997719
val_cc,0.631924,0.976456,0.997719
val_cc,0.631339,0.976258,0.997719
val_cc,0.622539,0.976060,0.997719
val_cc,0.617784,0.975862,0.997719
val_cc,0.614030,0.975664,0.997719
val_cc,0.613420,0.975466,0.997719
val_cc,0.607649,0.975269,0.997719
val_cc,0.607023,0.975071,0.997719
val_cc,0.603416,0.974873,0.997719
val_cc,0.591445,0.974676,0.997719
val_cc,0.590993,0.974681,0.997926
val_cc,0.579577,0.974484,0.997926
val_cc,0.576350,0.974286,0.997926
val_cc,0.564913,0.974089,0.997926
val_cc,0.564609,0.973892,0.997926
val_cc,0.562968,0.973695,0.997926
val_cc,0.558296,0.973498,0.997926
val_cc,0.556181,0.973301,0.997926
val_cc,0.553028,0.973104,0.997926
val_cc,0.552783,0.972907,0.997926
val_cc,0.552761,0.972711,0.997926
val_cc,0.546459,0.972514,0.997926
val_cc,0.544829,0.972318,0.997926
val_cc,0.523554,0.972323,0.998134
val_cc,0.521778,0.972127,0.998134
val_cc,0.517115,0.971931,0.998134
val_cc,0.511189,0.971734,0.998134
val_cc,0.509150,0.971538,0.998134
val_cc,0.508105,0.971342,0.998134
val_cc,0.505964,0.971146,0.998134
val_cc,0.505948,0.970950,0.998134
val_cc,0.504652,0.970754,0.998134
val_cc,0.500353,0.970559,0.998134
val_cc,0.499878,0.970363,0.998134
val_cc,0.497944,0.970167,0.998134
val_cc,0.497639,0.969972,0.998134
val_cc,0.494329,0.969776,0.998134
val_cc,0.492712,0.969581,0.998134
val_cc,0.490036,0.969386,0.998134
val_cc,0.487432,0.969190,0.998134
val_cc,0.485991,0.968995,0.998134
val_cc,0.478626,0.968800,0.998134
val_cc,0.478345,0.968605,0.998134
val_cc,0.477836,0.968410,0.998134
val_cc,0.476825,0.968216,0.998134
val_cc,0.475234,0.968021,0.998134
val_cc,0.475192,0.967826,0.998134
val_cc,0.471875,0.967632,0.998134
val_cc,0.471004,0.967437,0.998134
val_cc,0.470320,0.967243,0.998134
val_cc,0.469759,0.967048,0.998134
val_cc,0.464234,0.966854,0.998134
val_cc,0.455701,0.966660,0.998134
val_cc,0.447814,0.966466,0.998134
val_cc,0.445796,0.966272,0.998134
val_cc,0.443896,0.966078,0.998134
val_cc,0.443298,0.965884,0.998134
val_cc,0.442253,0.965690,0.998134
val_cc,0.441486,0.965496,0.998134
val_cc,0.439741,0.965303,0.998134
val_cc,0.435055,0.965109,0.998134
val_cc,0.432438,0.964916,0.998134
val_cc,0.428743,0.964722,0.998134
val_cc,0.427484,0.964529,0.998134
val_cc,0.426970,0.964336,0.998134
val_cc,0.426452,0.964143,0.998134
val_cc,0.423878,0.963950,0.998134
val_cc,0.423780,0.963757,0.998134
val_cc,0.422884,0.963564,0.998134
val_cc,0.417951,0.963371,0.998134
val_cc,0.417758,0.963178,0.998134
val_cc,0.417575,0.962985,0.998134
val_cc,0.417371,0.962793,0.998134
val_cc,0.416255,0.962600,0.998134
val_cc,0.415410,0.962408,0.998134
val_cc,0.415253,0.962215,0.998134
val_cc,0.414773,0.962023,0.998134
val_cc,0.414372,0.961831,0.998134
val_cc,0.411798,0.961638,0.998134
val_cc,0.411481,0.961446,0.998134
val_cc,0.410966,0.961254,0.998134
val_cc,0.408183,0.961062,0.998134
val_cc,0.407638,0.960870,0.998134
val_cc,0.406780,0.960679,0.998134
val_cc,0.406020,0.960487,0.998134
val_cc,0.402711,0.960295,0.998134
val_cc,0.402569,0.960104,0.998134
val_cc,0.400329,0.959912,0.998134
val_cc,0.397498,0.959721,0.998134
val_cc,0.396141,0.959530,0.998134
val_cc,0.394416,0.959338,0.998134
val_cc,0.394105,0.959147,0.998134
val_cc,0.392248,0.958956,0.998134
val_cc,0.389675,0.958765,0.998134
val_cc,0.387600,0.958574,0.998134
val_cc,0.385262,0.958383,0.998134
val_cc,0.383709,0.958192,0.998134
val_cc,0.382812,0.958002,0.998134
val_cc,0.381241,0.957811,0.998134
val_cc,0.379976,0.957620,0.998134
val_cc,0.378525,0.957430,0.998134
val_cc,0.376977,0.957239,0.998134
val_cc,0.376938,0.957248,0.998341
val_cc,0.373499,0.957058,0.998341
val_cc,0.370252,0.956867,0.998341
val_cc,0.368777,0.956677,0.998341
val_cc,0.367489,0.956487,0.998341
val_cc,0.365411,0.956297,0.998341
val_cc,0.363989,0.956107,0.998341
val_cc,0.362859,0.955917,0.998341
val_cc,0.359255,0.955728,0.998341
val_cc,0.358673,0.955538,0.998341
val_cc,0.358322,0.955348,0.998341
val_cc,0.358030,0.955159,0.998341
val_cc,0.355702,0.954969,0.998341
val_cc,0.355617,0.954780,0.998341
val_cc,0.352239,0.954591,0.998341
val_cc,0.350220,0.954401,0.998341
val_cc,0.345210,0.954212,0.998341
val_cc,0.342520,0.954023,0.998341
val_cc,0.340776,0.953834,0.998341
val_cc,0.337447,0.953645,0.998341
val_cc,0.337306,0.953456,0.998341
val_cc,0.337227,0.953267,0.998341
val_cc,0.331508,0.953079,0.998341
val_cc,0.331058,0.952890,0.998341
val_cc,0.329505,0.952701,0.998341
val_cc,0.325547,0.952513,0.998341
val_cc,0.325472,0.952324,0.998341
val_cc,0.322952,0.952136,0.998341
val_cc,0.322513,0.951948,0.998341
val_cc,0.322299,0.951760,0.998341
val_cc,0.320536,0.951571,0.998341
val_cc,0.320152,0.951383,0.998341
val_cc,0.318234,0.951393,0.998548
val_cc,0.316964,0.951205,0.998548
val_cc,0.316064,0.951017,0.998548
val_cc,0.315686,0.950829,0.998548
val_cc,0.314822,0.950642,0.998548
val_cc,0.314689,0.950454,0.998548
val_cc,0.314046,0.950266,0.998548
val_cc,0.313594,0.950079,0.998548
val_cc,0.312945,0.949891,0.998548
val_cc,0.312152,0.949704,0.998548
val_cc,0.309542,0.949517,0.998548
val_cc,0.308714,0.949330,0.998548
val_cc,0.306105,0.949143,0.998548
val_cc,0.305770,0.948955,0.998548
val_cc,0.303859,0.948768,0.998548
val_cc,0.303212,0.948582,0.998548
val_cc,0.297600,0.948395,0.998548
val_cc,0.297009,0.948208,0.998548
val_cc,0.294723,0.948021,0.998548
val_cc,0.294433,0.947835,0.998548
val_cc,0.291950,0.947648,0.998548
val_cc,0.287333,0.947462,0.998548
val_cc,0.286603,0.947275,0.998548
val_cc,0.285377,0.947089,0.998548
val_cc,0.285275,0.946903,0.998548
val_cc,0.281737,0.946716,0.998548
val_cc,0.278623,0.946530,0.998548
val_cc,0.277222,0.946344,0.998548
val_cc,0.276802,0.946158,0.998548
val_cc,0.275778,0.945972,0.998548
val_cc,0.273503,0.945787,0.998548
val_cc,0.272971,0.945601,0.998548
val_cc,0.271291,0.945415,0.998548
val_cc,0.271114,0.945230,0.998548
val_cc,0.270859,0.945044,0.998548
val_cc,0.270739,0.944859,0.998548
val_cc,0.270651,0.944673,0.998548
val_cc,0.268191,0.944684,0.998756
val_cc,0.267485,0.944499,0.998756
val_cc,0.266828,0.944314,0.998756
val_cc,0.266680,0.944129,0.998756
val_cc,0.264866,0.943944,0.998756
val_cc,0.264538,0.943759,0.998756
val_cc,0.263796,0.943574,0.998756
val_cc,0.263300,0.943389,0.998756
val_cc,0.260823,0.943204,0.998756
val_cc,0.259123,0.943019,0.998756
val_cc,0.258601,0.942835,0.998756
val_cc,0.258106,0.942650,0.998756
val_cc,0.257786,0.942466,0.998756
val_cc,0.257115,0.942281,0.998756
val_cc,0.255989,0.942097,0.998756
val_cc,0.255941,0.941913,0.998756
val_cc,0.255890,0.941729,0.998756
val_cc,0.255486,0.941544,0.998756
val_cc,0.252680,0.941360,0.998756
val_cc,0.252575,0.941176,0.998756
val_cc,0.251288,0.940993,0.998756
val_cc,0.250714,0.940809,0.998756
val_cc,0.249976,0.940625,0.998756
val_cc,0.248367,0.940441,0.998756
val_cc,0.246857,0.940258,0.998756
val_cc,0.246708,0.940074,0.998756
val_cc,0.246626,0.939891,0.998756
val_cc,0.244852,0.939707,0.998756
val_cc,0.244512,0.939524,0.998756
val_cc,0.242476,0.939341,0.998756
val_cc,0.241340,0.939158,0.998756
val_cc,0.240612,0.938974,0.998756
val_cc,0.240500,0.938791,0.998756
val_cc,0.239104,0.938608,0.998756
val_cc,0.238984,0.938426,0.998756
val_cc,0.238228,0.938243,0.998756
val_cc,0.238200,0.938060,0.998756
val_cc,0.238140,0.938072,0.998963
val_cc,0.237648,0.937889,0.998963
val_cc,0.236397,0.937707,0.998963
val_cc,0.235483,0.937524,0.998963
val_cc,0.234360,0.937342,0.998963
val_cc,0.233251,0.937160,0.998963
val_cc,0.232101,0.936977,0.998963
val_cc,0.231408,0.936795,0.998963
val_cc,0.231377,0.936613,0.998963
val_cc,0.230685,0.936431,0.998963
val_cc,0.230165,0.936249,0.998963
val_cc,0.229967,0.936067,0.998963
val_cc,0.229575,0.935885,0.998963
val_cc,0.229267,0.935703,0.998963
val_cc,0.228764,0.935521,0.998963
val_cc,0.228413,0.935340,0.998963
val_cc,0.226842,0.935158,0.998963
val_cc,0.226804,0.934977,0.998963
val_cc,0.226692,0.934795,0.998963
val_cc,0.226435,0.934614,0.998963
val_cc,0.225416,0.934433,0.998963
val_cc,0.224944,0.934251,0.998963
val_cc,0.223866,0.934070,0.998963
val_cc,0.223615,0.933889,0.998963
val_cc,0.222535,0.933708,0.998963
val_cc,0.219839,0.933527,0.998963
val_cc,0.217599,0.933346,0.998963
val_cc,0.217423,0.933165,0.998963
val_cc,0.216796,0.932985,0.998963
val_cc,0.215742,0.932804,0.998963
val_cc,0.213457,0.932623,0.998963
val_cc,0.210657,0.932443,0.998963
val_cc,0.206829,0.932262,0.998963
val_cc,0.206049,0.932082,0.998963
val_cc,0.205326,0.931902,0.998963
val_cc,0.205314,0.931721,0.998963
val_cc,0.205199,0.931541,0.998963
val_cc,0.204491,0.931361,0.998963
val_cc,0.204060,0.931181,0.998963
val_cc,0.203028,0.931001,0.998963
val_cc,0.202633,0.930821,0.998963
val_cc,0.202388,0.930641,0.998963
val_cc,0.202051,0.930462,0.998963
val_cc,0.201411,0.930282,0.998963
val_cc,0.201019,0.930102,0.998963
val_cc,0.200136,0.929923,0.998963
val_cc,0.199705,0.929743,0.998963
val_cc,0.199391,0.929564,0.998963
val_cc,0.197990,0.929385,0.998963
val_cc,0.197357,0.929205,0.998963
val_cc,0.196209,0.929026,0.998963
val_cc,0.195744,0.928847,0.998963
val_cc,0.194366,0.928668,0.998963
val_cc,0.189746,0.928489,0.998963
val_cc,0.187655,0.928310,0.998963
val_cc,0.187185,0.928131,0.998963
val_cc,0.187053,0.927952,0.998963
val_cc,0.185293,0.927773,0.998963
val_cc,0.184963,0.927595,0.998963
val_cc,0.182926,0.927416,0.998963
val_cc,0.179584,0.927238,0.998963
val_cc,0.179136,0.927059,0.998963
val_cc,0.178902,0.926881,0.998963
val_cc,0.178388,0.926703,0.998963
val_cc,0.177925,0.926524,0.998963
val_cc,0.177553,0.926346,0.998963
val_cc,0.176996,0.926168,0.998963
val_cc,0.175928,0.925990,0.998963
val_cc,0.175093,0.925812,0.998963
val_cc,0.173282,0.925634,0.998963
val_cc,0.172512,0.925456,0.998963
val_cc,0.172477,0.925279,0.998963
val_cc,0.171765,0.925101,0.998963
val_cc,0.171239,0.924923,0.998963
val_cc,0.169107,0.924746,0.998963
val_cc,0.168219,0.924568,0.998963
val_cc,0.168134,0.924391,0.998963
val_cc,0.167001,0.924213,0.998963
val_cc,0.166584,0.924036,0.998963
val_cc,0.165607,0.923859,0.998963
val_cc,0.164348,0.923682,0.998963
val_cc,0.164020,0.923505,0.998963
val_cc,0.161199,0.923328,0.998963
val_cc,0.161066,0.923151,0.998963
val_cc,0.160725,0.922974,0.998963
val_cc,0.160427,0.922797,0.998963
val_cc,0.160254,0.922620,0.998963
val_cc,0.159121,0.922444,0.998963
val_cc,0.157473,0.922267,0.998963
val_cc,0.156804,0.922090,0.998963
val_cc,0.156638,0.921914,0.998963
val_cc,0.156203,0.921737,0.998963
val_cc,0.154824,0.921561,0.998963
val_cc,0.154203,0.921385,0.998963
val_cc,0.153445,0.921209,0.998963
val_cc,0.152083,0.921033,0.998963
val_cc,0.151832,0.920856,0.998963
val_cc,0.151793,0.920680,0.998963
val_cc,0.151463,0.920504,0.998963
val_cc,0.150379,0.920329,0.998963
val_cc,0.148634,0.920153,0.998963
val_cc,0.147990,0.919977,0.998963
val_cc,0.147912,0.919801,0.998963
val_cc,0.147405,0.919626,0.998963
val_cc,0.146772,0.919450,0.998963
val_cc,0.145878,0.919275,0.998963
val_cc,0.145443,0.919099,0.998963
val_cc,0.145150,0.918924,0.998963
val_cc,0.144790,0.918749,0.998963
val_cc,0.144245,0.918574,0.998963
val_cc,0.143899,0.918398,0.998963
val_cc,0.143796,0.918223,0.998963
val_cc,0.143590,0.918048,0.998963
val_cc,0.143578,0.917873,0.998963
val_cc,0.143355,0.917699,0.998963
val_cc,0.143141,0.917524,0.998963
val_cc,0.142986,0.917349,0.998963
val_cc,0.142170,0.917174,0.998963
val_cc,0.141239,0.917000,0.998963
val_cc,0.140113,0.916825,0.998963
val_cc,0.139637,0.916651,0.998963
val_cc,0.139301,0.916476,0.998963
val_cc,0.139030,0.916302,0.998963
val_cc,0.138278,0.916128,0.998963
val_cc,0.138169,0.915954,0.998963
val_cc,0.137708,0.915779,0.998963
val_cc,0.137154,0.915605,0.998963
val_cc,0.135729,0.915431,0.998963
val_cc,0.135479,0.915257,0.998963
val_cc,0.134878,0.915084,0.998963
val_cc,0.134645,0.914910,0.998963
val_cc,0.133821,0.914736,0.998963
val_cc,0.133636,0.914562,0.998963
val_cc,0.132793,0.914389,0.998963
val_cc,0.132634,0.914215,0.998963
val_cc,0.132619,0.914042,0.998963
val_cc,0.132093,0.913868,0.998963
val_cc,0.131975,0.913695,0.998963
val_cc,0.131748,0.913522,0.998963
val_cc,0.131518,0.913349,0.998963
val_cc,0.131331,0.913175,0.998963
val_cc,0.130764,0.913002,0.998963
val_cc,0.130635,0.912829,0.998963
val_cc,0.130253,0.912656,0.998963
val_cc,0.129537,0.912483,0.998963
val_cc,0.129228,0.912311,0.998963
val_cc,0.128898,0.912138,0.998963
val_cc,0.127725,0.911965,0.998963
val_cc,0.127562,0.911793,0.998963
val_cc,0.127411,0.911620,0.998963
val_cc,0.127118,0.911447,0.998963
val_cc,0.126804,0.911275,0.998963
val_cc,0.126586,0.911103,0.998963
val_cc,0.126361,0.910930,0.998963
val_cc,0.126160,0.910758,0.998963
val_cc,0.126080,0.910586,0.998963
val_cc,0.125415,0.910414,0.998963
val_cc,0.124716,0.910242,0.998963
val_cc,0.124549,0.910070,0.998963
val_cc,0.124394,0.909898,0.998963
val_cc,0.124262,0.909726,0.998963
val_cc,0.121559,0.909554,0.998963
val_cc,0.121229,0.909383,0.998963
val_cc,0.121083,0.909211,0.998963
val_cc,0.120970,0.909039,0.998963
val_cc,0.120573,0.908868,0.998963
val_cc,0.120251,0.908696,0.998963
val_cc,0.119769,0.908525,0.998963
val_cc,0.118935,0.908354,0.998963
val_cc,0.118561,0.908183,0.998963
val_cc,0.118128,0.908011,0.998963
val_cc,0.117105,0.907840,0.998963
val_cc,0.117006,0.907669,0.998963
val_cc,0.116682,0.907498,0.998963
val_cc,0.116290,0.907327,0.998963
val_cc,0.115620,0.907156,0.998963
val_cc,0.115609,0.906986,0.998963
val_cc,0.115450,0.906815,0.998963
val_cc,0.114827,0.906644,0.998963
val_cc,0.114658,0.906473,0.998963
val_cc,0.113949,0.906303,0.998963
val_cc,0.113106,0.906132,0.998963
val_cc,0.112957,0.905962,0.998963
val_cc,0.112265,0.905792,0.998963
val_cc,0.111917,0.905621,0.998963
val_cc,0.111885,0.905451,0.998963
val_cc,0.111450,0.905281,0.998963
val_cc,0.111272,0.905111,0.998963
val_cc,0.109859,0.904941,0.998963
val_cc,0.109614,0.904771,0.998963
val_cc,0.109373,0.904601,0.998963
val_cc,0.108823,0.904431,0.998963
val_cc,0.108535,0.904261,0.998963
val_cc,0.107343,0.904092,0.998963
val_cc,0.106767,0.903922,0.998963
val_cc,0.106416,0.903752,0.998963
val_cc,0.106237,0.903583,0.998963
val_cc,0.105723,0.903601,0.999170
val_cc,0.105504,0.903262,0.999170
val_cc,0.104912,0.903093,0.999170
val_cc,0.104819,0.902924,0.999170
val_cc,0.104590,0.902754,0.999170
val_cc,0.104249,0.902585,0.999170
val_cc,0.104038,0.902416,0.999170
val_cc,0.103944,0.902247,0.999170
val_cc,0.102644,0.902078,0.999170
val_cc,0.102084,0.901909,0.999170
val_cc,0.101835,0.901741,0.999170
val_cc,0.101183,0.901572,0.999170
val_cc,0.101160,0.901403,0.999170
val_cc,0.101049,0.901235,0.999170
val_cc,0.100538,0.901066,0.999170
val_cc,0.100487,0.900898,0.999170
val_cc,0.099798,0.900729,0.999170
val_cc,0.099764,0.900561,0.999170
val_cc,0.098688,0.900392,0.999170
val_cc,0.098456,0.900224,0.999170
val_cc,0.098254,0.900056,0.999170
val_cc,0.098133,0.899888,0.999170
val_cc,0.097385,0.899720,0.999170
val_cc,0.097360,0.899552,0.999170
val_cc,0.097281,0.899384,0.999170
val_cc,0.096941,0.899216,0.999170
val_cc,0.096713,0.899048,0.999170
val_cc,0.095660,0.898881,0.999170
val_cc,0.095453,0.898713,0.999170
val_cc,0.095436,0.898545,0.999170
val_cc,0.095166,0.898378,0.999170
val_cc,0.094962,0.898210,0.999170
val_cc,0.094852,0.898043,0.999170
val_cc,0.094805,0.897876,0.999170
val_cc,0.094484,0.897708,0.999170
val_cc,0.094427,0.897541,0.999170
val_cc,0.094083,0.897374,0.999170
val_cc,0.093560,0.897207,0.999170
val_cc,0.093508,0.897040,0.999170
val_cc,0.092914,0.896873,0.999170
val_cc,0.092855,0.896706,0.999170
val_cc,0.092765,0.896539,0.999170
val_cc,0.092733,0.896372,0.999170
val_cc,0.092312,0.896205,0.999170
val_cc,0.091934,0.896039,0.999170
val_cc,0.090987,0.895872,0.999170
val_cc,0.090450,0.895706,0.999170
val_cc,0.090430,0.895539,0.999170
val_cc,0.089635,0.895373,0.999170
val_cc,0.089598,0.895206,0.999170
val_cc,0.089370,0.895040,0.999170
val_cc,0.088436,0.894874,0.999170
val_cc,0.086948,0.894708,0.999170
val_cc,0.086628,0.894541,0.999170
val_cc,0.086628,0.894375,0.999170
val_cc,0.086170,0.894209,0.999170
val_cc,0.086079,0.894043,0.999170
val_cc,0.084921,0.893878,0.999170
val_cc,0.084861,0.893712,0.999170
val_cc,0.084045,0.893546,0.999170
val_cc,0.083804,0.893380,0.999170
val_cc,0.083783,0.893215,0.999170
val_cc,0.083232,0.893049,0.999170
val_cc,0.083044,0.892884,0.999170
val_cc,0.082137,0.892718,0.999170
val_cc,0.081981,0.892553,0.999170
val_cc,0.080754,0.892387,0.999170
val_cc,0.080649,0.892222,0.999170
val_cc,0.080209,0.892057,0.999170
val_cc,0.079805,0.891892,0.999170
val_cc,0.079709,0.891727,0.999170
val_cc,0.079450,0.891562,0.999170
val_cc,0.078856,0.891397,0.999170
val_cc,0.078769,0.891232,0.999170
val_cc,0.078531,0.891067,0.999170
val_cc,0.078130,0.890902,0.999170
val_cc,0.077728,0.890738,0.999170
val_cc,0.076829,0.890573,0.999170
val_cc,0.076666,0.890408,0.999170
val_cc,0.076490,0.890244,0.999170
val_cc,0.076479,0.890079,0.999170
val_cc,0.075943,0.889915,0.999170
val_cc,0.075934,0.889751,0.999170
val_cc,0.075824,0.889586,0.999170
val_cc,0.075800,0.889422,0.999170
val_cc,0.075700,0.889258,0.999170
val_cc,0.075293,0.889094,0.999170
val_cc,0.075237,0.888930,0.999170
val_cc,0.074358,0.888766,0.999170
val_cc,0.073744,0.888602,0.999170
val_cc,0.073729,0.888438,0.999170
val_cc,0.073679,0.888274,0.999170
val_cc,0.073669,0.888111,0.999170
val_cc,0.073428,0.887947,0.999170
val_cc,0.073359,0.887783,0.999170
val_cc,0.073183,0.887620,0.999170
val_cc,0.072875,0.887456,0.999170
val_cc,0.072795,0.887293,0.999170
val_cc,0.072739,0.887129,0.999170
val_cc,0.072398,0.886966,0.999170
val_cc,0.072392,0.886803,0.999170
val_cc,0.071791,0.886640,0.999170
val_cc,0.071632,0.886477,0.999170
val_cc,0.071185,0.886313,0.999170
val_cc,0.071078,0.886150,0.999170
val_cc,0.070665,0.885987,0.999170
val_cc,0.070662,0.885825,0.999170
val_cc,0.070391,0.885662,0.999170
val_cc,0.070069,0.885499,0.999170
val_cc,0.069727,0.885336,0.999170
val_cc,0.069577,0.885174,0.999170
val_cc,0.069418,0.885011,0.999170
val_cc,0.069309,0.884848,0.999170
val_cc,0.068865,0.884686,0.999170
val_cc,0.068844,0.884524,0.999170
val_cc,0.068740,0.884361,0.999170
val_cc,0.068709,0.884199,0.999170
val_cc,0.068392,0.884037,0.999170
val_cc,0.068376,0.883875,0.999170
val_cc,0.068334,0.883712,0.999170
val_cc,0.067838,0.883550,0.999170
val_cc,0.067683,0.883388,0.999170
val_cc,0.067636,0.883226,0.999170
val_cc,0.067547,0.883065,0.999170
val_cc,0.067442,0.882903,0.999170
val_cc,0.067284,0.882741,0.999170
val_cc,0.067046,0.882579,0.999170
val_cc,0.066997,0.882418,0.999170
val_cc,0.066993,0.882256,0.999170
val_cc,0.066903,0.882094,0.999170
val_cc,0.066891,0.881933,0.999170
val_cc,0.066842,0.881772,0.999170
val_cc,0.066238,0.881610,0.999170
val_cc,0.065209,0.881449,0.999170
val_cc,0.065170,0.881288,0.999170
val_cc,0.065018,0.881127,0.999170
val_cc,0.064958,0.880965,0.999170
val_cc,0.064934,0.880804,0.999170
val_cc,0.064754,0.880643,0.999170
val_cc,0.064261,0.880482,0.999170
val_cc,0.064112,0.880322,0.999170
val_cc,0.064070,0.880161,0.999170
val_cc,0.064026,0.880000,0.999170
val_cc,0.063935,0.879839,0.999170
val_cc,0.063798,0.879679,0.999170
val_cc,0.063585,0.879518,0.999170
val_cc,0.063370,0.879358,0.999170
val_cc,0.063258,0.879197,0.999170
val_cc,0.063143,0.879037,0.999170
val_cc,0.062830,0.878876,0.999170
val_cc,0.062533,0.878716,0.999170
val_cc,0.062469,0.878556,0.999170
val_cc,0.062427,0.878396,0.999170
val_cc,0.062274,0.878236,0.999170
val_cc,0.062220,0.878075,0.999170
val_cc,0.062194,0.877915,0.999170
val_cc,0.062112,0.877756,0.999170
val_cc,0.061888,0.877596,0.999170
val_cc,0.061773,0.877436,0.999170
val_cc,0.061741,0.877276,0.999170
val_cc,0.061614,0.877116,0.999170
val_cc,0.061395,0.876957,0.999170
val_cc,0.061359,0.876797,0.999170
val_cc,0.060981,0.876638,0.999170
val_cc,0.060973,0.876478,0.999170
val_cc,0.060898,0.876319,0.999170
val_cc,0.060756,0.876159,0.999170
val_cc,0.060696,0.876000,0.999170
val_cc,0.060533,0.875841,0.999170
val_cc,0.060531,0.875682,0.999170
val_cc,0.060390,0.875522,0.999170
val_cc,0.060195,0.875363,0.999170
val_cc,0.060011,0.875204,0.999170
val_cc,0.059784,0.875045,0.999170
val_cc,0.059353,0.874887,0.999170
val_cc,0.058941,0.874728,0.999170
val_cc,0.058310,0.874569,0.999170
val_cc,0.057985,0.874410,0.999170
val_cc,0.057855,0.874251,0.999170
val_cc,0.057833,0.874093,0.999170
val_cc,0.057618,0.873934,0.999170
val_cc,0.057167,0.873776,0.999170
val_cc,0.057146,0.873617,0.999170
val_cc,0.057136,0.873459,0.999170
val_cc,0.057086,0.873301,0.999170
val_cc,0.057013,0.873142,0.999170
val_cc,0.056812,0.872984,0.999170
val_cc,0.056752,0.872826,0.999170
val_cc,0.056345,0.872668,0.999170
val_cc,0.056162,0.872510,0.999170
val_cc,0.056052,0.872352,0.999170
val_cc,0.055985,0.872194,0.999170
val_cc,0.055972,0.872036,0.999170
val_cc,0.055862,0.871878,0.999170
val_cc,0.055818,0.871721,0.999170
val_cc,0.055321,0.871563,0.999170
val_cc,0.054627,0.871405,0.999170
val_cc,0.054429,0.871248,0.999170
val_cc,0.054358,0.871090,0.999170
val_cc,0.054314,0.870933,0.999170
val_cc,0.054089,0.870775,0.999170
val_cc,0.054022,0.870618,0.999170
val_cc,0.053760,0.870461,0.999170
val_cc,0.053747,0.870303,0.999170
val_cc,0.053596,0.870146,0.999170
val_cc,0.053458,0.869989,0.999170
val_cc,0.053346,0.869832,0.999170
val_cc,0.052692,0.869675,0.999170
val_cc,0.052655,0.869518,0.999170
val_cc,0.052267,0.869361,0.999170
val_cc,0.052209,0.869204,0.999170
val_cc,0.052186,0.869048,0.999170
val_cc,0.051492,0.868891,0.999170
val_cc,0.051027,0.868734,0.999170
val_cc,0.050917,0.868578,0.999170
val_cc,0.050824,0.868421,0.999170
val_cc,0.050818,0.868265,0.999170
val_cc,0.050718,0.868108,0.999170
val_cc,0.050715,0.867952,0.999170
val_cc,0.050709,0.867795,0.999170
val_cc,0.050602,0.867639,0.999170
val_cc,0.050580,0.867483,0.999170
val_cc,0.050468,0.867327,0.999170
val_cc,0.050363,0.867171,0.999170
val_cc,0.049889,0.867015,0.999170
val_cc,0.049758,0.866859,0.999170
val_cc,0.049758,0.866703,0.999170
val_cc,0.049189,0.866547,0.999170
val_cc,0.048984,0.866391,0.999170
val_cc,0.048656,0.866235,0.999170
val_cc,0.048622,0.866079,0.999170
val_cc,0.048496,0.865924,0.999170
val_cc,0.048076,0.865768,0.999170
val_cc,0.048020,0.865613,0.999170
val_cc,0.047987,0.865457,0.999170
val_cc,0.047911,0.865302,0.999170
val_cc,0.047866,0.865146,0.999170
val_cc,0.047760,0.864991,0.999170
val_cc,0.047689,0.864836,0.999170
val_cc,0.047650,0.864681,0.999170
val_cc,0.047607,0.864525,0.999170
val_cc,0.047542,0.864370,0.999170
val_cc,0.047432,0.864215,0.999170
val_cc,0.047419,0.864060,0.999170
val_cc,0.047299,0.863905,0.999170
val_cc,0.047266,0.863750,0.999170
val_cc,0.047253,0.863596,0.999170
val_cc,0.047163,0.863441,0.999170
val_cc,0.046901,0.863286,0.999170
val_cc,0.046900,0.863131,0.999170
val_cc,0.046675,0.862977,0.999170
val_cc,0.046538,0.862822,0.999170
val_cc,0.046453,0.862668,0.999170
val_cc,0.046368,0.862513,0.999170
val_cc,0.046170,0.862359,0.999170
val_cc,0.046137,0.862205,0.999170
val_cc,0.046091,0.862050,0.999170
val_cc,0.046090,0.861896,0.999170
val_cc,0.046044,0.861742,0.999170
val_cc,0.046004,0.861588,0.999170
val_cc,0.045780,0.861434,0.999170
val_cc,0.045712,0.861280,0.999170
val_cc,0.045425,0.861126,0.999170
val_cc,0.045421,0.860972,0.999170
val_cc,0.045409,0.860818,0.999170
val_cc,0.045158,0.860665,0.999170
val_cc,0.045046,0.860511,0.999170
val_cc,0.044838,0.860357,0.999170
val_cc,0.044812,0.860204,0.999170
val_cc,0.044700,0.860050,0.999170
val_cc,0.044683,0.859896,0.999170
val_cc,0.044601,0.859743,0.999170
val_cc,0.044386,0.859590,0.999170
val_cc,0.044284,0.859436,0.999170
val_cc,0.044056,0.859283,0.999170
val_cc,0.044024,0.859130,0.999170
val_cc,0.043913,0.858977,0.999170
val_cc,0.043913,0.858824,0.999170
val_cc,0.043910,0.858670,0.999170
val_cc,0.043735,0.858517,0.999170
val_cc,0.043597,0.858365,0.999170
val_cc,0.043360,0.858212,0.999170
val_cc,0.043241,0.858059,0.999170
val_cc,0.043123,0.857906,0.999170
val_cc,0.043050,0.857753,0.999170
val_cc,0.042761,0.857601,0.999170
val_cc,0.042704,0.857448,0.999170
val_cc,0.042632,0.857295,0.999170
val_cc,0.042571,0.857143,0.999170
val_cc,0.042530,0.856990,0.999170
val_cc,0.042508,0.856838,0.999170
val_cc,0.042463,0.856686,0.999170
val_cc,0.042387,0.856533,0.999170
val_cc,0.042197,0.856381,0.999170
val_cc,0.042164,0.856229,0.999170
val_cc,0.041880,0.856077,0.999170
val_cc,0.041860,0.855925,0.999170
val_cc,0.041714,0.855773,0.999170
val_cc,0.041618,0.855621,0.999170
val_cc,0.041583,0.855469,0.999170
val_cc,0.041450,0.855317,0.999170
val_cc,0.041369,0.855165,0.999170
val_cc,0.041338,0.855013,0.999170
val_cc,0.041059,0.854862,0.999170
val_cc,0.041054,0.854710,0.999170
val_cc,0.040849,0.854558,0.999170
val_cc,0.040820,0.854407,0.999170
val_cc,0.040752,0.854255,0.999170
val_cc,0.040486,0.854104,0.999170
val_cc,0.040280,0.853952,0.999170
val_cc,0.040030,0.853801,0.999170
val_cc,0.040004,0.853650,0.999170
val_cc,0.039858,0.853499,0.999170
val_cc,0.039788,0.853348,0.999170
val_cc,0.039711,0.853196,0.999170
val_cc,0.039604,0.853045,0.999170
val_cc,0.039566,0.852894,0.999170
val_cc,0.039558,0.852743,0.999170
val_cc,0.039552,0.852592,0.999170
val_cc,0.039424,0.852442,0.999170
val_cc,0.039417,0.852291,0.999170
val_cc,0.039416,0.852140,0.999170
val_cc,0.039041,0.851989,0.999170
val_cc,0.038864,0.851839,0.999170
val_cc,0.038734,0.851688,0.999170
val_cc,0.038719,0.851538,0.999170
val_cc,0.038665,0.851387,0.999170
val_cc,0.038612,0.851237,0.999170
val_cc,0.038572,0.851086,0.999170
val_cc,0.038564,0.850936,0.999170
val_cc,0.038507,0.850786,0.999170
val_cc,0.038398,0.850636,0.999170
val_cc,0.038378,0.850485,0.999170
val_cc,0.038376,0.850335,0.999170
val_cc,0.038295,0.850185,0.999170
val_cc,0.038237,0.850035,0.999170
val_cc,0.038230,0.849885,0.999170
val_cc,0.038121,0.849735,0.999170
val_cc,0.038062,0.849586,0.999170
val_cc,0.038037,0.849436,0.999170
val_cc,0.037818,0.849286,0.999170
val_cc,0.037709,0.849136,0.999170
val_cc,0.037522,0.848987,0.999170
val_cc,0.037464,0.848837,0.999170
val_cc,0.037436,0.848688,0.999170
val_cc,0.037391,0.848538,0.999170
val_cc,0.037311,0.848389,0.999170
val_cc,0.037209,0.848239,0.999170
val_cc,0.037105,0.848090,0.999170
val_cc,0.037100,0.847941,0.999170
val_cc,0.037041,0.847792,0.999170
val_cc,0.037025,0.847643,0.999170
val_cc,0.037015,0.847493,0.999170
val_cc,0.036981,0.847344,0.999170
val_cc,0.036951,0.847195,0.999170
val_cc,0.036932,0.847046,0.999170
val_cc,0.036734,0.846898,0.999170
val_cc,0.036715,0.846749,0.999170
val_cc,0.036660,0.846600,0.999170
val_cc,0.036512,0.846451,0.999170
val_cc,0.036473,0.846302,0.999170
val_cc,0.036435,0.846154,0.999170
val_cc,0.036419,0.846005,0.999170
val_cc,0.036326,0.845857,0.999170
val_cc,0.036319,0.845708,0.999170
val_cc,0.036262,0.845560,0.999170
val_cc,0.036246,0.845411,0.999170
val_cc,0.036120,0.845263,0.999170
val_cc,0.036097,0.845115,0.999170
val_cc,0.036080,0.844967,0.999170
val_cc,0.036023,0.844819,0.999170
val_cc,0.036013,0.844670,0.999170
val_cc,0.035998,0.844522,0.999170
val_cc,0.035990,0.844374,0.999170
val_cc,0.035727,0.844226,0.999170
val_cc,0.035490,0.844078,0.999170
val_cc,0.035199,0.843931,0.999170
val_cc,0.035137,0.843783,0.999170
val_cc,0.035018,0.843635,0.999170
val_cc,0.034869,0.843487,0.999170
val_cc,0.034769,0.843340,0.999170
val_cc,0.034658,0.843192,0.999170
val_cc,0.034648,0.843045,0.999170
val_cc,0.034475,0.842897,0.999170
val_cc,0.034441,0.842750,0.999170
val_cc,0.034261,0.842602,0.999170
val_cc,0.034222,0.842455,0.999170
val_cc,0.034209,0.842308,0.999170
val_cc,0.034045,0.842160,0.999170
val_cc,0.033991,0.842013,0.999170
val_cc,0.033940,0.841866,0.999170
val_cc,0.033920,0.841719,0.999170
val_cc,0.033919,0.841572,0.999170
val_cc,0.033764,0.841425,0.999170
val_cc,0.033761,0.841278,0.999170
val_cc,0.033748,0.841131,0.999170
val_cc,0.033691,0.840984,0.999170
val_cc,0.033611,0.840838,0.999170
val_cc,0.033577,0.840691,0.999170
val_cc,0.033552,0.840544,0.999170
val_cc,0.033504,0.840398,0.999170
val_cc,0.033455,0.840251,0.999170
val_cc,0.033030,0.840105,0.999170
val_cc,0.033012,0.839958,0.999170
val_cc,0.032787,0.839812,0.999170
val_cc,0.032722,0.839665,0.999170
val_cc,0.032624,0.839519,0.999170
val_cc,0.032535,0.839373,0.999170
val_cc,0.032508,0.839227,0.999170
val_cc,0.032506,0.839080,0.999170
val_cc,0.032506,0.838934,0.999170
val_cc,0.032408,0.838788,0.999170
val_cc,0.032405,0.838642,0.999170
val_cc,0.032397,0.838496,0.999170
val_cc,0.032189,0.838350,0.999170
val_cc,0.031917,0.838205,0.999170
val_cc,0.031813,0.838059,0.999170
val_cc,0.031706,0.837913,0.999170
val_cc,0.031696,0.837767,0.999170
val_cc,0.031665,0.837622,0.999170
val_cc,0.031662,0.837476,0.999170
val_cc,0.031632,0.837331,0.999170
val_cc,0.031565,0.837185,0.999170
val_cc,0.031546,0.837040,0.999170
val_cc,0.031451,0.836894,0.999170
val_cc,0.031396,0.836749,0.999170
val_cc,0.031285,0.836604,0.999170
val_cc,0.031275,0.836458,0.999170
val_cc,0.031160,0.836313,0.999170
val_cc,0.031086,0.836168,0.999170
val_cc,0.031037,0.836023,0.999170
val_cc,0.031033,0.835878,0.999170
val_cc,0.031031,0.835733,0.999170
val_cc,0.030942,0.835588,0.999170
val_cc,0.030871,0.835443,0.999170
val_cc,0.030871,0.835298,0.999170
val_cc,0.030863,0.835153,0.999170
val_cc,0.030742,0.835009,0.999170
val_cc,0.030704,0.834864,0.999170
val_cc,0.030668,0.834719,0.999170
val_cc,0.030632,0.834575,0.999170
val_cc,0.030453,0.834430,0.999170
val_cc,0.030406,0.834286,0.999170
val_cc,0.030394,0.834141,0.999170
val_cc,0.030270,0.833997,0.999170
val_cc,0.030261,0.833853,0.999170
val_cc,0.030250,0.833708,0.999170
val_cc,0.030203,0.833564,0.999170
val_cc,0.030176,0.833420,0.999170
val_cc,0.030156,0.833276,0.999170
val_cc,0.030032,0.833132,0.999170
val_cc,0.030019,0.832988,0.999170
val_cc,0.030010,0.832844,0.999170
val_cc,0.030000,0.832700,0.999170
val_cc,0.029919,0.832556,0.999170
val_cc,0.029845,0.832412,0.999170
val_cc,0.029785,0.832268,0.999170
val_cc,0.029771,0.831981,0.999170
val_cc,0.029732,0.831837,0.999170
val_cc,0.029728,0.831693,0.999170
val_cc,0.029504,0.831550,0.999170
val_cc,0.029497,0.831406,0.999170
val_cc,0.029443,0.831263,0.999170
val_cc,0.029351,0.831120,0.999170
val_cc,0.029220,0.830976,0.999170
val_cc,0.029156,0.830833,0.999170
val_cc,0.029142,0.830690,0.999170
val_cc,0.029127,0.830546,0.999170
val_cc,0.028994,0.830403,0.999170
val_cc,0.028990,0.830260,0.999170
val_cc,0.028973,0.830117,0.999170
val_cc,0.028962,0.829974,0.999170
val_cc,0.028930,0.829831,0.999170
val_cc,0.028815,0.829688,0.999170
val_cc,0.028750,0.829545,0.999170
val_cc,0.028733,0.829403,0.999170
val_cc,0.028673,0.829260,0.999170
val_cc,0.028633,0.829117,0.999170
val_cc,0.028625,0.828975,0.999170
val_cc,0.028580,0.828832,0.999170
val_cc,0.028285,0.828689,0.999170
val_cc,0.028283,0.828547,0.999170
val_cc,0.028281,0.828404,0.999170
val_cc,0.028208,0.828262,0.999170
val_cc,0.028107,0.828120,0.999170
val_cc,0.028101,0.827977,0.999170
val_cc,0.028100,0.827835,0.999170
val_cc,0.028085,0.827693,0.999170
val_cc,0.028022,0.827551,0.999170
val_cc,0.027972,0.827409,0.999170
val_cc,0.027926,0.827266,0.999170
val_cc,0.027860,0.827124,0.999170
val_cc,0.027815,0.826982,0.999170
val_cc,0.027809,0.826841,0.999170
val_cc,0.027778,0.826699,0.999170
val_cc,0.027614,0.826557,0.999170
val_cc,0.027513,0.826415,0.999170
val_cc,0.027487,0.826273,0.999170
val_cc,0.027462,0.826132,0.999170
val_cc,0.027417,0.825990,0.999170
val_cc,0.027360,0.825848,0.999170
val_cc,0.027350,0.825707,0.999170
val_cc,0.027239,0.825565,0.999170
val_cc,0.027121,0.825424,0.999170
val_cc,0.026882,0.825283,0.999170
val_cc,0.026881,0.825141,0.999170
val_cc,0.026848,0.825000,0.999170
val_cc,0.026565,0.824859,0.999170
val_cc,0.026499,0.824718,0.999170
val_cc,0.026444,0.824576,0.999170
val_cc,0.026364,0.824435,0.999170
val_cc,0.026359,0.824294,0.999170
val_cc,0.026270,0.824153,0.999170
val_cc,0.026233,0.824012,0.999170
val_cc,0.026216,0.823871,0.999170
val_cc,0.026179,0.823731,0.999170
val_cc,0.026170,0.823590,0.999170
val_cc,0.026121,0.823449,0.999170
val_cc,0.026075,0.823168,0.999170
val_cc,0.026060,0.823027,0.999170
val_cc,0.026041,0.822886,0.999170
val_cc,0.025967,0.822746,0.999170
val_cc,0.025822,0.822605,0.999170
val_cc,0.025801,0.822465,0.999170
val_cc,0.025736,0.822325,0.999170
val_cc,0.025703,0.822184,0.999170
val_cc,0.025683,0.822044,0.999170
val_cc,0.025628,0.821904,0.999170
val_cc,0.025619,0.821764,0.999170
val_cc,0.025595,0.821623,0.999170
val_cc,0.025542,0.821483,0.999170
val_cc,0.025523,0.821343,0.999170
val_cc,0.025500,0.821203,0.999170
val_cc,0.025446,0.821063,0.999170
val_cc,0.025429,0.820923,0.999170
val_cc,0.025413,0.820784,0.999170
val_cc,0.025411,0.820644,0.999170
val_cc,0.025341,0.820504,0.999170
val_cc,0.025067,0.820364,0.999170
val_cc,0.025023,0.820225,0.999170
val_cc,0.024998,0.820085,0.999170
val_cc,0.024988,0.819946,0.999170
val_cc,0.024870,0.819806,0.999170
val_cc,0.024797,0.819667,0.999170
val_cc,0.024748,0.819527,0.999170
val_cc,0.024730,0.819388,0.999170
val_cc,0.024708,0.819248,0.999170
val_cc,0.024698,0.819109,0.999170
val_cc,0.024664,0.818970,0.999170
val_cc,0.024647,0.818831,0.999170
val_cc,0.024384,0.818692,0.999170
val_cc,0.024314,0.818552,0.999170
val_cc,0.024279,0.818413,0.999170
val_cc,0.024268,0.818274,0.999170
val_cc,0.024206,0.818136,0.999170
val_cc,0.024133,0.817997,0.999170
val_cc,0.024066,0.817858,0.999170
val_cc,0.023993,0.817719,0.999170
val_cc,0.023983,0.817580,0.999170
val_cc,0.023963,0.817441,0.999170
val_cc,0.023858,0.817303,0.999170
val_cc,0.023730,0.817164,0.999170
val_cc,0.023711,0.817026,0.999170
val_cc,0.023671,0.816887,0.999170
val_cc,0.023660,0.816749,0.999170
val_cc,0.023459,0.816610,0.999170
val_cc,0.023411,0.816472,0.999170
val_cc,0.023297,0.816333,0.999170
val_cc,0.023276,0.816195,0.999170
val_cc,0.023251,0.816057,0.999170
val_cc,0.023207,0.815919,0.999170
val_cc,0.023183,0.815781,0.999170
val_cc,0.023159,0.815642,0.999170
val_cc,0.023132,0.815504,0.999170
val_cc,0.023086,0.815366,0.999170
val_cc,0.023079,0.815228,0.999170
val_cc,0.022962,0.815091,0.999170
val_cc,0.022951,0.814953,0.999170
val_cc,0.022925,0.814815,0.999170
val_cc,0.022872,0.814677,0.999170
val_cc,0.022789,0.814539,0.999170
val_cc,0.022763,0.814402,0.999170
val_cc,0.022690,0.814264,0.999170
val_cc,0.022542,0.814126,0.999170
val_cc,0.022443,0.813989,0.999170
val_cc,0.022427,0.813851,0.999170
val_cc,0.022400,0.813714,0.999170
val_cc,0.022363,0.813576,0.999170
val_cc,0.022342,0.813439,0.999170
val_cc,0.022226,0.813302,0.999170
val_cc,0.022214,0.813165,0.999170
val_cc,0.022201,0.813027,0.999170
val_cc,0.022173,0.812890,0.999170
val_cc,0.022156,0.812753,0.999170
val_cc,0.022138,0.812616,0.999170
val_cc,0.022089,0.812479,0.999170
val_cc,0.022077,0.812342,0.999170
val_cc,0.022055,0.812205,0.999170
val_cc,0.021966,0.812068,0.999170
val_cc,0.021936,0.811931,0.999170
val_cc,0.021932,0.811794,0.999170
val_cc,0.021918,0.811658,0.999170
val_cc,0.021913,0.811521,0.999170
val_cc,0.021888,0.811384,0.999170
val_cc,0.021843,0.811248,0.999170
val_cc,0.021799,0.811111,0.999170
val_cc,0.021685,0.810975,0.999170
val_cc,0.021656,0.810838,0.999170
val_cc,0.021619,0.810702,0.999170
val_cc,0.021615,0.810565,0.999170
val_cc,0.021588,0.810429,0.999170
val_cc,0.021579,0.810293,0.999170
val_cc,0.021561,0.810156,0.999170
val_cc,0.021560,0.810020,0.999170
val_cc,0.021546,0.809884,0.999170
val_cc,0.021545,0.809748,0.999170
val_cc,0.021534,0.809612,0.999170
val_cc,0.021500,0.809476,0.999170
val_cc,0.021493,0.809340,0.999170
val_cc,0.021418,0.809204,0.999170
val_cc,0.021321,0.809068,0.999170
val_cc,0.021296,0.808932,0.999170
val_cc,0.021288,0.808796,0.999170
val_cc,0.021206,0.808661,0.999170
val_cc,0.021177,0.808525,0.999170
val_cc,0.021168,0.808389,0.999170
val_cc,0.021123,0.808254,0.999170
val_cc,0.021118,0.808118,0.999170
val_cc,0.021093,0.807983,0.999170
val_cc,0.021087,0.807847,0.999170
val_cc,0.021025,0.807712,0.999170
val_cc,0.020966,0.807576,0.999170
val_cc,0.020950,0.807441,0.999170
val_cc,0.020948,0.807306,0.999170
val_cc,0.020946,0.807170,0.999170
val_cc,0.020917,0.807035,0.999170
val_cc,0.020876,0.806900,0.999170
val_cc,0.020854,0.806765,0.999170
val_cc,0.020811,0.806630,0.999170
val_cc,0.020791,0.806495,0.999170
val_cc,0.020781,0.806360,0.999170
val_cc,0.020779,0.806225,0.999170
val_cc,0.020778,0.806090,0.999170
val_cc,0.020754,0.805955,0.999170
val_cc,0.020737,0.805820,0.999170
val_cc,0.020719,0.805686,0.999170
val_cc,0.020640,0.805551,0.999170
val_cc,0.020626,0.805416,0.999170
val_cc,0.020595,0.805282,0.999170
val_cc,0.020543,0.805147,0.999170
val_cc,0.020455,0.805013,0.999170
val_cc,0.020376,0.804878,0.999170
val_cc,0.020368,0.804744,0.999170
val_cc,0.020328,0.804609,0.999170
val_cc,0.020327,0.804475,0.999170
val_cc,0.020313,0.804341,0.999170
val_cc,0.020279,0.804206,0.999170
val_cc,0.020147,0.804072,0.999170
val_cc,0.020062,0.803938,0.999170
val_cc,0.020042,0.803804,0.999170
val_cc,0.019979,0.803670,0.999170
val_cc,0.019953,0.803536,0.999170
val_cc,0.019928,0.803402,0.999170
val_cc,0.019857,0.803268,0.999170
val_cc,0.019836,0.803134,0.999170
val_cc,0.019810,0.803000,0.999170
val_cc,0.019775,0.802866,0.999170
val_cc,0.019755,0.802732,0.999170
val_cc,0.019746,0.802599,0.999170
val_cc,0.019741,0.802465,0.999170
val_cc,0.019693,0.802331,0.999170
val_cc,0.019693,0.802198,0.999170
val_cc,0.019630,0.802064,0.999170
val_cc,0.019562,0.801931,0.999170
val_cc,0.019511,0.801797,0.999170
val_cc,0.019378,0.801664,0.999170
val_cc,0.019364,0.801531,0.999170
val_cc,0.019329,0.801397,0.999170
val_cc,0.019282,0.801264,0.999170
val_cc,0.019220,0.801131,0.999170
val_cc,0.019131,0.800998,0.999170
val_cc,0.019023,0.800864,0.999170
val_cc,0.019013,0.800731,0.999170
val_cc,0.018980,0.800598,0.999170
val_cc,0.018944,0.800465,0.999170
val_cc,0.018911,0.800332,0.999170
val_cc,0.018817,0.800199,0.999170
val_cc,0.018758,0.800066,0.999170
val_cc,0.018756,0.799934,0.999170
val_cc,0.018747,0.799801,0.999170
val_cc,0.018694,0.799668,0.999170
val_cc,0.018628,0.799535,0.999170
val_cc,0.018624,0.799403,0.999170
val_cc,0.018596,0.799270,0.999170
val_cc,0.018589,0.799138,0.999170
val_cc,0.018563,0.799005,0.999170
val_cc,0.018549,0.798872,0.999170
val_cc,0.018517,0.798740,0.999170
val_cc,0.018492,0.798608,0.999170
val_cc,0.018437,0.798475,0.999170
val_cc,0.018427,0.798343,0.999170
val_cc,0.018394,0.798211,0.999170
val_cc,0.018355,0.798079,0.999170
val_cc,0.018332,0.797946,0.999170
val_cc,0.018329,0.797814,0.999170
val_cc,0.018303,0.797682,0.999170
val_cc,0.018287,0.797550,0.999170
val_cc,0.018217,0.797418,0.999170
val_cc,0.018187,0.797286,0.999170
val_cc,0.018174,0.797154,0.999170
val_cc,0.018159,0.797022,0.999170
val_cc,0.018128,0.796891,0.999170
val_cc,0.018091,0.796759,0.999170
val_cc,0.018087,0.796627,0.999170
val_cc,0.018071,0.796495,0.999170
val_cc,0.017956,0.796364,0.999170
val_cc,0.017947,0.796232,0.999170
val_cc,0.017935,0.796100,0.999170
val_cc,0.017893,0.795969,0.999170
val_cc,0.017868,0.795837,0.999170
val_cc,0.017850,0.795706,0.999170
val_cc,0.017842,0.795575,0.999170
val_cc,0.017809,0.795443,0.999170
val_cc,0.017784,0.795312,0.999170
val_cc,0.017776,0.795181,0.999170
val_cc,0.017744,0.795050,0.999170
val_cc,0.017731,0.794918,0.999170
val_cc,0.017670,0.794787,0.999170
val_cc,0.017547,0.794656,0.999170
val_cc,0.017534,0.794525,0.999170
val_cc,0.017443,0.794394,0.999170
val_cc,0.017436,0.794263,0.999170
val_cc,0.017401,0.794132,0.999170
val_cc,0.017334,0.794001,0.999170
val_cc,0.017326,0.793870,0.999170
val_cc,0.017311,0.793740,0.999170
val_cc,0.017299,0.793609,0.999170
val_cc,0.017277,0.793478,0.999170
val_cc,0.017261,0.793348,0.999170
val_cc,0.017260,0.793217,0.999170
val_cc,0.017217,0.793086,0.999170
val_cc,0.017194,0.792956,0.999170
val_cc,0.017193,0.792825,0.999170
val_cc,0.017185,0.792695,0.999170
val_cc,0.017158,0.792565,0.999170
val_cc,0.017147,0.792304,0.999170
val_cc,0.017084,0.792174,0.999170
val_cc,0.017006,0.792043,0.999170
val_cc,0.016972,0.791913,0.999170
val_cc,0.016880,0.791783,0.999170
val_cc,0.016875,0.791653,0.999170
val_cc,0.016783,0.791523,0.999170
val_cc,0.016773,0.791393,0.999170
val_cc,0.016737,0.791263,0.999170
val_cc,0.016723,0.791133,0.999170
val_cc,0.016722,0.791003,0.999170
val_cc,0.016694,0.790873,0.999170
val_cc,0.016685,0.790743,0.999170
val_cc,0.016684,0.790614,0.999170
val_cc,0.016643,0.790484,0.999170
val_cc,0.016554,0.790354,0.999170
val_cc,0.016519,0.790225,0.999170
val_cc,0.016508,0.790095,0.999170
val_cc,0.016495,0.789966,0.999170
val_cc,0.016480,0.789836,0.999170
val_cc,0.016463,0.789707,0.999170
val_cc,0.016374,0.789577,0.999170
val_cc,0.016371,0.789448,0.999170
val_cc,0.016357,0.789318,0.999170
val_cc,0.016350,0.789189,0.999170
val_cc,0.016342,0.789060,0.999170
val_cc,0.016317,0.788931,0.999170
val_cc,0.016311,0.788802,0.999170
val_cc,0.016309,0.788672,0.999170
val_cc,0.016307,0.788543,0.999170
val_cc,0.016273,0.788414,0.999170
val_cc,0.016205,0.788285,0.999170
val_cc,0.016107,0.788156,0.999170
val_cc,0.016070,0.788027,0.999170
val_cc,0.016059,0.787899,0.999170
val_cc,0.016036,0.787770,0.999170
val_cc,0.015990,0.787641,0.999170
val_cc,0.015983,0.787512,0.999170
val_cc,0.015974,0.787384,0.999170
val_cc,0.015918,0.787255,0.999170
val_cc,0.015849,0.787126,0.999170
val_cc,0.015833,0.786998,0.999170
val_cc,0.015774,0.786869,0.999170
val_cc,0.015766,0.786741,0.999170
val_cc,0.015758,0.786612,0.999170
val_cc,0.015716,0.786484,0.999170
val_cc,0.015707,0.786355,0.999170
val_cc,0.015700,0.786227,0.999170
val_cc,0.015691,0.786099,0.999170
val_cc,0.015664,0.785971,0.999170
val_cc,0.015662,0.785842,0.999170
val_cc,0.015652,0.785714,0.999170
val_cc,0.015641,0.785749,0.999378
val_cc,0.015627,0.785621,0.999378
val_cc,0.015615,0.785493,0.999378
val_cc,0.015601,0.785365,0.999378
val_cc,0.015561,0.785237,0.999378
val_cc,0.015538,0.785109,0.999378
val_cc,0.015505,0.784981,0.999378
val_cc,0.015489,0.784853,0.999378
val_cc,0.015470,0.784726,0.999378
val_cc,0.015452,0.784598,0.999378
val_cc,0.015436,0.784470,0.999378
val_cc,0.015409,0.784342,0.999378
val_cc,0.015340,0.784215,0.999378
val_cc,0.015337,0.784087,0.999378
val_cc,0.015337,0.783960,0.999378
val_cc,0.015332,0.783832,0.999378
val_cc,0.015313,0.783705,0.999378
val_cc,0.015311,0.783577,0.999378
val_cc,0.015311,0.783450,0.999378
val_cc,0.015301,0.783322,0.999378
val_cc,0.015248,0.783195,0.999378
val_cc,0.015244,0.783068,0.999378
val_cc,0.015226,0.782941,0.999378
val_cc,0.015223,0.782814,0.999378
val_cc,0.015220,0.782686,0.999378
val_cc,0.015216,0.782559,0.999378
val_cc,0.015213,0.782432,0.999378
val_cc,0.015210,0.782305,0.999378
val_cc,0.015200,0.782178,0.999378
val_cc,0.015191,0.782051,0.999378
val_cc,0.015123,0.781924,0.999378
val_cc,0.015094,0.781798,0.999378
val_cc,0.015079,0.781671,0.999378
val_cc,0.015070,0.781544,0.999378
val_cc,0.015054,0.781417,0.999378
val_cc,0.015043,0.781291,0.999378
val_cc,0.015004,0.781164,0.999378
val_cc,0.014957,0.781037,0.999378
val_cc,0.014957,0.780911,0.999378
val_cc,0.014911,0.780784,0.999378
val_cc,0.014906,0.780658,0.999378
val_cc,0.014889,0.780531,0.999378
val_cc,0.014875,0.780405,0.999378
val_cc,0.014843,0.780278,0.999378
val_cc,0.014837,0.780152,0.999378
val_cc,0.014835,0.780026,0.999378
val_cc,0.014822,0.779900,0.999378
val_cc,0.014821,0.779773,0.999378
val_cc,0.014802,0.779647,0.999378
val_cc,0.014794,0.779521,0.999378
val_cc,0.014793,0.779395,0.999378
val_cc,0.014791,0.779269,0.999378
val_cc,0.014786,0.779143,0.999378
val_cc,0.014757,0.779017,0.999378
val_cc,0.014754,0.778891,0.999378
val_cc,0.014727,0.778765,0.999378
val_cc,0.014707,0.778640,0.999378
val_cc,0.014692,0.777885,0.999378
val_cc,0.014666,0.777760,0.999378
val_cc,0.014663,0.777634,0.999378
val_cc,0.014661,0.777509,0.999378
val_cc,0.014650,0.777383,0.999378
val_cc,0.014636,0.777258,0.999378
val_cc,0.014624,0.777133,0.999378
val_cc,0.014624,0.777007,0.999378
val_cc,0.014610,0.776882,0.999378
val_cc,0.014606,0.776757,0.999378
val_cc,0.014582,0.776632,0.999378
val_cc,0.014578,0.776507,0.999378
val_cc,0.014532,0.776382,0.999378
val_cc,0.014514,0.776256,0.999378
val_cc,0.014442,0.776131,0.999378
val_cc,0.014410,0.776006,0.999378
val_cc,0.014408,0.775882,0.999378
val_cc,0.014394,0.775757,0.999378
val_cc,0.014371,0.775507,0.999378
val_cc,0.014367,0.775382,0.999378
val_cc,0.014355,0.775257,0.999378
val_cc,0.014312,0.775133,0.999378
val_cc,0.014287,0.775008,0.999378
val_cc,0.014244,0.774883,0.999378
val_cc,0.014236,0.774759,0.999378
val_cc,0.014232,0.774634,0.999378
val_cc,0.014226,0.774510,0.999378
val_cc,0.014219,0.774385,0.999378
val_cc,0.014214,0.774261,0.999378
val_cc,0.014206,0.774137,0.999378
val_cc,0.014198,0.774012,0.999378
val_cc,0.014181,0.773888,0.999378
val_cc,0.014093,0.773764,0.999378
val_cc,0.014088,0.773639,0.999378
val_cc,0.014040,0.773515,0.999378
val_cc,0.014014,0.773391,0.999378
val_cc,0.013927,0.773267,0.999378
val_cc,0.013858,0.773143,0.999378
val_cc,0.013843,0.773019,0.999378
val_cc,0.013840,0.772895,0.999378
val_cc,0.013817,0.772771,0.999378
val_cc,0.013809,0.772647,0.999378
val_cc,0.013802,0.772523,0.999378
val_cc,0.013774,0.772399,0.999378
val_cc,0.013705,0.772276,0.999378
val_cc,0.013683,0.772152,0.999378
val_cc,0.013672,0.772028,0.999378
val_cc,0.013659,0.771905,0.999378
val_cc,0.013653,0.771781,0.999378
val_cc,0.013575,0.771657,0.999378
val_cc,0.013573,0.771534,0.999378
val_cc,0.013564,0.771410,0.999378
val_cc,0.013534,0.771287,0.999378
val_cc,0.013490,0.771163,0.999378
val_cc,0.013454,0.771040,0.999378
val_cc,0.013453,0.770917,0.999378
val_cc,0.013451,0.770793,0.999378
val_cc,0.013446,0.770670,0.999378
val_cc,0.013437,0.770547,0.999378
val_cc,0.013427,0.770424,0.999378
val_cc,0.013418,0.770301,0.999378
val_cc,0.013411,0.770177,0.999378
val_cc,0.013344,0.770054,0.999378
val_cc,0.013341,0.769931,0.999378
val_cc,0.013306,0.769808,0.999378
val_cc,0.013176,0.769685,0.999378
val_cc,0.013156,0.769562,0.999378
val_cc,0.013139,0.769440,0.999378
val_cc,0.013135,0.769317,0.999378
val_cc,0.013123,0.769194,0.999378
val_cc,0.013110,0.769071,0.999378
val_cc,0.013104,0.768948,0.999378
val_cc,0.013070,0.768826,0.999378
val_cc,0.013070,0.768703,0.999378
val_cc,0.013048,0.768581,0.999378
val_cc,0.013043,0.768458,0.999378
val_cc,0.013007,0.768335,0.999378
val_cc,0.012998,0.768213,0.999378
val_cc,0.012971,0.768091,0.999378
val_cc,0.012966,0.767968,0.999378
val_cc,0.012959,0.767846,0.999378
val_cc,0.012955,0.767723,0.999378
val_cc,0.012947,0.767601,0.999378
val_cc,0.012940,0.767479,0.999378
val_cc,0.012916,0.767357,0.999378
val_cc,0.012914,0.767235,0.999378
val_cc,0.012886,0.767112,0.999378
val_cc,0.012875,0.766990,0.999378
val_cc,0.012867,0.766868,0.999378
val_cc,0.012852,0.766746,0.999378
val_cc,0.012847,0.766624,0.999378
val_cc,0.012821,0.766502,0.999378
val_cc,0.012821,0.766380,0.999378
val_cc,0.012817,0.766259,0.999378
val_cc,0.012738,0.766137,0.999378
val_cc,0.012691,0.766015,0.999378
val_cc,0.012682,0.765893,0.999378
val_cc,0.012672,0.765771,0.999378
val_cc,0.012665,0.765650,0.999378
val_cc,0.012649,0.765528,0.999378
val_cc,0.012646,0.765407,0.999378
val_cc,0.012638,0.765285,0.999378
val_cc,0.012612,0.765164,0.999378
val_cc,0.012571,0.765042,0.999378
val_cc,0.012449,0.764921,0.999378
val_cc,0.012433,0.764799,0.999378
val_cc,0.012424,0.764678,0.999378
val_cc,0.012412,0.764557,0.999378
val_cc,0.012412,0.764435,0.999378
val_cc,0.012399,0.764314,0.999378
val_cc,0.012396,0.764193,0.999378
val_cc,0.012373,0.764072,0.999378
val_cc,0.012345,0.763951,0.999378
val_cc,0.012329,0.763829,0.999378
val_cc,0.012325,0.763708,0.999378
val_cc,0.012323,0.763587,0.999378
val_cc,0.012322,0.763466,0.999378
val_cc,0.012313,0.763345,0.999378
val_cc,0.012306,0.763225,0.999378
val_cc,0.012296,0.763104,0.999378
val_cc,0.012283,0.762983,0.999378
val_cc,0.012264,0.762862,0.999378
val_cc,0.012263,0.762741,0.999378
val_cc,0.012260,0.762621,0.999378
val_cc,0.012256,0.762500,0.999378
val_cc,0.012245,0.762379,0.999378
val_cc,0.012231,0.762259,0.999378
val_cc,0.012208,0.762138,0.999378
val_cc,0.012163,0.762018,0.999378
val_cc,0.012151,0.761897,0.999378
val_cc,0.012149,0.761777,0.999378
val_cc,0.012095,0.761656,0.999378
val_cc,0.012076,0.761536,0.999378
val_cc,0.012046,0.761416,0.999378
val_cc,0.012045,0.761295,0.999378
val_cc,0.012032,0.761175,0.999378
val_cc,0.012005,0.761055,0.999378
val_cc,0.012003,0.760935,0.999378
val_cc,0.012002,0.760815,0.999378
val_cc,0.011958,0.760695,0.999378
val_cc,0.011929,0.760574,0.999378
val_cc,0.011924,0.760454,0.999378
val_cc,0.011914,0.760334,0.999378
val_cc,0.011911,0.760215,0.999378
val_cc,0.011885,0.760095,0.999378
val_cc,0.011878,0.759975,0.999378
val_cc,0.011875,0.759855,0.999378
val_cc,0.011862,0.759735,0.999378
val_cc,0.011802,0.759615,0.999378
val_cc,0.011797,0.759496,0.999378
val_cc,0.011795,0.759376,0.999378
val_cc,0.011789,0.759256,0.999378
val_cc,0.011747,0.759137,0.999378
val_cc,0.011734,0.759017,0.999378
val_cc,0.011714,0.758898,0.999378
val_cc,0.011699,0.758778,0.999378
val_cc,0.011693,0.758659,0.999378
val_cc,0.011691,0.758539,0.999378
val_cc,0.011677,0.758420,0.999378
val_cc,0.011673,0.758301,0.999378
val_cc,0.011671,0.758181,0.999378
val_cc,0.011671,0.758062,0.999378
val_cc,0.011667,0.757943,0.999378
val_cc,0.011664,0.757824,0.999378
val_cc,0.011661,0.757704,0.999378
val_cc,0.011638,0.757585,0.999378
val_cc,0.011610,0.757466,0.999378
val_cc,0.011605,0.757347,0.999378
val_cc,0.011575,0.757228,0.999378
val_cc,0.011489,0.757109,0.999378
val_cc,0.011485,0.756990,0.999378
val_cc,0.011477,0.756871,0.999378
val_cc,0.011474,0.756753,0.999378
val_cc,0.011423,0.756634,0.999378
val_cc,0.011419,0.756515,0.999378
val_cc,0.011395,0.756396,0.999378
val_cc,0.011357,0.756277,0.999378
val_cc,0.011355,0.756159,0.999378
val_cc,0.011336,0.756040,0.999378
val_cc,0.011311,0.755922,0.999378
val_cc,0.011308,0.755803,0.999378
val_cc,0.011305,0.755684,0.999378
val_cc,0.011300,0.755566,0.999378
val_cc,0.011277,0.755448,0.999378
val_cc,0.011267,0.755329,0.999378
val_cc,0.011264,0.755211,0.999378
val_cc,0.011255,0.755092,0.999378
val_cc,0.011248,0.754974,0.999378
val_cc,0.011245,0.754856,0.999378
val_cc,0.011244,0.754738,0.999378
val_cc,0.011220,0.754619,0.999378
val_cc,0.011216,0.754501,0.999378
val_cc,0.011208,0.754383,0.999378
val_cc,0.011189,0.754265,0.999378
val_cc,0.011188,0.754147,0.999378
val_cc,0.011188,0.754029,0.999378
val_cc,0.011185,0.753911,0.999378
val_cc,0.011168,0.753793,0.999378
val_cc,0.011164,0.753675,0.999378
val_cc,0.011144,0.753557,0.999378
val_cc,0.011142,0.753440,0.999378
val_cc,0.011135,0.753322,0.999378
val_cc,0.011105,0.753204,0.999378
val_cc,0.011097,0.753086,0.999378
val_cc,0.011096,0.752969,0.999378
val_cc,0.011063,0.752851,0.999378
val_cc,0.011053,0.752734,0.999378
val_cc,0.011018,0.752616,0.999378
val_cc,0.011005,0.752498,0.999378
val_cc,0.010989,0.752381,0.999378
val_cc,0.010986,0.752264,0.999378
val_cc,0.010985,0.752146,0.999378
val_cc,0.010969,0.752029,0.999378
val_cc,0.010966,0.751911,0.999378
val_cc,0.010938,0.751794,0.999378
val_cc,0.010923,0.751677,0.999378
val_cc,0.010921,0.751560,0.999378
val_cc,0.010921,0.751442,0.999378
val_cc,0.010913,0.751325,0.999378
val_cc,0.010907,0.751208,0.999378
val_cc,0.010893,0.751091,0.999378
val_cc,0.010888,0.750974,0.999378
val_cc,0.010833,0.750857,0.999378
val_cc,0.010811,0.750740,0.999378
val_cc,0.010802,0.750623,0.999378
val_cc,0.010794,0.750506,0.999378
val_cc,0.010790,0.750389,0.999378
val_cc,0.010775,0.750272,0.999378
val_cc,0.010758,0.750156,0.999378
val_cc,0.010747,0.750039,0.999378
val_cc,0.010739,0.749922,0.999378
val_cc,0.010733,0.749806,0.999378
val_cc,0.010718,0.749689,0.999378
val_cc,0.010702,0.749572,0.999378
val_cc,0.010700,0.749456,0.999378
val_cc,0.010695,0.749339,0.999378
val_cc,0.010665,0.749223,0.999378
val_cc,0.010660,0.749106,0.999378
val_cc,0.010656,0.748990,0.999378
val_cc,0.010650,0.748873,0.999378
val_cc,0.010646,0.748757,0.999378
val_cc,0.010641,0.748641,0.999378
val_cc,0.010641,0.748524,0.999378
val_cc,0.010620,0.748408,0.999378
val_cc,0.010611,0.748292,0.999378
val_cc,0.010598,0.748176,0.999378
val_cc,0.010594,0.748060,0.999378
val_cc,0.010594,0.747944,0.999378
val_cc,0.010586,0.747827,0.999378
val_cc,0.010584,0.747711,0.999378
val_cc,0.010582,0.747595,0.999378
val_cc,0.010572,0.747479,0.999378
val_cc,0.010569,0.747364,0.999378
val_cc,0.010569,0.747248,0.999378
val_cc,0.010549,0.747132,0.999378
val_cc,0.010540,0.747016,0.999378
val_cc,0.010539,0.746900,0.999378
val_cc,0.010531,0.746784,0.999378
val_cc,0.010520,0.746669,0.999378
val_cc,0.010514,0.746553,0.999378
val_cc,0.010499,0.746437,0.999378
val_cc,0.010493,0.746322,0.999378
val_cc,0.010416,0.746206,0.999378
val_cc,0.010411,0.746091,0.999378
val_cc,0.010400,0.745975,0.999378
val_cc,0.010390,0.745860,0.999378
val_cc,0.010367,0.745744,0.999378
val_cc,0.010365,0.745629,0.999378
val_cc,0.010358,0.745514,0.999378
val_cc,0.010317,0.745398,0.999378
val_cc,0.010284,0.745283,0.999378
val_cc,0.010283,0.745168,0.999378
val_cc,0.010277,0.745053,0.999378
val_cc,0.010251,0.744937,0.999378
val_cc,0.010215,0.744822,0.999378
val_cc,0.010146,0.744707,0.999378
val_cc,0.010121,0.744592,0.999378
val_cc,0.010113,0.744477,0.999378
val_cc,0.010095,0.744362,0.999378
val_cc,0.010085,0.744247,0.999378
val_cc,0.010044,0.744132,0.999378
val_cc,0.010032,0.744017,0.999378
val_cc,0.010002,0.743902,0.999378
val_cc,0.009998,0.743788,0.999378
val_cc,0.009995,0.743673,0.999378
val_cc,0.009981,0.743558,0.999378
val_cc,0.009946,0.743443,0.999378
val_cc,0.009930,0.743329,0.999378
val_cc,0.009925,0.743214,0.999378
val_cc,0.009924,0.743099,0.999378
val_cc,0.009914,0.742985,0.999378
val_cc,0.009912,0.742870,0.999378
val_cc,0.009906,0.742756,0.999378
val_cc,0.009903,0.742641,0.999378
val_cc,0.009887,0.742527,0.999378
val_cc,0.009878,0.742413,0.999378
val_cc,0.009866,0.742298,0.999378
val_cc,0.009850,0.742184,0.999378
val_cc,0.009831,0.742070,0.999378
val_cc,0.009791,0.741955,0.999378
val_cc,0.009774,0.741841,0.999378
val_cc,0.009743,0.741727,0.999378
val_cc,0.009734,0.741613,0.999378
val_cc,0.009704,0.741499,0.999378
val_cc,0.009693,0.741385,0.999378
val_cc,0.009667,0.741271,0.999378
val_cc,0.009655,0.741157,0.999378
val_cc,0.009640,0.741043,0.999378
val_cc,0.009635,0.740929,0.999378
val_cc,0.009621,0.740815,0.999378
val_cc,0.009616,0.740701,0.999378
val_cc,0.009609,0.740587,0.999378
val_cc,0.009602,0.740473,0.999378
val_cc,0.009592,0.740360,0.999378
val_cc,0.009566,0.740246,0.999378
val_cc,0.009565,0.740132,0.999378
val_cc,0.009549,0.740018,0.999378
val_cc,0.009547,0.739905,0.999378
val_cc,0.009546,0.739791,0.999378
val_cc,0.009545,0.739678,0.999378
val_cc,0.009544,0.739564,0.999378
val_cc,0.009531,0.739451,0.999378
val_cc,0.009529,0.739337,0.999378
val_cc,0.009528,0.739224,0.999378
val_cc,0.009507,0.739110,0.999378
val_cc,0.009499,0.738997,0.999378
val_cc,0.009480,0.738884,0.999378
val_cc,0.009472,0.738771,0.999378
val_cc,0.009464,0.738657,0.999378
val_cc,0.009458,0.738544,0.999378
val_cc,0.009446,0.738431,0.999378
val_cc,0.009431,0.738318,0.999378
val_cc,0.009428,0.738205,0.999378
val_cc,0.009419,0.738092,0.999378
val_cc,0.009408,0.737979,0.999378
val_cc,0.009377,0.737866,0.999378
val_cc,0.009357,0.737753,0.999378
val_cc,0.009352,0.737640,0.999378
val_cc,0.009349,0.737527,0.999378
val_cc,0.009347,0.737414,0.999378
val_cc,0.009345,0.737301,0.999378
val_cc,0.009319,0.737188,0.999378
val_cc,0.009295,0.737076,0.999378
val_cc,0.009294,0.736963,0.999378
val_cc,0.009287,0.736850,0.999378
val_cc,0.009282,0.736738,0.999378
val_cc,0.009276,0.736625,0.999378
val_cc,0.009271,0.736512,0.999378
val_cc,0.009270,0.736400,0.999378
val_cc,0.009265,0.736287,0.999378
val_cc,0.009234,0.736175,0.999378
val_cc,0.009184,0.736062,0.999378
val_cc,0.009179,0.735950,0.999378
val_cc,0.009169,0.735838,0.999378
val_cc,0.009168,0.735725,0.999378
val_cc,0.009155,0.735613,0.999378
val_cc,0.009152,0.735501,0.999378
val_cc,0.009132,0.735388,0.999378
val_cc,0.009128,0.735276,0.999378
val_cc,0.009119,0.735164,0.999378
val_cc,0.009112,0.735052,0.999378
val_cc,0.009092,0.734940,0.999378
val_cc,0.009090,0.734828,0.999378
val_cc,0.009082,0.734716,0.999378
val_cc,0.009061,0.734604,0.999378
val_cc,0.009058,0.734492,0.999378
val_cc,0.009040,0.734380,0.999378
val_cc,0.009033,0.734268,0.999378
val_cc,0.008995,0.734156,0.999378
val_cc,0.008981,0.734044,0.999378
val_cc,0.008977,0.733932,0.999378
val_cc,0.008967,0.733821,0.999378
val_cc,0.008955,0.733709,0.999378
val_cc,0.008940,0.733597,0.999378
val_cc,0.008932,0.733486,0.999378
val_cc,0.008927,0.733374,0.999378
val_cc,0.008922,0.733262,0.999378
val_cc,0.008921,0.733151,0.999378
val_cc,0.008910,0.733039,0.999378
val_cc,0.008902,0.732928,0.999378
val_cc,0.008899,0.732816,0.999378
val_cc,0.008892,0.732705,0.999378
val_cc,0.008876,0.732593,0.999378
val_cc,0.008876,0.732482,0.999378
val_cc,0.008871,0.732371,0.999378
val_cc,0.008856,0.732260,0.999378
val_cc,0.008831,0.732148,0.999378
val_cc,0.008820,0.732037,0.999378
val_cc,0.008812,0.731926,0.999378
val_cc,0.008808,0.731815,0.999378
val_cc,0.008806,0.731704,0.999378
val_cc,0.008799,0.731593,0.999378
val_cc,0.008795,0.731481,0.999378
val_cc,0.008795,0.731370,0.999378
val_cc,0.008787,0.731259,0.999378
val_cc,0.008787,0.731149,0.999378
val_cc,0.008784,0.731038,0.999378
val_cc,0.008762,0.730927,0.999378
val_cc,0.008712,0.730816,0.999378
val_cc,0.008702,0.730705,0.999378
val_cc,0.008691,0.730594,0.999378
val_cc,0.008675,0.730484,0.999378
val_cc,0.008671,0.730373,0.999378
val_cc,0.008668,0.730262,0.999378
val_cc,0.008665,0.730152,0.999378
val_cc,0.008659,0.730041,0.999378
val_cc,0.008649,0.729930,0.999378
val_cc,0.008631,0.729820,0.999378
val_cc,0.008615,0.729709,0.999378
val_cc,0.008589,0.729599,0.999378
val_cc,0.008562,0.729488,0.999378
val_cc,0.008557,0.729378,0.999378
val_cc,0.008537,0.729268,0.999378
val_cc,0.008532,0.729157,0.999378
val_cc,0.008532,0.729047,0.999378
val_cc,0.008518,0.728937,0.999378
val_cc,0.008515,0.728826,0.999378
val_cc,0.008498,0.728716,0.999378
val_cc,0.008490,0.728606,0.999378
val_cc,0.008477,0.728496,0.999378
val_cc,0.008469,0.728386,0.999378
val_cc,0.008448,0.728276,0.999378
val_cc,0.008439,0.728166,0.999378
val_cc,0.008433,0.728056,0.999378
val_cc,0.008433,0.727946,0.999378
val_cc,0.008408,0.727836,0.999378
val_cc,0.008404,0.727726,0.999378
val_cc,0.008382,0.727616,0.999378
val_cc,0.008380,0.727506,0.999378
val_cc,0.008376,0.727396,0.999378
val_cc,0.008372,0.727286,0.999378
val_cc,0.008354,0.727177,0.999378
val_cc,0.008354,0.727067,0.999378
val_cc,0.008350,0.726957,0.999378
val_cc,0.008342,0.726848,0.999378
val_cc,0.008303,0.726738,0.999378
val_cc,0.008278,0.726628,0.999378
val_cc,0.008274,0.726519,0.999378
val_cc,0.008268,0.726409,0.999378
val_cc,0.008232,0.726300,0.999378
val_cc,0.008200,0.726190,0.999378
val_cc,0.008185,0.726081,0.999378
val_cc,0.008185,0.725972,0.999378
val_cc,0.008184,0.725862,0.999378
val_cc,0.008184,0.725753,0.999378
val_cc,0.008182,0.725644,0.999378
val_cc,0.008156,0.725534,0.999378
val_cc,0.008134,0.725425,0.999378
val_cc,0.008125,0.725316,0.999378
val_cc,0.008111,0.725207,0.999378
val_cc,0.008103,0.725098,0.999378
val_cc,0.008092,0.724989,0.999378
val_cc,0.008087,0.724880,0.999378
val_cc,0.008084,0.724771,0.999378
val_cc,0.008067,0.724662,0.999378
val_cc,0.008041,0.724553,0.999378
val_cc,0.008025,0.724444,0.999378
val_cc,0.008000,0.724335,0.999378
val_cc,0.007959,0.724226,0.999378
val_cc,0.007955,0.724117,0.999378
val_cc,0.007950,0.724008,0.999378
val_cc,0.007942,0.723900,0.999378
val_cc,0.007931,0.723791,0.999378
val_cc,0.007930,0.723682,0.999378
val_cc,0.007916,0.723574,0.999378
val_cc,0.007914,0.723465,0.999378
val_cc,0.007900,0.723356,0.999378
val_cc,0.007898,0.723248,0.999378
val_cc,0.007897,0.723139,0.999378
val_cc,0.007883,0.723031,0.999378
val_cc,0.007879,0.722922,0.999378
val_cc,0.007878,0.722814,0.999378
val_cc,0.007863,0.722705,0.999378
val_cc,0.007852,0.722597,0.999378
val_cc,0.007851,0.722489,0.999378
val_cc,0.007850,0.722380,0.999378
val_cc,0.007825,0.722272,0.999378
val_cc,0.007815,0.722164,0.999378
val_cc,0.007801,0.722056,0.999378
val_cc,0.007796,0.721948,0.999378
val_cc,0.007785,0.721839,0.999378
val_cc,0.007781,0.721731,0.999378
val_cc,0.007763,0.721623,0.999378
val_cc,0.007752,0.721515,0.999378
val_cc,0.007715,0.721407,0.999378
val_cc,0.007696,0.721299,0.999378
val_cc,0.007681,0.721191,0.999378
val_cc,0.007677,0.721083,0.999378
val_cc,0.007656,0.720975,0.999378
val_cc,0.007646,0.720868,0.999378
val_cc,0.007634,0.720760,0.999378
val_cc,0.007623,0.720652,0.999378
val_cc,0.007611,0.720544,0.999378
val_cc,0.007601,0.720437,0.999378
val_cc,0.007600,0.720329,0.999378
val_cc,0.007590,0.720221,0.999378
val_cc,0.007589,0.720114,0.999378
val_cc,0.007588,0.720006,0.999378
val_cc,0.007579,0.719898,0.999378
val_cc,0.007572,0.719791,0.999378
val_cc,0.007556,0.719683,0.999378
val_cc,0.007545,0.719576,0.999378
val_cc,0.007539,0.719468,0.999378
val_cc,0.007533,0.719361,0.999378
val_cc,0.007531,0.719254,0.999378
val_cc,0.007531,0.719146,0.999378
val_cc,0.007522,0.719039,0.999378
val_cc,0.007519,0.718932,0.999378
val_cc,0.007505,0.718825,0.999378
val_cc,0.007475,0.718717,0.999378
val_cc,0.007467,0.718610,0.999378
val_cc,0.007464,0.718503,0.999378
val_cc,0.007464,0.718396,0.999378
val_cc,0.007442,0.718289,0.999378
val_cc,0.007441,0.718182,0.999378
val_cc,0.007438,0.718075,0.999378
val_cc,0.007416,0.717968,0.999378
val_cc,0.007405,0.717861,0.999378
val_cc,0.007397,0.717754,0.999378
val_cc,0.007368,0.717647,0.999378
val_cc,0.007364,0.717540,0.999378
val_cc,0.007362,0.717433,0.999378
val_cc,0.007357,0.717327,0.999378
val_cc,0.007337,0.717220,0.999378
val_cc,0.007335,0.717113,0.999378
val_cc,0.007332,0.717006,0.999378
val_cc,0.007310,0.716900,0.999378
val_cc,0.007306,0.716793,0.999378
val_cc,0.007305,0.716686,0.999378
val_cc,0.007297,0.716580,0.999378
val_cc,0.007268,0.716473,0.999378
val_cc,0.007264,0.716367,0.999378
val_cc,0.007262,0.716260,0.999378
val_cc,0.007246,0.716154,0.999378
val_cc,0.007233,0.716048,0.999378
val_cc,0.007227,0.715941,0.999378
val_cc,0.007226,0.715835,0.999378
val_cc,0.007221,0.715729,0.999378
val_cc,0.007205,0.715622,0.999378
val_cc,0.007204,0.715516,0.999378
val_cc,0.007202,0.715410,0.999378
val_cc,0.007201,0.715304,0.999378
val_cc,0.007180,0.715197,0.999378
val_cc,0.007180,0.715091,0.999378
val_cc,0.007175,0.714985,0.999378
val_cc,0.007172,0.714879,0.999378
val_cc,0.007167,0.714773,0.999378
val_cc,0.007162,0.714667,0.999378
val_cc,0.007156,0.714561,0.999378
val_cc,0.007148,0.714455,0.999378
val_cc,0.007145,0.714349,0.999378
val_cc,0.007142,0.714243,0.999378
val_cc,0.007139,0.714138,0.999378
val_cc,0.007130,0.714032,0.999378
val_cc,0.007128,0.713926,0.999378
val_cc,0.007121,0.713820,0.999378
val_cc,0.007115,0.713714,0.999378
val_cc,0.007097,0.713609,0.999378
val_cc,0.007092,0.713503,0.999378
val_cc,0.007079,0.713397,0.999378
val_cc,0.007062,0.713292,0.999378
val_cc,0.007056,0.713186,0.999378
val_cc,0.007052,0.713081,0.999378
val_cc,0.007051,0.712975,0.999378
val_cc,0.007036,0.712870,0.999378
val_cc,0.007035,0.712764,0.999378
val_cc,0.007011,0.712659,0.999378
val_cc,0.007009,0.712554,0.999378
val_cc,0.007006,0.712448,0.999378
val_cc,0.007005,0.712343,0.999378
val_cc,0.006999,0.712238,0.999378
val_cc,0.006995,0.712132,0.999378
val_cc,0.006994,0.712027,0.999378
val_cc,0.006991,0.711922,0.999378
val_cc,0.006990,0.711817,0.999378
val_cc,0.006982,0.711712,0.999378
val_cc,0.006975,0.711607,0.999378
val_cc,0.006975,0.711502,0.999378
val_cc,0.006968,0.711397,0.999378
val_cc,0.006966,0.711292,0.999378
val_cc,0.006952,0.711187,0.999378
val_cc,0.006950,0.711082,0.999378
val_cc,0.006948,0.710977,0.999378
val_cc,0.006942,0.710872,0.999378
val_cc,0.006937,0.710767,0.999378
val_cc,0.006924,0.710662,0.999378
val_cc,0.006922,0.710557,0.999378
val_cc,0.006913,0.710453,0.999378
val_cc,0.006906,0.710348,0.999378
val_cc,0.006877,0.710243,0.999378
val_cc,0.006871,0.710139,0.999378
val_cc,0.006866,0.710034,0.999378
val_cc,0.006862,0.709929,0.999378
val_cc,0.006845,0.709825,0.999378
val_cc,0.006840,0.709720,0.999378
val_cc,0.006833,0.709616,0.999378
val_cc,0.006821,0.709511,0.999378
val_cc,0.006815,0.709407,0.999378
val_cc,0.006812,0.709302,0.999378
val_cc,0.006806,0.709198,0.999378
val_cc,0.006793,0.709094,0.999378
val_cc,0.006790,0.708989,0.999378
val_cc,0.006788,0.708885,0.999378
val_cc,0.006788,0.708781,0.999378
val_cc,0.006784,0.708676,0.999378
val_cc,0.006768,0.708572,0.999378
val_cc,0.006767,0.708468,0.999378
val_cc,0.006761,0.708364,0.999378
val_cc,0.006757,0.708260,0.999378
val_cc,0.006749,0.708156,0.999378
val_cc,0.006746,0.708052,0.999378
val_cc,0.006740,0.707948,0.999378
val_cc,0.006733,0.707844,0.999378
val_cc,0.006733,0.707740,0.999378
val_cc,0.006727,0.707636,0.999378
val_cc,0.006726,0.707532,0.999378
val_cc,0.006713,0.707428,0.999378
val_cc,0.006711,0.707324,0.999378
val_cc,0.006702,0.707220,0.999378
val_cc,0.006691,0.707117,0.999378
val_cc,0.006691,0.707013,0.999378
val_cc,0.006681,0.706909,0.999378
val_cc,0.006680,0.706806,0.999378
val_cc,0.006668,0.706702,0.999378
val_cc,0.006661,0.706598,0.999378
val_cc,0.006649,0.706495,0.999378
val_cc,0.006648,0.706391,0.999378
val_cc,0.006639,0.706288,0.999378
val_cc,0.006636,0.706184,0.999378
val_cc,0.006630,0.706081,0.999378
val_cc,0.006626,0.705977,0.999378
val_cc,0.006623,0.705874,0.999378
val_cc,0.006615,0.705770,0.999378
val_cc,0.006600,0.705667,0.999378
val_cc,0.006596,0.705564,0.999378
val_cc,0.006583,0.705460,0.999378
val_cc,0.006569,0.705357,0.999378
val_cc,0.006560,0.705254,0.999378
val_cc,0.006557,0.705151,0.999378
val_cc,0.006545,0.705048,0.999378
val_cc,0.006527,0.704944,0.999378
val_cc,0.006518,0.704841,0.999378
val_cc,0.006513,0.704738,0.999378
val_cc,0.006511,0.704635,0.999378
val_cc,0.006509,0.704532,0.999378
val_cc,0.006508,0.704429,0.999378
val_cc,0.006508,0.704326,0.999378
val_cc,0.006503,0.704223,0.999378
val_cc,0.006502,0.704120,0.999378
val_cc,0.006489,0.704018,0.999378
val_cc,0.006481,0.703915,0.999378
val_cc,0.006468,0.703812,0.999378
val_cc,0.006466,0.703709,0.999378
val_cc,0.006441,0.703606,0.999378
val_cc,0.006429,0.703504,0.999378
val_cc,0.006420,0.703401,0.999378
val_cc,0.006418,0.703298,0.999378
val_cc,0.006399,0.703196,0.999378
val_cc,0.006392,0.703093,0.999378
val_cc,0.006391,0.702991,0.999378
val_cc,0.006375,0.702888,0.999378
val_cc,0.006361,0.702785,0.999378
val_cc,0.006360,0.702683,0.999378
val_cc,0.006347,0.702581,0.999378
val_cc,0.006339,0.702478,0.999378
val_cc,0.006336,0.702376,0.999378
val_cc,0.006325,0.702273,0.999378
val_cc,0.006317,0.702171,0.999378
val_cc,0.006309,0.702069,0.999378
val_cc,0.006304,0.701966,0.999378
val_cc,0.006303,0.701864,0.999378
val_cc,0.006299,0.701762,0.999378
val_cc,0.006291,0.701660,0.999378
val_cc,0.006289,0.701558,0.999378
val_cc,0.006287,0.701456,0.999378
val_cc,0.006281,0.701354,0.999378
val_cc,0.006277,0.701251,0.999378
val_cc,0.006275,0.701149,0.999378
val_cc,0.006273,0.701047,0.999378
val_cc,0.006266,0.700945,0.999378
val_cc,0.006253,0.700844,0.999378
val_cc,0.006232,0.700742,0.999378
val_cc,0.006219,0.700640,0.999378
val_cc,0.006214,0.700538,0.999378
val_cc,0.006214,0.700436,0.999378
val_cc,0.006210,0.700334,0.999378
val_cc,0.006209,0.700232,0.999378
val_cc,0.006197,0.700131,0.999378
val_cc,0.006196,0.700029,0.999378
val_cc,0.006192,0.699927,0.999378
val_cc,0.006187,0.699826,0.999378
val_cc,0.006182,0.699724,0.999378
val_cc,0.006180,0.699623,0.999378
val_cc,0.006173,0.699521,0.999378
val_cc,0.006173,0.699419,0.999378
val_cc,0.006172,0.699318,0.999378
val_cc,0.006168,0.699216,0.999378
val_cc,0.006167,0.699115,0.999378
val_cc,0.006154,0.699014,0.999378
val_cc,0.006152,0.698912,0.999378
val_cc,0.006138,0.698811,0.999378
val_cc,0.006128,0.698710,0.999378
val_cc,0.006126,0.698608,0.999378
val_cc,0.006121,0.698507,0.999378
val_cc,0.006120,0.698406,0.999378
val_cc,0.006120,0.698305,0.999378
val_cc,0.006109,0.698203,0.999378
val_cc,0.006109,0.698102,0.999378
val_cc,0.006105,0.698001,0.999378
val_cc,0.006082,0.697900,0.999378
val_cc,0.006079,0.697799,0.999378
val_cc,0.006077,0.697698,0.999378
val_cc,0.006044,0.697597,0.999378
val_cc,0.006040,0.697496,0.999378
val_cc,0.006038,0.697395,0.999378
val_cc,0.006033,0.697294,0.999378
val_cc,0.006029,0.697193,0.999378
val_cc,0.006025,0.697092,0.999378
val_cc,0.006020,0.696992,0.999378
val_cc,0.006015,0.696891,0.999378
val_cc,0.006015,0.696790,0.999378
val_cc,0.006005,0.696689,0.999378
val_cc,0.005999,0.696589,0.999378
val_cc,0.005995,0.696488,0.999378
val_cc,0.005992,0.696387,0.999378
val_cc,0.005988,0.696287,0.999378
val_cc,0.005983,0.696186,0.999378
val_cc,0.005981,0.696086,0.999378
val_cc,0.005961,0.695985,0.999378
val_cc,0.005956,0.695884,0.999378
val_cc,0.005956,0.695784,0.999378
val_cc,0.005949,0.695684,0.999378
val_cc,0.005939,0.695583,0.999378
val_cc,0.005936,0.695483,0.999378
val_cc,0.005925,0.695382,0.999378
val_cc,0.005912,0.695282,0.999378
val_cc,0.005910,0.695182,0.999378
val_cc,0.005904,0.695081,0.999378
val_cc,0.005890,0.694981,0.999378
val_cc,0.005865,0.694881,0.999378
val_cc,0.005862,0.694781,0.999378
val_cc,0.005861,0.694681,0.999378
val_cc,0.005859,0.694581,0.999378
val_cc,0.005857,0.694480,0.999378
val_cc,0.005848,0.694380,0.999378
val_cc,0.005846,0.694280,0.999378
val_cc,0.005826,0.694180,0.999378
val_cc,0.005823,0.694080,0.999378
val_cc,0.005822,0.693980,0.999378
val_cc,0.005816,0.693880,0.999378
val_cc,0.005802,0.693781,0.999378
val_cc,0.005797,0.693681,0.999378
val_cc,0.005791,0.693581,0.999378
val_cc,0.005781,0.693481,0.999378
val_cc,0.005775,0.693381,0.999378
val_cc,0.005770,0.693282,0.999378
val_cc,0.005766,0.693182,0.999378
val_cc,0.005763,0.693082,0.999378
val_cc,0.005763,0.692982,0.999378
val_cc,0.005761,0.692883,0.999378
val_cc,0.005758,0.692783,0.999378
val_cc,0.005753,0.692684,0.999378
val_cc,0.005753,0.692584,0.999378
val_cc,0.005752,0.692485,0.999378
val_cc,0.005745,0.692385,0.999378
val_cc,0.005744,0.692286,0.999378
val_cc,0.005736,0.692186,0.999378
val_cc,0.005729,0.692087,0.999378
val_cc,0.005727,0.691987,0.999378
val_cc,0.005726,0.691888,0.999378
val_cc,0.005725,0.691789,0.999378
val_cc,0.005720,0.691689,0.999378
val_cc,0.005718,0.691590,0.999378
val_cc,0.005711,0.691491,0.999378
val_cc,0.005710,0.691392,0.999378
val_cc,0.005701,0.691292,0.999378
val_cc,0.005696,0.691193,0.999378
val_cc,0.005692,0.691094,0.999378
val_cc,0.005680,0.690995,0.999378
val_cc,0.005677,0.690896,0.999378
val_cc,0.005668,0.690797,0.999378
val_cc,0.005667,0.690698,0.999378
val_cc,0.005666,0.690599,0.999378
val_cc,0.005664,0.690500,0.999378
val_cc,0.005650,0.690401,0.999378
val_cc,0.005645,0.690302,0.999378
val_cc,0.005645,0.690203,0.999378
val_cc,0.005643,0.690105,0.999378
val_cc,0.005636,0.690006,0.999378
val_cc,0.005632,0.689907,0.999378
val_cc,0.005623,0.689808,0.999378
val_cc,0.005616,0.689709,0.999378
val_cc,0.005613,0.689611,0.999378
val_cc,0.005607,0.689512,0.999378
val_cc,0.005590,0.689413,0.999378
val_cc,0.005572,0.689315,0.999378
val_cc,0.005568,0.689216,0.999378
val_cc,0.005562,0.689118,0.999378
val_cc,0.005549,0.689019,0.999378
val_cc,0.005545,0.688921,0.999378
val_cc,0.005531,0.688822,0.999378
val_cc,0.005526,0.688724,0.999378
val_cc,0.005520,0.688625,0.999378
val_cc,0.005516,0.688527,0.999378
val_cc,0.005499,0.688429,0.999378
val_cc,0.005491,0.688330,0.999378
val_cc,0.005485,0.688232,0.999378
val_cc,0.005472,0.688134,0.999378
val_cc,0.005469,0.688035,0.999378
val_cc,0.005468,0.687937,0.999378
val_cc,0.005468,0.687839,0.999378
val_cc,0.005444,0.687741,0.999378
val_cc,0.005436,0.687643,0.999378
val_cc,0.005429,0.687545,0.999378
val_cc,0.005427,0.687447,0.999378
val_cc,0.005425,0.687348,0.999378
val_cc,0.005422,0.687250,0.999378
val_cc,0.005418,0.687152,0.999378
val_cc,0.005410,0.687054,0.999378
val_cc,0.005409,0.686957,0.999378
val_cc,0.005405,0.686859,0.999378
val_cc,0.005402,0.686761,0.999378
val_cc,0.005399,0.686663,0.999378
val_cc,0.005386,0.686565,0.999378
val_cc,0.005384,0.686467,0.999378
val_cc,0.005381,0.686369,0.999378
val_cc,0.005376,0.686272,0.999378
val_cc,0.005371,0.686174,0.999378
val_cc,0.005366,0.686076,0.999378
val_cc,0.005364,0.685979,0.999378
val_cc,0.005356,0.685881,0.999378
val_cc,0.005354,0.685783,0.999378
val_cc,0.005352,0.685686,0.999378
val_cc,0.005335,0.685588,0.999378
val_cc,0.005329,0.685491,0.999378
val_cc,0.005314,0.685393,0.999378
val_cc,0.005312,0.685296,0.999378
val_cc,0.005311,0.685198,0.999378
val_cc,0.005309,0.685101,0.999378
val_cc,0.005304,0.685004,0.999378
val_cc,0.005301,0.684906,0.999378
val_cc,0.005300,0.684809,0.999378
val_cc,0.005298,0.684712,0.999378
val_cc,0.005292,0.684614,0.999378
val_cc,0.005290,0.684517,0.999378
val_cc,0.005284,0.684420,0.999378
val_cc,0.005283,0.684323,0.999378
val_cc,0.005282,0.684225,0.999378
val_cc,0.005271,0.684128,0.999378
val_cc,0.005266,0.684031,0.999378
val_cc,0.005255,0.683934,0.999378
val_cc,0.005243,0.683837,0.999378
val_cc,0.005218,0.683740,0.999378
val_cc,0.005217,0.683643,0.999378
val_cc,0.005211,0.683546,0.999378
val_cc,0.005188,0.683449,0.999378
val_cc,0.005162,0.683352,0.999378
val_cc,0.005153,0.683255,0.999378
val_cc,0.005152,0.683158,0.999378
val_cc,0.005136,0.683062,0.999378
val_cc,0.005131,0.682965,0.999378
val_cc,0.005130,0.682868,0.999378
val_cc,0.005129,0.682578,0.999378
val_cc,0.005128,0.682481,0.999378
val_cc,0.005119,0.682385,0.999378
val_cc,0.005116,0.682288,0.999378
val_cc,0.005109,0.682191,0.999378
val_cc,0.005105,0.682095,0.999378
val_cc,0.005103,0.681998,0.999378
val_cc,0.005103,0.681902,0.999378
val_cc,0.005103,0.681805,0.999378
val_cc,0.005090,0.681709,0.999378
val_cc,0.005080,0.681612,0.999378
val_cc,0.005077,0.681516,0.999378
val_cc,0.005074,0.681420,0.999378
val_cc,0.005072,0.681323,0.999378
val_cc,0.005064,0.681227,0.999378
val_cc,0.005040,0.681131,0.999378
val_cc,0.005038,0.681034,0.999378
val_cc,0.005024,0.680938,0.999378
val_cc,0.005023,0.680842,0.999378
val_cc,0.005022,0.680746,0.999378
val_cc,0.004979,0.680650,0.999378
val_cc,0.004974,0.680554,0.999378
val_cc,0.004965,0.680457,0.999378
val_cc,0.004956,0.680361,0.999378
val_cc,0.004951,0.680265,0.999378
val_cc,0.004949,0.680169,0.999378
val_cc,0.004945,0.680073,0.999378
val_cc,0.004938,0.679977,0.999378
val_cc,0.004937,0.679881,0.999378
val_cc,0.004933,0.679786,0.999378
val_cc,0.004930,0.679690,0.999378
val_cc,0.004929,0.679594,0.999378
val_cc,0.004928,0.679498,0.999378
val_cc,0.004912,0.679402,0.999378
val_cc,0.004911,0.679306,0.999378
val_cc,0.004905,0.679211,0.999378
val_cc,0.004888,0.679115,0.999378
val_cc,0.004885,0.679019,0.999378
val_cc,0.004876,0.678924,0.999378
val_cc,0.004872,0.678828,0.999378
val_cc,0.004870,0.678732,0.999378
val_cc,0.004865,0.678637,0.999378
val_cc,0.004864,0.678541,0.999378
val_cc,0.004853,0.678446,0.999378
val_cc,0.004850,0.678350,0.999378
val_cc,0.004849,0.678255,0.999378
val_cc,0.004848,0.678159,0.999378
val_cc,0.004843,0.678064,0.999378
val_cc,0.004841,0.677968,0.999378
val_cc,0.004840,0.677873,0.999378
val_cc,0.004831,0.677778,0.999378
val_cc,0.004828,0.677682,0.999378
val_cc,0.004824,0.677587,0.999378
val_cc,0.004818,0.677492,0.999378
val_cc,0.004814,0.677397,0.999378
val_cc,0.004812,0.677301,0.999378
val_cc,0.004811,0.677206,0.999378
val_cc,0.004804,0.677111,0.999378
val_cc,0.004784,0.677016,0.999378
val_cc,0.004775,0.676921,0.999378
val_cc,0.004773,0.676826,0.999378
val_cc,0.004771,0.676731,0.999378
val_cc,0.004769,0.676636,0.999378
val_cc,0.004767,0.676541,0.999378
val_cc,0.004764,0.676446,0.999378
val_cc,0.004758,0.676351,0.999378
val_cc,0.004754,0.676256,0.999378
val_cc,0.004751,0.676161,0.999378
val_cc,0.004749,0.676066,0.999378
val_cc,0.004719,0.675971,0.999378
val_cc,0.004715,0.675877,0.999378
val_cc,0.004706,0.675782,0.999378
val_cc,0.004698,0.675687,0.999378
val_cc,0.004698,0.675592,0.999378
val_cc,0.004697,0.675498,0.999378
val_cc,0.004693,0.675403,0.999378
val_cc,0.004686,0.675308,0.999378
val_cc,0.004684,0.675214,0.999378
val_cc,0.004684,0.675119,0.999378
val_cc,0.004681,0.675025,0.999378
val_cc,0.004677,0.674930,0.999378
val_cc,0.004671,0.674835,0.999378
val_cc,0.004667,0.674552,0.999378
val_cc,0.004660,0.674458,0.999378
val_cc,0.004656,0.674363,0.999378
val_cc,0.004647,0.674269,0.999378
val_cc,0.004634,0.674175,0.999378
val_cc,0.004633,0.674080,0.999378
val_cc,0.004626,0.673986,0.999378
val_cc,0.004626,0.673892,0.999378
val_cc,0.004625,0.673798,0.999378
val_cc,0.004622,0.673703,0.999378
val_cc,0.004618,0.673609,0.999378
val_cc,0.004602,0.673515,0.999378
val_cc,0.004599,0.673421,0.999378
val_cc,0.004589,0.673327,0.999378
val_cc,0.004588,0.673233,0.999378
val_cc,0.004588,0.673139,0.999378
val_cc,0.004586,0.673045,0.999378
val_cc,0.004584,0.672951,0.999378
val_cc,0.004581,0.672857,0.999378
val_cc,0.004579,0.672763,0.999378
val_cc,0.004578,0.672669,0.999378
val_cc,0.004557,0.672575,0.999378
val_cc,0.004556,0.672481,0.999378
val_cc,0.004554,0.672387,0.999378
val_cc,0.004551,0.672294,0.999378
val_cc,0.004550,0.672200,0.999378
val_cc,0.004539,0.672106,0.999378
val_cc,0.004538,0.672012,0.999378
val_cc,0.004534,0.671919,0.999378
val_cc,0.004526,0.671825,0.999378
val_cc,0.004524,0.671731,0.999378
val_cc,0.004517,0.671638,0.999378
val_cc,0.004504,0.671544,0.999378
val_cc,0.004503,0.671450,0.999378
val_cc,0.004495,0.671357,0.999378
val_cc,0.004491,0.671263,0.999378
val_cc,0.004485,0.671170,0.999378
val_cc,0.004483,0.671076,0.999378
val_cc,0.004480,0.670983,0.999378
val_cc,0.004476,0.670890,0.999378
val_cc,0.004468,0.670796,0.999378
val_cc,0.004465,0.670703,0.999378
val_cc,0.004454,0.670610,0.999378
val_cc,0.004448,0.670516,0.999378
val_cc,0.004448,0.670423,0.999378
val_cc,0.004447,0.670330,0.999378
val_cc,0.004446,0.670236,0.999378
val_cc,0.004440,0.670143,0.999378
val_cc,0.004438,0.670050,0.999378
val_cc,0.004433,0.669957,0.999378
val_cc,0.004432,0.669864,0.999378
val_cc,0.004418,0.669771,0.999378
val_cc,0.004417,0.669678,0.999378
val_cc,0.004415,0.669585,0.999378
val_cc,0.004412,0.669492,0.999378
val_cc,0.004410,0.669399,0.999378
val_cc,0.004407,0.669306,0.999378
val_cc,0.004405,0.669213,0.999378
val_cc,0.004404,0.669120,0.999378
val_cc,0.004404,0.669027,0.999378
val_cc,0.004398,0.668934,0.999378
val_cc,0.004390,0.668841,0.999378
val_cc,0.004389,0.668748,0.999378
val_cc,0.004388,0.668655,0.999378
val_cc,0.004388,0.668563,0.999378
val_cc,0.004383,0.668470,0.999378
val_cc,0.004377,0.668377,0.999378
val_cc,0.004376,0.668285,0.999378
val_cc,0.004355,0.668192,0.999378
val_cc,0.004353,0.668099,0.999378
val_cc,0.004347,0.668007,0.999378
val_cc,0.004346,0.667914,0.999378
val_cc,0.004342,0.667822,0.999378
val_cc,0.004338,0.667729,0.999378
val_cc,0.004337,0.667636,0.999378
val_cc,0.004324,0.667544,0.999378
val_cc,0.004322,0.667452,0.999378
val_cc,0.004311,0.667359,0.999378
val_cc,0.004304,0.667267,0.999378
val_cc,0.004299,0.667174,0.999378
val_cc,0.004294,0.667082,0.999378
val_cc,0.004294,0.666990,0.999378
val_cc,0.004289,0.666897,0.999378
val_cc,0.004288,0.666805,0.999378
val_cc,0.004284,0.666713,0.999378
val_cc,0.004280,0.666621,0.999378
val_cc,0.004279,0.666528,0.999378
val_cc,0.004275,0.666436,0.999378
val_cc,0.004272,0.666344,0.999378
val_cc,0.004268,0.666252,0.999378
val_cc,0.004268,0.666160,0.999378
val_cc,0.004264,0.666068,0.999378
val_cc,0.004261,0.665976,0.999378
val_cc,0.004258,0.665884,0.999378
val_cc,0.004249,0.665792,0.999378
val_cc,0.004245,0.665700,0.999378
val_cc,0.004243,0.665608,0.999378
val_cc,0.004240,0.665516,0.999378
val_cc,0.004236,0.665424,0.999378
val_cc,0.004227,0.665332,0.999378
val_cc,0.004227,0.665240,0.999378
val_cc,0.004224,0.665148,0.999378
val_cc,0.004224,0.665057,0.999378
val_cc,0.004219,0.664965,0.999378
val_cc,0.004214,0.664873,0.999378
val_cc,0.004205,0.664781,0.999378
val_cc,0.004205,0.664506,0.999378
val_cc,0.004199,0.664415,0.999378
val_cc,0.004198,0.664323,0.999378
val_cc,0.004197,0.664232,0.999378
val_cc,0.004192,0.664140,0.999378
val_cc,0.004191,0.664049,0.999378
val_cc,0.004189,0.663957,0.999378
val_cc,0.004186,0.663866,0.999378
val_cc,0.004186,0.663774,0.999378
val_cc,0.004183,0.663683,0.999378
val_cc,0.004181,0.663591,0.999378
val_cc,0.004179,0.663500,0.999378
val_cc,0.004175,0.663409,0.999378
val_cc,0.004173,0.663317,0.999378
val_cc,0.004171,0.663226,0.999378
val_cc,0.004171,0.663135,0.999378
val_cc,0.004171,0.663043,0.999378
val_cc,0.004157,0.662952,0.999378
val_cc,0.004157,0.662861,0.999378
val_cc,0.004148,0.662770,0.999378
val_cc,0.004139,0.662679,0.999378
val_cc,0.004138,0.662588,0.999378
val_cc,0.004135,0.662497,0.999378
val_cc,0.004134,0.662405,0.999378
val_cc,0.004127,0.662314,0.999378
val_cc,0.004124,0.662223,0.999378
val_cc,0.004123,0.662132,0.999378
val_cc,0.004122,0.662041,0.999378
val_cc,0.004118,0.661951,0.999378
val_cc,0.004115,0.661860,0.999378
val_cc,0.004113,0.661769,0.999378
val_cc,0.004113,0.661678,0.999378
val_cc,0.004103,0.661587,0.999378
val_cc,0.004103,0.661496,0.999378
val_cc,0.004103,0.661405,0.999378
val_cc,0.004098,0.661315,0.999378
val_cc,0.004097,0.661224,0.999378
val_cc,0.004093,0.661133,0.999378
val_cc,0.004093,0.661043,0.999378
val_cc,0.004090,0.660952,0.999378
val_cc,0.004089,0.660861,0.999378
val_cc,0.004085,0.660771,0.999378
val_cc,0.004083,0.660680,0.999378
val_cc,0.004078,0.660589,0.999378
val_cc,0.004070,0.660499,0.999378
val_cc,0.004069,0.660408,0.999378
val_cc,0.004068,0.660318,0.999378
val_cc,0.004058,0.660227,0.999378
val_cc,0.004045,0.660137,0.999378
val_cc,0.004045,0.660047,0.999378
val_cc,0.004037,0.659956,0.999378
val_cc,0.004036,0.659866,0.999378
val_cc,0.004029,0.659595,0.999378
val_cc,0.004012,0.659505,0.999378
val_cc,0.004011,0.659414,0.999378
val_cc,0.004000,0.659324,0.999378
val_cc,0.003997,0.659234,0.999378
val_cc,0.003997,0.659144,0.999378
val_cc,0.003996,0.659054,0.999378
val_cc,0.003995,0.658963,0.999378
val_cc,0.003992,0.658873,0.999378
val_cc,0.003991,0.658783,0.999378
val_cc,0.003991,0.658693,0.999378
val_cc,0.003983,0.658603,0.999378
val_cc,0.003978,0.658513,0.999378
val_cc,0.003972,0.658423,0.999378
val_cc,0.003972,0.658333,0.999378
val_cc,0.003967,0.658243,0.999378
val_cc,0.003965,0.658154,0.999378
val_cc,0.003959,0.658064,0.999378
val_cc,0.003958,0.657974,0.999378
val_cc,0.003956,0.657884,0.999378
val_cc,0.003954,0.657794,0.999378
val_cc,0.003952,0.657704,0.999378
val_cc,0.003949,0.657615,0.999378
val_cc,0.003947,0.657525,0.999378
val_cc,0.003946,0.657435,0.999378
val_cc,0.003942,0.657346,0.999378
val_cc,0.003940,0.657256,0.999378
val_cc,0.003933,0.657166,0.999378
val_cc,0.003930,0.657077,0.999378
val_cc,0.003921,0.656987,0.999378
val_cc,0.003909,0.656897,0.999378
val_cc,0.003908,0.656808,0.999378
val_cc,0.003907,0.656718,0.999378
val_cc,0.003904,0.656629,0.999378
val_cc,0.003889,0.656540,0.999378
val_cc,0.003888,0.656450,0.999378
val_cc,0.003883,0.656361,0.999378
val_cc,0.003875,0.656271,0.999378
val_cc,0.003869,0.656182,0.999378
val_cc,0.003869,0.656093,0.999378
val_cc,0.003869,0.656003,0.999378
val_cc,0.003868,0.655914,0.999378
val_cc,0.003867,0.655825,0.999378
val_cc,0.003867,0.655735,0.999378
val_cc,0.003854,0.655646,0.999378
val_cc,0.003853,0.655557,0.999378
val_cc,0.003853,0.655468,0.999378
val_cc,0.003852,0.655379,0.999378
val_cc,0.003848,0.655290,0.999378
val_cc,0.003845,0.655201,0.999378
val_cc,0.003839,0.655111,0.999378
val_cc,0.003838,0.655022,0.999378
val_cc,0.003836,0.654933,0.999378
val_cc,0.003834,0.654844,0.999378
val_cc,0.003829,0.654755,0.999378
val_cc,0.003822,0.654666,0.999378
val_cc,0.003820,0.654578,0.999378
val_cc,0.003818,0.654489,0.999378
val_cc,0.003817,0.654400,0.999378
val_cc,0.003809,0.654311,0.999378
val_cc,0.003807,0.654222,0.999378
val_cc,0.003802,0.654045,0.999378
val_cc,0.003800,0.653956,0.999378
val_cc,0.003787,0.653867,0.999378
val_cc,0.003785,0.653778,0.999378
val_cc,0.003785,0.653690,0.999378
val_cc,0.003780,0.653601,0.999378
val_cc,0.003775,0.653512,0.999378
val_cc,0.003770,0.653424,0.999378
val_cc,0.003769,0.653335,0.999378
val_cc,0.003768,0.653247,0.999378
val_cc,0.003762,0.653158,0.999378
val_cc,0.003762,0.653070,0.999378
val_cc,0.003751,0.652981,0.999378
val_cc,0.003742,0.652893,0.999378
val_cc,0.003741,0.652804,0.999378
val_cc,0.003740,0.652716,0.999378
val_cc,0.003739,0.652627,0.999378
val_cc,0.003732,0.652539,0.999378
val_cc,0.003729,0.652451,0.999378
val_cc,0.003724,0.652274,0.999378
val_cc,0.003721,0.652186,0.999378
val_cc,0.003721,0.652097,0.999378
val_cc,0.003711,0.652009,0.999378
val_cc,0.003707,0.651921,0.999378
val_cc,0.003707,0.651833,0.999378
val_cc,0.003703,0.651745,0.999378
val_cc,0.003703,0.651657,0.999378
val_cc,0.003703,0.651568,0.999378
val_cc,0.003702,0.651392,0.999378
val_cc,0.003697,0.651304,0.999378
val_cc,0.003692,0.651216,0.999378
val_cc,0.003692,0.651128,0.999378
val_cc,0.003692,0.651040,0.999378
val_cc,0.003682,0.650952,0.999378
val_cc,0.003682,0.650864,0.999378
val_cc,0.003675,0.650777,0.999378
val_cc,0.003675,0.650689,0.999378
val_cc,0.003675,0.650601,0.999378
val_cc,0.003672,0.650513,0.999378
val_cc,0.003670,0.650425,0.999378
val_cc,0.003667,0.650337,0.999378
val_cc,0.003655,0.650250,0.999378
val_cc,0.003653,0.650162,0.999378
val_cc,0.003648,0.650074,0.999378
val_cc,0.003643,0.650121,0.999585
val_cc,0.003640,0.650034,0.999585
val_cc,0.003639,0.649946,0.999585
val_cc,0.003637,0.649858,0.999585
val_cc,0.003631,0.649771,0.999585
val_cc,0.003629,0.649683,0.999585
val_cc,0.003627,0.649596,0.999585
val_cc,0.003623,0.649508,0.999585
val_cc,0.003622,0.649421,0.999585
val_cc,0.003619,0.649333,0.999585
val_cc,0.003614,0.649246,0.999585
val_cc,0.003605,0.649158,0.999585
val_cc,0.003604,0.649071,0.999585
val_cc,0.003603,0.648983,0.999585
val_cc,0.003598,0.648896,0.999585
val_cc,0.003597,0.648809,0.999585
val_cc,0.003597,0.648721,0.999585
val_cc,0.003595,0.648634,0.999585
val_cc,0.003593,0.648547,0.999585
val_cc,0.003589,0.648460,0.999585
val_cc,0.003588,0.648372,0.999585
val_cc,0.003587,0.648285,0.999585
val_cc,0.003584,0.648198,0.999585
val_cc,0.003580,0.648111,0.999585
val_cc,0.003575,0.648024,0.999585
val_cc,0.003573,0.647937,0.999585
val_cc,0.003566,0.647849,0.999585
val_cc,0.003555,0.647762,0.999585
val_cc,0.003554,0.647675,0.999585
val_cc,0.003548,0.647240,0.999585
val_cc,0.003548,0.647154,0.999585
val_cc,0.003547,0.647067,0.999585
val_cc,0.003545,0.646980,0.999585
val_cc,0.003544,0.646893,0.999585
val_cc,0.003537,0.646806,0.999585
val_cc,0.003536,0.646719,0.999585
val_cc,0.003536,0.646633,0.999585
val_cc,0.003531,0.646546,0.999585
val_cc,0.003527,0.646459,0.999585
val_cc,0.003526,0.646373,0.999585
val_cc,0.003525,0.646286,0.999585
val_cc,0.003523,0.646199,0.999585
val_cc,0.003520,0.646113,0.999585
val_cc,0.003519,0.646026,0.999585
val_cc,0.003514,0.645939,0.999585
val_cc,0.003511,0.645853,0.999585
val_cc,0.003508,0.645766,0.999585
val_cc,0.003507,0.645680,0.999585
val_cc,0.003506,0.645593,0.999585
val_cc,0.003506,0.645507,0.999585
val_cc,0.003498,0.645420,0.999585
val_cc,0.003486,0.645334,0.999585
val_cc,0.003482,0.645248,0.999585
val_cc,0.003481,0.645161,0.999585
val_cc,0.003479,0.645075,0.999585
val_cc,0.003479,0.644989,0.999585
val_cc,0.003475,0.644902,0.999585
val_cc,0.003469,0.644816,0.999585
val_cc,0.003468,0.644730,0.999585
val_cc,0.003467,0.644644,0.999585
val_cc,0.003465,0.644557,0.999585
val_cc,0.003463,0.644471,0.999585
val_cc,0.003463,0.644385,0.999585
val_cc,0.003457,0.644299,0.999585
val_cc,0.003455,0.644213,0.999585
val_cc,0.003451,0.644127,0.999585
val_cc,0.003445,0.644041,0.999585
val_cc,0.003440,0.643955,0.999585
val_cc,0.003439,0.643869,0.999585
val_cc,0.003433,0.643783,0.999585
val_cc,0.003431,0.643697,0.999585
val_cc,0.003423,0.643611,0.999585
val_cc,0.003420,0.643525,0.999585
val_cc,0.003417,0.643439,0.999585
val_cc,0.003415,0.643353,0.999585
val_cc,0.003413,0.643267,0.999585
val_cc,0.003411,0.643181,0.999585
val_cc,0.003410,0.643095,0.999585
val_cc,0.003409,0.643010,0.999585
val_cc,0.003402,0.642924,0.999585
val_cc,0.003401,0.642838,0.999585
val_cc,0.003399,0.642752,0.999585
val_cc,0.003398,0.642667,0.999585
val_cc,0.003392,0.642581,0.999585
val_cc,0.003387,0.642495,0.999585
val_cc,0.003381,0.642410,0.999585
val_cc,0.003376,0.642324,0.999585
val_cc,0.003373,0.642239,0.999585
val_cc,0.003371,0.642153,0.999585
val_cc,0.003371,0.642067,0.999585
val_cc,0.003364,0.641982,0.999585
val_cc,0.003363,0.641896,0.999585
val_cc,0.003360,0.641811,0.999585
val_cc,0.003359,0.641725,0.999585
val_cc,0.003357,0.641640,0.999585
val_cc,0.003357,0.641555,0.999585
val_cc,0.003354,0.641469,0.999585
val_cc,0.003353,0.641384,0.999585
val_cc,0.003352,0.641299,0.999585
val_cc,0.003349,0.641213,0.999585
val_cc,0.003349,0.641128,0.999585
val_cc,0.003348,0.641043,0.999585
val_cc,0.003346,0.640957,0.999585
val_cc,0.003345,0.640872,0.999585
val_cc,0.003345,0.640787,0.999585
val_cc,0.003344,0.640702,0.999585
val_cc,0.003342,0.640617,0.999585
val_cc,0.003340,0.640446,0.999585
val_cc,0.003340,0.640361,0.999585
val_cc,0.003334,0.640276,0.999585
val_cc,0.003332,0.640191,0.999585
val_cc,0.003332,0.640106,0.999585
val_cc,0.003327,0.640021,0.999585
val_cc,0.003323,0.639936,0.999585
val_cc,0.003323,0.639851,0.999585
val_cc,0.003318,0.639766,0.999585
val_cc,0.003310,0.639681,0.999585
val_cc,0.003308,0.639597,0.999585
val_cc,0.003304,0.639512,0.999585
val_cc,0.003304,0.639427,0.999585
val_cc,0.003303,0.639342,0.999585
val_cc,0.003301,0.639257,0.999585
val_cc,0.003301,0.639173,0.999585
val_cc,0.003300,0.639088,0.999585
val_cc,0.003289,0.639003,0.999585
val_cc,0.003288,0.638918,0.999585
val_cc,0.003285,0.638834,0.999585
val_cc,0.003283,0.638749,0.999585
val_cc,0.003280,0.638664,0.999585
val_cc,0.003278,0.638580,0.999585
val_cc,0.003276,0.638495,0.999585
val_cc,0.003268,0.638411,0.999585
val_cc,0.003262,0.638326,0.999585
val_cc,0.003259,0.638242,0.999585
val_cc,0.003258,0.638157,0.999585
val_cc,0.003250,0.638073,0.999585
val_cc,0.003249,0.637988,0.999585
val_cc,0.003248,0.637904,0.999585
val_cc,0.003247,0.637819,0.999585
val_cc,0.003246,0.637735,0.999585
val_cc,0.003241,0.637650,0.999585
val_cc,0.003240,0.637566,0.999585
val_cc,0.003240,0.637482,0.999585
val_cc,0.003236,0.637398,0.999585
val_cc,0.003234,0.637313,0.999585
val_cc,0.003234,0.637229,0.999585
val_cc,0.003230,0.637145,0.999585
val_cc,0.003230,0.637061,0.999585
val_cc,0.003216,0.636976,0.999585
val_cc,0.003215,0.636892,0.999585
val_cc,0.003214,0.636808,0.999585
val_cc,0.003212,0.636724,0.999585
val_cc,0.003207,0.636640,0.999585
val_cc,0.003203,0.636556,0.999585
val_cc,0.003202,0.636472,0.999585
val_cc,0.003201,0.636388,0.999585
val_cc,0.003199,0.636304,0.999585
val_cc,0.003197,0.636052,0.999585
val_cc,0.003195,0.635968,0.999585
val_cc,0.003195,0.635884,0.999585
val_cc,0.003194,0.635800,0.999585
val_cc,0.003192,0.635716,0.999585
val_cc,0.003186,0.635632,0.999585
val_cc,0.003183,0.635549,0.999585
val_cc,0.003182,0.635465,0.999585
val_cc,0.003181,0.635381,0.999585
val_cc,0.003181,0.635297,0.999585
val_cc,0.003180,0.635213,0.999585
val_cc,0.003180,0.635130,0.999585
val_cc,0.003179,0.635046,0.999585
val_cc,0.003178,0.634962,0.999585
val_cc,0.003176,0.634879,0.999585
val_cc,0.003176,0.634795,0.999585
val_cc,0.003174,0.634712,0.999585
val_cc,0.003174,0.634628,0.999585
val_cc,0.003173,0.634544,0.999585
val_cc,0.003173,0.634461,0.999585
val_cc,0.003171,0.634377,0.999585
val_cc,0.003165,0.634294,0.999585
val_cc,0.003162,0.634211,0.999585
val_cc,0.003162,0.634127,0.999585
val_cc,0.003160,0.634044,0.999585
val_cc,0.003155,0.633960,0.999585
val_cc,0.003152,0.633877,0.999585
val_cc,0.003151,0.633794,0.999585
val_cc,0.003148,0.633710,0.999585
val_cc,0.003147,0.633627,0.999585
val_cc,0.003145,0.633544,0.999585
val_cc,0.003138,0.633460,0.999585
val_cc,0.003136,0.633377,0.999585
val_cc,0.003136,0.633294,0.999585
val_cc,0.003132,0.633211,0.999585
val_cc,0.003129,0.632546,0.999585
val_cc,0.003129,0.632463,0.999585
val_cc,0.003128,0.632380,0.999585
val_cc,0.003126,0.632297,0.999585
val_cc,0.003117,0.632214,0.999585
val_cc,0.003115,0.632131,0.999585
val_cc,0.003115,0.632048,0.999585
val_cc,0.003114,0.631965,0.999585
val_cc,0.003108,0.631883,0.999585
val_cc,0.003106,0.631800,0.999585
val_cc,0.003103,0.631717,0.999585
val_cc,0.003101,0.631634,0.999585
val_cc,0.003099,0.631551,0.999585
val_cc,0.003093,0.631469,0.999585
val_cc,0.003091,0.631386,0.999585
val_cc,0.003090,0.631303,0.999585
val_cc,0.003090,0.631221,0.999585
val_cc,0.003082,0.631138,0.999585
val_cc,0.003082,0.631055,0.999585
val_cc,0.003082,0.630973,0.999585
val_cc,0.003080,0.630890,0.999585
val_cc,0.003080,0.630807,0.999585
val_cc,0.003079,0.630725,0.999585
val_cc,0.003079,0.630642,0.999585
val_cc,0.003077,0.630560,0.999585
val_cc,0.003076,0.630477,0.999585
val_cc,0.003076,0.630395,0.999585
val_cc,0.003075,0.630313,0.999585
val_cc,0.003073,0.630230,0.999585
val_cc,0.003068,0.630148,0.999585
val_cc,0.003068,0.630065,0.999585
val_cc,0.003061,0.629983,0.999585
val_cc,0.003060,0.629901,0.999585
val_cc,0.003057,0.629818,0.999585
val_cc,0.003056,0.629736,0.999585
val_cc,0.003055,0.629654,0.999585
val_cc,0.003053,0.629572,0.999585
val_cc,0.003043,0.629489,0.999585
val_cc,0.003042,0.629407,0.999585
val_cc,0.003041,0.629325,0.999585
val_cc,0.003041,0.629243,0.999585
val_cc,0.003037,0.629161,0.999585
val_cc,0.003037,0.629079,0.999585
val_cc,0.003034,0.628996,0.999585
val_cc,0.003031,0.628914,0.999585
val_cc,0.003026,0.628832,0.999585
val_cc,0.003025,0.628750,0.999585
val_cc,0.003024,0.628668,0.999585
val_cc,0.003023,0.628586,0.999585
val_cc,0.003022,0.628504,0.999585
val_cc,0.003021,0.628422,0.999585
val_cc,0.003016,0.628341,0.999585
val_cc,0.003013,0.628259,0.999585
val_cc,0.003011,0.628177,0.999585
val_cc,0.003009,0.628095,0.999585
val_cc,0.003007,0.628013,0.999585
val_cc,0.003007,0.627931,0.999585
val_cc,0.003006,0.627849,0.999585
val_cc,0.003004,0.627768,0.999585
val_cc,0.003003,0.627686,0.999585
val_cc,0.003002,0.627604,0.999585
val_cc,0.002995,0.627522,0.999585
val_cc,0.002994,0.627441,0.999585
val_cc,0.002994,0.627359,0.999585
val_cc,0.002989,0.627277,0.999585
val_cc,0.002981,0.627196,0.999585
val_cc,0.002981,0.627114,0.999585
val_cc,0.002979,0.627033,0.999585
val_cc,0.002978,0.626951,0.999585
val_cc,0.002977,0.626870,0.999585
val_cc,0.002977,0.626788,0.999585
val_cc,0.002972,0.626707,0.999585
val_cc,0.002972,0.626625,0.999585
val_cc,0.002969,0.626544,0.999585
val_cc,0.002965,0.626462,0.999585
val_cc,0.002965,0.626381,0.999585
val_cc,0.002962,0.626299,0.999585
val_cc,0.002961,0.626218,0.999585
val_cc,0.002958,0.626137,0.999585
val_cc,0.002956,0.626055,0.999585
val_cc,0.002955,0.625974,0.999585
val_cc,0.002953,0.625893,0.999585
val_cc,0.002951,0.625811,0.999585
val_cc,0.002945,0.625730,0.999585
val_cc,0.002944,0.625649,0.999585
val_cc,0.002941,0.625568,0.999585
val_cc,0.002933,0.625487,0.999585
val_cc,0.002928,0.625405,0.999585
val_cc,0.002914,0.625324,0.999585
val_cc,0.002913,0.625243,0.999585
val_cc,0.002910,0.625162,0.999585
val_cc,0.002905,0.625081,0.999585
val_cc,0.002904,0.625000,0.999585
val_cc,0.002904,0.624919,0.999585
val_cc,0.002901,0.624838,0.999585
val_cc,0.002900,0.624757,0.999585
val_cc,0.002898,0.624676,0.999585
val_cc,0.002897,0.624595,0.999585
val_cc,0.002896,0.624514,0.999585
val_cc,0.002890,0.624433,0.999585
val_cc,0.002889,0.624352,0.999585
val_cc,0.002887,0.624271,0.999585
val_cc,0.002884,0.624191,0.999585
val_cc,0.002882,0.624110,0.999585
val_cc,0.002881,0.624029,0.999585
val_cc,0.002881,0.623948,0.999585
val_cc,0.002879,0.623867,0.999585
val_cc,0.002877,0.623787,0.999585
val_cc,0.002874,0.623706,0.999585
val_cc,0.002873,0.623625,0.999585
val_cc,0.002870,0.623545,0.999585
val_cc,0.002870,0.623464,0.999585
val_cc,0.002868,0.623383,0.999585
val_cc,0.002864,0.623303,0.999585
val_cc,0.002862,0.623222,0.999585
val_cc,0.002859,0.623142,0.999585
val_cc,0.002858,0.623061,0.999585
val_cc,0.002858,0.622980,0.999585
val_cc,0.002857,0.622900,0.999585
val_cc,0.002854,0.622739,0.999585
val_cc,0.002844,0.622659,0.999585
val_cc,0.002841,0.622578,0.999585
val_cc,0.002840,0.622498,0.999585
val_cc,0.002839,0.622417,0.999585
val_cc,0.002837,0.622337,0.999585
val_cc,0.002836,0.622257,0.999585
val_cc,0.002835,0.622176,0.999585
val_cc,0.002832,0.622096,0.999585
val_cc,0.002831,0.622016,0.999585
val_cc,0.002830,0.621935,0.999585
val_cc,0.002828,0.621855,0.999585
val_cc,0.002827,0.621775,0.999585
val_cc,0.002827,0.621695,0.999585
val_cc,0.002826,0.621615,0.999585
val_cc,0.002819,0.621534,0.999585
val_cc,0.002816,0.621454,0.999585
val_cc,0.002813,0.621374,0.999585
val_cc,0.002813,0.621294,0.999585
val_cc,0.002806,0.621214,0.999585
val_cc,0.002801,0.621134,0.999585
val_cc,0.002799,0.621054,0.999585
val_cc,0.002796,0.620974,0.999585
val_cc,0.002795,0.620894,0.999585
val_cc,0.002794,0.620814,0.999585
val_cc,0.002790,0.620734,0.999585
val_cc,0.002788,0.620654,0.999585
val_cc,0.002773,0.620574,0.999585
val_cc,0.002771,0.620494,0.999585
val_cc,0.002770,0.620414,0.999585
val_cc,0.002769,0.620335,0.999585
val_cc,0.002763,0.620255,0.999585
val_cc,0.002762,0.620175,0.999585
val_cc,0.002758,0.620095,0.999585
val_cc,0.002753,0.620015,0.999585
val_cc,0.002746,0.619936,0.999585
val_cc,0.002743,0.619537,0.999585
val_cc,0.002743,0.619458,0.999585
val_cc,0.002742,0.619378,0.999585
val_cc,0.002741,0.619298,0.999585
val_cc,0.002738,0.619219,0.999585
val_cc,0.002736,0.619139,0.999585
val_cc,0.002733,0.619060,0.999585
val_cc,0.002733,0.618980,0.999585
val_cc,0.002733,0.618901,0.999585
val_cc,0.002731,0.618821,0.999585
val_cc,0.002730,0.618742,0.999585
val_cc,0.002730,0.618663,0.999585
val_cc,0.002730,0.618583,0.999585
val_cc,0.002729,0.618504,0.999585
val_cc,0.002728,0.618424,0.999585
val_cc,0.002726,0.618345,0.999585
val_cc,0.002725,0.618266,0.999585
val_cc,0.002713,0.618186,0.999585
val_cc,0.002713,0.618107,0.999585
val_cc,0.002711,0.618028,0.999585
val_cc,0.002710,0.617949,0.999585
val_cc,0.002709,0.617870,0.999585
val_cc,0.002709,0.617790,0.999585
val_cc,0.002709,0.617711,0.999585
val_cc,0.002708,0.617632,0.999585
val_cc,0.002707,0.617553,0.999585
val_cc,0.002706,0.617474,0.999585
val_cc,0.002704,0.617395,0.999585
val_cc,0.002698,0.617316,0.999585
val_cc,0.002695,0.617237,0.999585
val_cc,0.002694,0.617157,0.999585
val_cc,0.002694,0.617078,0.999585
val_cc,0.002694,0.616999,0.999585
val_cc,0.002693,0.616921,0.999585
val_cc,0.002690,0.616842,0.999585
val_cc,0.002687,0.616763,0.999585
val_cc,0.002680,0.616684,0.999585
val_cc,0.002680,0.616605,0.999585
val_cc,0.002680,0.616526,0.999585
val_cc,0.002679,0.616447,0.999585
val_cc,0.002678,0.616368,0.999585
val_cc,0.002669,0.616289,0.999585
val_cc,0.002668,0.616211,0.999585
val_cc,0.002668,0.616132,0.999585
val_cc,0.002665,0.616053,0.999585
val_cc,0.002664,0.615974,0.999585
val_cc,0.002662,0.615896,0.999585
val_cc,0.002662,0.615817,0.999585
val_cc,0.002658,0.615738,0.999585
val_cc,0.002654,0.615660,0.999585
val_cc,0.002654,0.615581,0.999585
val_cc,0.002652,0.615502,0.999585
val_cc,0.002652,0.615424,0.999585
val_cc,0.002650,0.615345,0.999585
val_cc,0.002649,0.615267,0.999585
val_cc,0.002648,0.615188,0.999585
val_cc,0.002647,0.615110,0.999585
val_cc,0.002642,0.615031,0.999585
val_cc,0.002639,0.614953,0.999585
val_cc,0.002637,0.614874,0.999585
val_cc,0.002636,0.614796,0.999585
val_cc,0.002628,0.614718,0.999585
val_cc,0.002626,0.614639,0.999585
val_cc,0.002623,0.614561,0.999585
val_cc,0.002622,0.614482,0.999585
val_cc,0.002619,0.614404,0.999585
val_cc,0.002619,0.614326,0.999585
val_cc,0.002618,0.614247,0.999585
val_cc,0.002615,0.614169,0.999585
val_cc,0.002615,0.614091,0.999585
val_cc,0.002614,0.614013,0.999585
val_cc,0.002614,0.613935,0.999585
val_cc,0.002614,0.613856,0.999585
val_cc,0.002613,0.613778,0.999585
val_cc,0.002613,0.613700,0.999585
val_cc,0.002612,0.613622,0.999585
val_cc,0.002612,0.613544,0.999585
val_cc,0.002611,0.613466,0.999585
val_cc,0.002607,0.613388,0.999585
val_cc,0.002605,0.613310,0.999585
val_cc,0.002601,0.613232,0.999585
val_cc,0.002599,0.613154,0.999585
val_cc,0.002593,0.613076,0.999585
val_cc,0.002591,0.612998,0.999585
val_cc,0.002591,0.612920,0.999585
val_cc,0.002586,0.612842,0.999585
val_cc,0.002586,0.612764,0.999585
val_cc,0.002586,0.612686,0.999585
val_cc,0.002585,0.612608,0.999585
val_cc,0.002583,0.612530,0.999585
val_cc,0.002579,0.612452,0.999585
val_cc,0.002579,0.612375,0.999585
val_cc,0.002578,0.612297,0.999585
val_cc,0.002578,0.612219,0.999585
val_cc,0.002576,0.612141,0.999585
val_cc,0.002575,0.612063,0.999585
val_cc,0.002575,0.611986,0.999585
val_cc,0.002574,0.611908,0.999585
val_cc,0.002574,0.611830,0.999585
val_cc,0.002573,0.611753,0.999585
val_cc,0.002572,0.611675,0.999585
val_cc,0.002571,0.611598,0.999585
val_cc,0.002571,0.611520,0.999585
val_cc,0.002570,0.611442,0.999585
val_cc,0.002565,0.611365,0.999585
val_cc,0.002564,0.611287,0.999585
val_cc,0.002562,0.611210,0.999585
val_cc,0.002560,0.611132,0.999585
val_cc,0.002556,0.611055,0.999585
val_cc,0.002554,0.610977,0.999585
val_cc,0.002554,0.610900,0.999585
val_cc,0.002549,0.610822,0.999585
val_cc,0.002547,0.610745,0.999585
val_cc,0.002547,0.610668,0.999585
val_cc,0.002546,0.610590,0.999585
val_cc,0.002545,0.610513,0.999585
val_cc,0.002543,0.610436,0.999585
val_cc,0.002541,0.610358,0.999585
val_cc,0.002540,0.610281,0.999585
val_cc,0.002539,0.610204,0.999585
val_cc,0.002539,0.610127,0.999585
val_cc,0.002539,0.610049,0.999585
val_cc,0.002537,0.609972,0.999585
val_cc,0.002536,0.609895,0.999585
val_cc,0.002536,0.609818,0.999585
val_cc,0.002531,0.609741,0.999585
val_cc,0.002529,0.609664,0.999585
val_cc,0.002526,0.609586,0.999585
val_cc,0.002522,0.609509,0.999585
val_cc,0.002517,0.609432,0.999585
val_cc,0.002515,0.609355,0.999585
val_cc,0.002513,0.609278,0.999585
val_cc,0.002513,0.609201,0.999585
val_cc,0.002511,0.609124,0.999585
val_cc,0.002510,0.609047,0.999585
val_cc,0.002507,0.608970,0.999585
val_cc,0.002506,0.608893,0.999585
val_cc,0.002505,0.608816,0.999585
val_cc,0.002504,0.608740,0.999585
val_cc,0.002503,0.608663,0.999585
val_cc,0.002503,0.608586,0.999585
val_cc,0.002501,0.608509,0.999585
val_cc,0.002501,0.608432,0.999585
val_cc,0.002499,0.608355,0.999585
val_cc,0.002498,0.608279,0.999585
val_cc,0.002498,0.608202,0.999585
val_cc,0.002497,0.608125,0.999585
val_cc,0.002496,0.608048,0.999585
val_cc,0.002496,0.607972,0.999585
val_cc,0.002494,0.607895,0.999585
val_cc,0.002494,0.607818,0.999585
val_cc,0.002493,0.607742,0.999585
val_cc,0.002493,0.607665,0.999585
val_cc,0.002486,0.607589,0.999585
val_cc,0.002484,0.607512,0.999585
val_cc,0.002483,0.607435,0.999585
val_cc,0.002478,0.607359,0.999585
val_cc,0.002477,0.607282,0.999585
val_cc,0.002476,0.607206,0.999585
val_cc,0.002473,0.607129,0.999585
val_cc,0.002469,0.607053,0.999585
val_cc,0.002467,0.606976,0.999585
val_cc,0.002464,0.606900,0.999585
val_cc,0.002463,0.606824,0.999585
val_cc,0.002459,0.606747,0.999585
val_cc,0.002459,0.606671,0.999585
val_cc,0.002458,0.606595,0.999585
val_cc,0.002456,0.606518,0.999585
val_cc,0.002455,0.606442,0.999585
val_cc,0.002453,0.606366,0.999585
val_cc,0.002453,0.606289,0.999585
val_cc,0.002452,0.606213,0.999585
val_cc,0.002451,0.606137,0.999585
val_cc,0.002450,0.606061,0.999585
val_cc,0.002449,0.605984,0.999585
val_cc,0.002447,0.605908,0.999585
val_cc,0.002441,0.605832,0.999585
val_cc,0.002440,0.605756,0.999585
val_cc,0.002439,0.605680,0.999585
val_cc,0.002438,0.605604,0.999585
val_cc,0.002437,0.605528,0.999585
val_cc,0.002436,0.605452,0.999585
val_cc,0.002436,0.605376,0.999585
val_cc,0.002433,0.605300,0.999585
val_cc,0.002432,0.605224,0.999585
val_cc,0.002432,0.605148,0.999585
val_cc,0.002431,0.605072,0.999585
val_cc,0.002429,0.604996,0.999585
val_cc,0.002428,0.604920,0.999585
val_cc,0.002423,0.604844,0.999585
val_cc,0.002421,0.604768,0.999585
val_cc,0.002416,0.604692,0.999585
val_cc,0.002414,0.604616,0.999585
val_cc,0.002412,0.604540,0.999585
val_cc,0.002411,0.604465,0.999585
val_cc,0.002409,0.604389,0.999585
val_cc,0.002409,0.604313,0.999585
val_cc,0.002407,0.604237,0.999585
val_cc,0.002406,0.603783,0.999585
val_cc,0.002406,0.603707,0.999585
val_cc,0.002405,0.603632,0.999585
val_cc,0.002404,0.603556,0.999585
val_cc,0.002398,0.603481,0.999585
val_cc,0.002397,0.603405,0.999585
val_cc,0.002396,0.603330,0.999585
val_cc,0.002395,0.603254,0.999585
val_cc,0.002394,0.603179,0.999585
val_cc,0.002394,0.603103,0.999585
val_cc,0.002393,0.603028,0.999585
val_cc,0.002392,0.602877,0.999585
val_cc,0.002392,0.602801,0.999585
val_cc,0.002391,0.602726,0.999585
val_cc,0.002390,0.602651,0.999585
val_cc,0.002389,0.602575,0.999585
val_cc,0.002389,0.602500,0.999585
val_cc,0.002389,0.602425,0.999585
val_cc,0.002389,0.602349,0.999585
val_cc,0.002387,0.602274,0.999585
val_cc,0.002385,0.602199,0.999585
val_cc,0.002382,0.602124,0.999585
val_cc,0.002380,0.602048,0.999585
val_cc,0.002380,0.601973,0.999585
val_cc,0.002371,0.601898,0.999585
val_cc,0.002368,0.601823,0.999585
val_cc,0.002367,0.601748,0.999585
val_cc,0.002367,0.601673,0.999585
val_cc,0.002363,0.601598,0.999585
val_cc,0.002360,0.601523,0.999585
val_cc,0.002359,0.601447,0.999585
val_cc,0.002359,0.601372,0.999585
val_cc,0.002357,0.601297,0.999585
val_cc,0.002355,0.601222,0.999585
val_cc,0.002352,0.601147,0.999585
val_cc,0.002352,0.601072,0.999585
val_cc,0.002349,0.600998,0.999585
val_cc,0.002348,0.600923,0.999585
val_cc,0.002345,0.600848,0.999585
val_cc,0.002344,0.600773,0.999585
val_cc,0.002343,0.600698,0.999585
val_cc,0.002341,0.600623,0.999585
val_cc,0.002341,0.600548,0.999585
val_cc,0.002336,0.600473,0.999585
val_cc,0.002334,0.600399,0.999585
val_cc,0.002334,0.600324,0.999585
val_cc,0.002331,0.600249,0.999585
val_cc,0.002331,0.600174,0.999585
val_cc,0.002328,0.600100,0.999585
val_cc,0.002325,0.600025,0.999585
val_cc,0.002324,0.599950,0.999585
val_cc,0.002319,0.599876,0.999585
val_cc,0.002319,0.599801,0.999585
val_cc,0.002318,0.599726,0.999585
val_cc,0.002316,0.599652,0.999585
val_cc,0.002314,0.599577,0.999585
val_cc,0.002314,0.599502,0.999585
val_cc,0.002312,0.599428,0.999585
val_cc,0.002310,0.599353,0.999585
val_cc,0.002309,0.599279,0.999585
val_cc,0.002305,0.599204,0.999585
val_cc,0.002304,0.599130,0.999585
val_cc,0.002303,0.599055,0.999585
val_cc,0.002301,0.598981,0.999585
val_cc,0.002295,0.598907,0.999585
val_cc,0.002292,0.598832,0.999585
val_cc,0.002291,0.598758,0.999585
val_cc,0.002291,0.598683,0.999585
val_cc,0.002291,0.598609,0.999585
val_cc,0.002289,0.598535,0.999585
val_cc,0.002289,0.598460,0.999585
val_cc,0.002288,0.598386,0.999585
val_cc,0.002284,0.598312,0.999585
val_cc,0.002284,0.598238,0.999585
val_cc,0.002280,0.598163,0.999585
val_cc,0.002278,0.598089,0.999585
val_cc,0.002277,0.598015,0.999585
val_cc,0.002276,0.597941,0.999585
val_cc,0.002274,0.597867,0.999585
val_cc,0.002272,0.597792,0.999585
val_cc,0.002269,0.597718,0.999585
val_cc,0.002268,0.597644,0.999585
val_cc,0.002267,0.597570,0.999585
val_cc,0.002267,0.597496,0.999585
val_cc,0.002265,0.597422,0.999585
val_cc,0.002265,0.597348,0.999585
val_cc,0.002262,0.597274,0.999585
val_cc,0.002262,0.597200,0.999585
val_cc,0.002261,0.597126,0.999585
val_cc,0.002254,0.597052,0.999585
val_cc,0.002253,0.596978,0.999585
val_cc,0.002252,0.596904,0.999585
val_cc,0.002250,0.596830,0.999585
val_cc,0.002248,0.596756,0.999585
val_cc,0.002247,0.596682,0.999585
val_cc,0.002245,0.596608,0.999585
val_cc,0.002240,0.596535,0.999585
val_cc,0.002238,0.596461,0.999585
val_cc,0.002236,0.596387,0.999585
val_cc,0.002236,0.596313,0.999585
val_cc,0.002235,0.596239,0.999585
val_cc,0.002235,0.596166,0.999585
val_cc,0.002234,0.596092,0.999585
val_cc,0.002232,0.596018,0.999585
val_cc,0.002231,0.595945,0.999585
val_cc,0.002230,0.595871,0.999585
val_cc,0.002223,0.595797,0.999585
val_cc,0.002220,0.595724,0.999585
val_cc,0.002220,0.595650,0.999585
val_cc,0.002219,0.595576,0.999585
val_cc,0.002218,0.595503,0.999585
val_cc,0.002217,0.595429,0.999585
val_cc,0.002216,0.595356,0.999585
val_cc,0.002214,0.595282,0.999585
val_cc,0.002214,0.595209,0.999585
val_cc,0.002214,0.595135,0.999585
val_cc,0.002212,0.595062,0.999585
val_cc,0.002212,0.594988,0.999585
val_cc,0.002208,0.594915,0.999585
val_cc,0.002206,0.594841,0.999585
val_cc,0.002206,0.594768,0.999585
val_cc,0.002205,0.594695,0.999585
val_cc,0.002200,0.594621,0.999585
val_cc,0.002199,0.594548,0.999585
val_cc,0.002198,0.594475,0.999585
val_cc,0.002198,0.594401,0.999585
val_cc,0.002197,0.594328,0.999585
val_cc,0.002192,0.594255,0.999585
val_cc,0.002188,0.594181,0.999585
val_cc,0.002188,0.594108,0.999585
val_cc,0.002187,0.594035,0.999585
val_cc,0.002184,0.593962,0.999585
val_cc,0.002183,0.593889,0.999585
val_cc,0.002181,0.593815,0.999585
val_cc,0.002180,0.593742,0.999585
val_cc,0.002179,0.593669,0.999585
val_cc,0.002179,0.593596,0.999585
val_cc,0.002176,0.593523,0.999585
val_cc,0.002172,0.593450,0.999585
val_cc,0.002172,0.593377,0.999585
val_cc,0.002171,0.593304,0.999585
val_cc,0.002169,0.593231,0.999585
val_cc,0.002169,0.593158,0.999585
val_cc,0.002168,0.593085,0.999585
val_cc,0.002166,0.593012,0.999585
val_cc,0.002160,0.592939,0.999585
val_cc,0.002158,0.592866,0.999585
val_cc,0.002158,0.592793,0.999585
val_cc,0.002157,0.592720,0.999585
val_cc,0.002156,0.592647,0.999585
val_cc,0.002155,0.592574,0.999585
val_cc,0.002154,0.592502,0.999585
val_cc,0.002154,0.592429,0.999585
val_cc,0.002154,0.592356,0.999585
val_cc,0.002154,0.592283,0.999585
val_cc,0.002153,0.592210,0.999585
val_cc,0.002151,0.592138,0.999585
val_cc,0.002147,0.592065,0.999585
val_cc,0.002147,0.591992,0.999585
val_cc,0.002143,0.591919,0.999585
val_cc,0.002141,0.591847,0.999585
val_cc,0.002139,0.591774,0.999585
val_cc,0.002139,0.591701,0.999585
val_cc,0.002138,0.591629,0.999585
val_cc,0.002138,0.591556,0.999585
val_cc,0.002137,0.591484,0.999585
val_cc,0.002135,0.591411,0.999585
val_cc,0.002134,0.591338,0.999585
val_cc,0.002131,0.591266,0.999585
val_cc,0.002129,0.591193,0.999585
val_cc,0.002129,0.590904,0.999585
val_cc,0.002127,0.590831,0.999585
val_cc,0.002123,0.590759,0.999585
val_cc,0.002123,0.590686,0.999585
val_cc,0.002116,0.590614,0.999585
val_cc,0.002116,0.590542,0.999585
val_cc,0.002116,0.590469,0.999585
val_cc,0.002116,0.590397,0.999585
val_cc,0.002115,0.590325,0.999585
val_cc,0.002114,0.590252,0.999585
val_cc,0.002106,0.590180,0.999585
val_cc,0.002106,0.590108,0.999585
val_cc,0.002106,0.590036,0.999585
val_cc,0.002105,0.589963,0.999585
val_cc,0.002102,0.589891,0.999585
val_cc,0.002101,0.589819,0.999585
val_cc,0.002099,0.589747,0.999585
val_cc,0.002098,0.589675,0.999585
val_cc,0.002097,0.589602,0.999585
val_cc,0.002097,0.589530,0.999585
val_cc,0.002097,0.589458,0.999585
val_cc,0.002097,0.589386,0.999585
val_cc,0.002093,0.589314,0.999585
val_cc,0.002087,0.589242,0.999585
val_cc,0.002086,0.589170,0.999585
val_cc,0.002086,0.589098,0.999585
val_cc,0.002085,0.589026,0.999585
val_cc,0.002083,0.588954,0.999585
val_cc,0.002081,0.588882,0.999585
val_cc,0.002079,0.588810,0.999585
val_cc,0.002075,0.588738,0.999585
val_cc,0.002075,0.588666,0.999585
val_cc,0.002073,0.588594,0.999585
val_cc,0.002071,0.588523,0.999585
val_cc,0.002071,0.588451,0.999585
val_cc,0.002069,0.588379,0.999585
val_cc,0.002067,0.588307,0.999585
val_cc,0.002064,0.588235,0.999585
val_cc,0.002062,0.588164,0.999585
val_cc,0.002060,0.588092,0.999585
val_cc,0.002059,0.588020,0.999585
val_cc,0.002059,0.587948,0.999585
val_cc,0.002059,0.587877,0.999585
val_cc,0.002058,0.587805,0.999585
val_cc,0.002056,0.587733,0.999585
val_cc,0.002056,0.587662,0.999585
val_cc,0.002055,0.587590,0.999585
val_cc,0.002053,0.587518,0.999585
val_cc,0.002053,0.587447,0.999585
val_cc,0.002053,0.587375,0.999585
val_cc,0.002051,0.587304,0.999585
val_cc,0.002048,0.587232,0.999585
val_cc,0.002047,0.587160,0.999585
val_cc,0.002045,0.587089,0.999585
val_cc,0.002044,0.587017,0.999585
val_cc,0.002043,0.586946,0.999585
val_cc,0.002039,0.586874,0.999585
val_cc,0.002038,0.586803,0.999585
val_cc,0.002037,0.586732,0.999585
val_cc,0.002033,0.586660,0.999585
val_cc,0.002032,0.586589,0.999585
val_cc,0.002031,0.586517,0.999585
val_cc,0.002030,0.586446,0.999585
val_cc,0.002028,0.586375,0.999585
val_cc,0.002028,0.586303,0.999585
val_cc,0.002027,0.586232,0.999585
val_cc,0.002027,0.586161,0.999585
val_cc,0.002026,0.586089,0.999585
val_cc,0.002024,0.586018,0.999585
val_cc,0.002020,0.585947,0.999585
val_cc,0.002020,0.585876,0.999585
val_cc,0.002017,0.585805,0.999585
val_cc,0.002017,0.585733,0.999585
val_cc,0.002014,0.585662,0.999585
val_cc,0.002010,0.585591,0.999585
val_cc,0.002008,0.585520,0.999585
val_cc,0.002007,0.585449,0.999585
val_cc,0.002006,0.585378,0.999585
val_cc,0.002006,0.585307,0.999585
val_cc,0.002003,0.585236,0.999585
val_cc,0.002003,0.585165,0.999585
val_cc,0.002003,0.585093,0.999585
val_cc,0.002003,0.585022,0.999585
val_cc,0.002002,0.584951,0.999585
val_cc,0.001999,0.584880,0.999585
val_cc,0.001998,0.584810,0.999585
val_cc,0.001995,0.584739,0.999585
val_cc,0.001992,0.584668,0.999585
val_cc,0.001992,0.584597,0.999585
val_cc,0.001990,0.584526,0.999585
val_cc,0.001990,0.584455,0.999585
val_cc,0.001982,0.584384,0.999585
val_cc,0.001979,0.584313,0.999585
val_cc,0.001977,0.584242,0.999585
val_cc,0.001976,0.584172,0.999585
val_cc,0.001975,0.584101,0.999585
val_cc,0.001974,0.584030,0.999585
val_cc,0.001972,0.583959,0.999585
val_cc,0.001971,0.583889,0.999585
val_cc,0.001971,0.583676,0.999585
val_cc,0.001971,0.583606,0.999585
val_cc,0.001971,0.583535,0.999585
val_cc,0.001970,0.583464,0.999585
val_cc,0.001967,0.583394,0.999585
val_cc,0.001966,0.583323,0.999585
val_cc,0.001962,0.583253,0.999585
val_cc,0.001961,0.583182,0.999585
val_cc,0.001960,0.583112,0.999585
val_cc,0.001958,0.583041,0.999585
val_cc,0.001956,0.582970,0.999585
val_cc,0.001956,0.582900,0.999585
val_cc,0.001955,0.582830,0.999585
val_cc,0.001955,0.582759,0.999585
val_cc,0.001953,0.582689,0.999585
val_cc,0.001952,0.582618,0.999585
val_cc,0.001951,0.582548,0.999585
val_cc,0.001950,0.582477,0.999585
val_cc,0.001950,0.582407,0.999585
val_cc,0.001949,0.582337,0.999585
val_cc,0.001948,0.582266,0.999585
val_cc,0.001947,0.582196,0.999585
val_cc,0.001946,0.582126,0.999585
val_cc,0.001946,0.582055,0.999585
val_cc,0.001945,0.581985,0.999585
val_cc,0.001945,0.581915,0.999585
val_cc,0.001944,0.581774,0.999585
val_cc,0.001943,0.581704,0.999585
val_cc,0.001942,0.581634,0.999585
val_cc,0.001941,0.581564,0.999585
val_cc,0.001940,0.581494,0.999585
val_cc,0.001940,0.581423,0.999585
val_cc,0.001940,0.581353,0.999585
val_cc,0.001940,0.581283,0.999585
val_cc,0.001939,0.581213,0.999585
val_cc,0.001936,0.581143,0.999585
val_cc,0.001935,0.581073,0.999585
val_cc,0.001934,0.581003,0.999585
val_cc,0.001933,0.580933,0.999585
val_cc,0.001932,0.580863,0.999585
val_cc,0.001929,0.580793,0.999585
val_cc,0.001928,0.580723,0.999585
val_cc,0.001927,0.580653,0.999585
val_cc,0.001926,0.580583,0.999585
val_cc,0.001924,0.580303,0.999585
val_cc,0.001923,0.580234,0.999585
val_cc,0.001923,0.580164,0.999585
val_cc,0.001923,0.580094,0.999585
val_cc,0.001923,0.580024,0.999585
val_cc,0.001921,0.579954,0.999585
val_cc,0.001918,0.579885,0.999585
val_cc,0.001918,0.579815,0.999585
val_cc,0.001915,0.579745,0.999585
val_cc,0.001914,0.579675,0.999585
val_cc,0.001914,0.579606,0.999585
val_cc,0.001912,0.579536,0.999585
val_cc,0.001912,0.579466,0.999585
val_cc,0.001910,0.579397,0.999585
val_cc,0.001907,0.579327,0.999585
val_cc,0.001907,0.579257,0.999585
val_cc,0.001905,0.579188,0.999585
val_cc,0.001902,0.579118,0.999585
val_cc,0.001900,0.579049,0.999585
val_cc,0.001897,0.578979,0.999585
val_cc,0.001896,0.578909,0.999585
val_cc,0.001896,0.578840,0.999585
val_cc,0.001894,0.578770,0.999585
val_cc,0.001894,0.578701,0.999585
val_cc,0.001894,0.578631,0.999585
val_cc,0.001893,0.578562,0.999585
val_cc,0.001891,0.578493,0.999585
val_cc,0.001891,0.578423,0.999585
val_cc,0.001886,0.578354,0.999585
val_cc,0.001885,0.578284,0.999585
val_cc,0.001885,0.578215,0.999585
val_cc,0.001884,0.578146,0.999585
val_cc,0.001882,0.578076,0.999585
val_cc,0.001881,0.578007,0.999585
val_cc,0.001880,0.577938,0.999585
val_cc,0.001879,0.577868,0.999585
val_cc,0.001878,0.577799,0.999585
val_cc,0.001875,0.577730,0.999585
val_cc,0.001873,0.577661,0.999585
val_cc,0.001872,0.577591,0.999585
val_cc,0.001870,0.577522,0.999585
val_cc,0.001869,0.577453,0.999585
val_cc,0.001869,0.577384,0.999585
val_cc,0.001868,0.577315,0.999585
val_cc,0.001868,0.577246,0.999585
val_cc,0.001868,0.577176,0.999585
val_cc,0.001866,0.577107,0.999585
val_cc,0.001865,0.577038,0.999585
val_cc,0.001864,0.576969,0.999585
val_cc,0.001863,0.576900,0.999585
val_cc,0.001863,0.576831,0.999585
val_cc,0.001862,0.576762,0.999585
val_cc,0.001857,0.576693,0.999585
val_cc,0.001856,0.576624,0.999585
val_cc,0.001853,0.576555,0.999585
val_cc,0.001853,0.576486,0.999585
val_cc,0.001850,0.576417,0.999585
val_cc,0.001849,0.576348,0.999585
val_cc,0.001849,0.576279,0.999585
val_cc,0.001848,0.576210,0.999585
val_cc,0.001843,0.576142,0.999585
val_cc,0.001841,0.574973,0.999585
val_cc,0.001839,0.574905,0.999585
val_cc,0.001838,0.574836,0.999585
val_cc,0.001838,0.574767,0.999585
val_cc,0.001838,0.574699,0.999585
val_cc,0.001837,0.574630,0.999585
val_cc,0.001836,0.574562,0.999585
val_cc,0.001835,0.574493,0.999585
val_cc,0.001833,0.574425,0.999585
val_cc,0.001833,0.574357,0.999585
val_cc,0.001832,0.574288,0.999585
val_cc,0.001831,0.574220,0.999585
val_cc,0.001831,0.574151,0.999585
val_cc,0.001830,0.574083,0.999585
val_cc,0.001830,0.574015,0.999585
val_cc,0.001827,0.573946,0.999585
val_cc,0.001823,0.573878,0.999585
val_cc,0.001822,0.573810,0.999585
val_cc,0.001822,0.573741,0.999585
val_cc,0.001822,0.573673,0.999585
val_cc,0.001821,0.573605,0.999585
val_cc,0.001821,0.573536,0.999585
val_cc,0.001820,0.573468,0.999585
val_cc,0.001818,0.573400,0.999585
val_cc,0.001817,0.573332,0.999585
val_cc,0.001816,0.573264,0.999585
val_cc,0.001814,0.573195,0.999585
val_cc,0.001814,0.573127,0.999585
val_cc,0.001813,0.573059,0.999585
val_cc,0.001811,0.572991,0.999585
val_cc,0.001810,0.572923,0.999585
val_cc,0.001809,0.572855,0.999585
val_cc,0.001804,0.572787,0.999585
val_cc,0.001803,0.572719,0.999585
val_cc,0.001799,0.572651,0.999585
val_cc,0.001798,0.572583,0.999585
val_cc,0.001795,0.572515,0.999585
val_cc,0.001794,0.572447,0.999585
val_cc,0.001794,0.572379,0.999585
val_cc,0.001794,0.572311,0.999585
val_cc,0.001794,0.572243,0.999585
val_cc,0.001792,0.572175,0.999585
val_cc,0.001791,0.572107,0.999585
val_cc,0.001789,0.572039,0.999585
val_cc,0.001788,0.571971,0.999585
val_cc,0.001788,0.571903,0.999585
val_cc,0.001787,0.571835,0.999585
val_cc,0.001786,0.571767,0.999585
val_cc,0.001786,0.571700,0.999585
val_cc,0.001784,0.571632,0.999585
val_cc,0.001781,0.571564,0.999585
val_cc,0.001781,0.571496,0.999585
val_cc,0.001779,0.571429,0.999585
val_cc,0.001778,0.571361,0.999585
val_cc,0.001777,0.571293,0.999585
val_cc,0.001777,0.571225,0.999585
val_cc,0.001776,0.571158,0.999585
val_cc,0.001775,0.571090,0.999585
val_cc,0.001774,0.571022,0.999585
val_cc,0.001773,0.570955,0.999585
val_cc,0.001772,0.570887,0.999585
val_cc,0.001772,0.570820,0.999585
val_cc,0.001770,0.570752,0.999585
val_cc,0.001770,0.570684,0.999585
val_cc,0.001769,0.570617,0.999585
val_cc,0.001767,0.570549,0.999585
val_cc,0.001765,0.570482,0.999585
val_cc,0.001764,0.570414,0.999585
val_cc,0.001758,0.570347,0.999585
val_cc,0.001757,0.570279,0.999585
val_cc,0.001750,0.570212,0.999585
val_cc,0.001750,0.570144,0.999585
val_cc,0.001749,0.570077,0.999585
val_cc,0.001748,0.570009,0.999585
val_cc,0.001747,0.569942,0.999585
val_cc,0.001747,0.569875,0.999585
val_cc,0.001747,0.569807,0.999585
val_cc,0.001746,0.569740,0.999585
val_cc,0.001746,0.569673,0.999585
val_cc,0.001746,0.569605,0.999585
val_cc,0.001746,0.568799,0.999585
val_cc,0.001746,0.568732,0.999585
val_cc,0.001745,0.568664,0.999585
val_cc,0.001744,0.568597,0.999585
val_cc,0.001743,0.568530,0.999585
val_cc,0.001742,0.568463,0.999585
val_cc,0.001740,0.568396,0.999585
val_cc,0.001740,0.568329,0.999585
val_cc,0.001736,0.568262,0.999585
val_cc,0.001734,0.568195,0.999585
val_cc,0.001733,0.568128,0.999585
val_cc,0.001733,0.568061,0.999585
val_cc,0.001733,0.567994,0.999585
val_cc,0.001731,0.567927,0.999585
val_cc,0.001731,0.567861,0.999585
val_cc,0.001730,0.567794,0.999585
val_cc,0.001728,0.567727,0.999585
val_cc,0.001727,0.567660,0.999585
val_cc,0.001727,0.567593,0.999585
val_cc,0.001726,0.567526,0.999585
val_cc,0.001725,0.567459,0.999585
val_cc,0.001725,0.567393,0.999585
val_cc,0.001725,0.567326,0.999585
val_cc,0.001723,0.567259,0.999585
val_cc,0.001721,0.567192,0.999585
val_cc,0.001721,0.567126,0.999585
val_cc,0.001721,0.567059,0.999585
val_cc,0.001721,0.566992,0.999585
val_cc,0.001719,0.566925,0.999585
val_cc,0.001718,0.566859,0.999585
val_cc,0.001718,0.566792,0.999585
val_cc,0.001718,0.566725,0.999585
val_cc,0.001716,0.566659,0.999585
val_cc,0.001716,0.566592,0.999585
val_cc,0.001716,0.566526,0.999585
val_cc,0.001716,0.566459,0.999585
val_cc,0.001716,0.566392,0.999585
val_cc,0.001716,0.566326,0.999585
val_cc,0.001716,0.566259,0.999585
val_cc,0.001714,0.566193,0.999585
val_cc,0.001714,0.566126,0.999585
val_cc,0.001714,0.566060,0.999585
val_cc,0.001714,0.565993,0.999585
val_cc,0.001713,0.565927,0.999585
val_cc,0.001712,0.565861,0.999585
val_cc,0.001709,0.565794,0.999585
val_cc,0.001708,0.565728,0.999585
val_cc,0.001707,0.565661,0.999585
val_cc,0.001707,0.565595,0.999585
val_cc,0.001706,0.565529,0.999585
val_cc,0.001704,0.565462,0.999585
val_cc,0.001704,0.565396,0.999585
val_cc,0.001703,0.565330,0.999585
val_cc,0.001701,0.565263,0.999585
val_cc,0.001700,0.565197,0.999585
val_cc,0.001696,0.565131,0.999585
val_cc,0.001693,0.565064,0.999585
val_cc,0.001691,0.564998,0.999585
val_cc,0.001691,0.564932,0.999585
val_cc,0.001691,0.564866,0.999585
val_cc,0.001689,0.564800,0.999585
val_cc,0.001689,0.564733,0.999585
val_cc,0.001685,0.564667,0.999585
val_cc,0.001684,0.564601,0.999585
val_cc,0.001683,0.564535,0.999585
val_cc,0.001682,0.564469,0.999585
val_cc,0.001682,0.564403,0.999585
val_cc,0.001682,0.564337,0.999585
val_cc,0.001682,0.564271,0.999585
val_cc,0.001679,0.564205,0.999585
val_cc,0.001679,0.564139,0.999585
val_cc,0.001678,0.564073,0.999585
val_cc,0.001674,0.564007,0.999585
val_cc,0.001669,0.563941,0.999585
val_cc,0.001668,0.563875,0.999585
val_cc,0.001668,0.563809,0.999585
val_cc,0.001667,0.563743,0.999585
val_cc,0.001666,0.563677,0.999585
val_cc,0.001666,0.563611,0.999585
val_cc,0.001666,0.563545,0.999585
val_cc,0.001664,0.563479,0.999585
val_cc,0.001663,0.563413,0.999585
val_cc,0.001663,0.563347,0.999585
val_cc,0.001662,0.563282,0.999585
val_cc,0.001662,0.563216,0.999585
val_cc,0.001662,0.563150,0.999585
val_cc,0.001660,0.563084,0.999585
val_cc,0.001660,0.563018,0.999585
val_cc,0.001659,0.562953,0.999585
val_cc,0.001658,0.562887,0.999585
val_cc,0.001656,0.562821,0.999585
val_cc,0.001655,0.562755,0.999585
val_cc,0.001655,0.562690,0.999585
val_cc,0.001655,0.562624,0.999585
val_cc,0.001654,0.562558,0.999585
val_cc,0.001650,0.562493,0.999585
val_cc,0.001646,0.562427,0.999585
val_cc,0.001645,0.562361,0.999585
val_cc,0.001644,0.562296,0.999585
val_cc,0.001643,0.562230,0.999585
val_cc,0.001642,0.562165,0.999585
val_cc,0.001641,0.562099,0.999585
val_cc,0.001638,0.562034,0.999585
val_cc,0.001638,0.561968,0.999585
val_cc,0.001637,0.561903,0.999585
val_cc,0.001634,0.561837,0.999585
val_cc,0.001634,0.561772,0.999585
val_cc,0.001634,0.561706,0.999585
val_cc,0.001634,0.561641,0.999585
val_cc,0.001634,0.561575,0.999585
val_cc,0.001633,0.561510,0.999585
val_cc,0.001632,0.561444,0.999585
val_cc,0.001631,0.561379,0.999585
val_cc,0.001628,0.561314,0.999585
val_cc,0.001627,0.561248,0.999585
val_cc,0.001627,0.561183,0.999585
val_cc,0.001626,0.561118,0.999585
val_cc,0.001625,0.561052,0.999585
val_cc,0.001625,0.560987,0.999585
val_cc,0.001625,0.560922,0.999585
val_cc,0.001624,0.560856,0.999585
val_cc,0.001623,0.560791,0.999585
val_cc,0.001623,0.560726,0.999585
val_cc,0.001622,0.560661,0.999585
val_cc,0.001621,0.560595,0.999585
val_cc,0.001621,0.560530,0.999585
val_cc,0.001620,0.560465,0.999585
val_cc,0.001618,0.560400,0.999585
val_cc,0.001618,0.560335,0.999585
val_cc,0.001618,0.560270,0.999585
val_cc,0.001618,0.560205,0.999585
val_cc,0.001617,0.560139,0.999585
val_cc,0.001616,0.560074,0.999585
val_cc,0.001616,0.560009,0.999585
val_cc,0.001613,0.559944,0.999585
val_cc,0.001613,0.559879,0.999585
val_cc,0.001611,0.559814,0.999585
val_cc,0.001610,0.559749,0.999585
val_cc,0.001608,0.559684,0.999585
val_cc,0.001607,0.559359,0.999585
val_cc,0.001607,0.559294,0.999585
val_cc,0.001607,0.559230,0.999585
val_cc,0.001607,0.559165,0.999585
val_cc,0.001606,0.559100,0.999585
val_cc,0.001606,0.559035,0.999585
val_cc,0.001605,0.558970,0.999585
val_cc,0.001605,0.558905,0.999585
val_cc,0.001604,0.558841,0.999585
val_cc,0.001603,0.558776,0.999585
val_cc,0.001603,0.558517,0.999585
val_cc,0.001602,0.558452,0.999585
val_cc,0.001601,0.558387,0.999585
val_cc,0.001601,0.558323,0.999585
val_cc,0.001601,0.558258,0.999585
val_cc,0.001600,0.558193,0.999585
val_cc,0.001599,0.558129,0.999585
val_cc,0.001598,0.558064,0.999585
val_cc,0.001598,0.558000,0.999585
val_cc,0.001596,0.557935,0.999585
val_cc,0.001595,0.557870,0.999585
val_cc,0.001595,0.557806,0.999585
val_cc,0.001595,0.557741,0.999585
val_cc,0.001592,0.557677,0.999585
val_cc,0.001592,0.557612,0.999585
val_cc,0.001590,0.557548,0.999585
val_cc,0.001590,0.557483,0.999585
val_cc,0.001590,0.557419,0.999585
val_cc,0.001589,0.557290,0.999585
val_cc,0.001589,0.557225,0.999585
val_cc,0.001589,0.557161,0.999585
val_cc,0.001588,0.557097,0.999585
val_cc,0.001587,0.557032,0.999585
val_cc,0.001586,0.556968,0.999585
val_cc,0.001586,0.556904,0.999585
val_cc,0.001585,0.556839,0.999585
val_cc,0.001584,0.556775,0.999585
val_cc,0.001584,0.556711,0.999585
val_cc,0.001583,0.556646,0.999585
val_cc,0.001583,0.556582,0.999585
val_cc,0.001583,0.556518,0.999585
val_cc,0.001580,0.556453,0.999585
val_cc,0.001580,0.556389,0.999585
val_cc,0.001579,0.556325,0.999585
val_cc,0.001579,0.556261,0.999585
val_cc,0.001578,0.556197,0.999585
val_cc,0.001578,0.556132,0.999585
val_cc,0.001576,0.555940,0.999585
val_cc,0.001573,0.555876,0.999585
val_cc,0.001572,0.555812,0.999585
val_cc,0.001572,0.555748,0.999585
val_cc,0.001570,0.555684,0.999585
val_cc,0.001569,0.555620,0.999585
val_cc,0.001566,0.555556,0.999585
val_cc,0.001566,0.555492,0.999585
val_cc,0.001566,0.555428,0.999585
val_cc,0.001565,0.555364,0.999585
val_cc,0.001564,0.555300,0.999585
val_cc,0.001564,0.555236,0.999585
val_cc,0.001563,0.555172,0.999585
val_cc,0.001563,0.555108,0.999585
val_cc,0.001562,0.555044,0.999585
val_cc,0.001562,0.554980,0.999585
val_cc,0.001561,0.554916,0.999585
val_cc,0.001558,0.554852,0.999585
val_cc,0.001558,0.554788,0.999585
val_cc,0.001557,0.554724,0.999585
val_cc,0.001556,0.554661,0.999585
val_cc,0.001555,0.554597,0.999585
val_cc,0.001554,0.554533,0.999585
val_cc,0.001552,0.554469,0.999585
val_cc,0.001551,0.554405,0.999585
val_cc,0.001551,0.554342,0.999585
val_cc,0.001550,0.554278,0.999585
val_cc,0.001549,0.554214,0.999585
val_cc,0.001547,0.554150,0.999585
val_cc,0.001547,0.554087,0.999585
val_cc,0.001544,0.554023,0.999585
val_cc,0.001544,0.553323,0.999585
val_cc,0.001543,0.553260,0.999585
val_cc,0.001541,0.553196,0.999585
val_cc,0.001540,0.553133,0.999585
val_cc,0.001540,0.553069,0.999585
val_cc,0.001539,0.553006,0.999585
val_cc,0.001536,0.552943,0.999585
val_cc,0.001535,0.552879,0.999585
val_cc,0.001535,0.552816,0.999585
val_cc,0.001535,0.552752,0.999585
val_cc,0.001535,0.552689,0.999585
val_cc,0.001535,0.552626,0.999585
val_cc,0.001533,0.552562,0.999585
val_cc,0.001533,0.552499,0.999585
val_cc,0.001533,0.552372,0.999585
val_cc,0.001532,0.552309,0.999585
val_cc,0.001531,0.552246,0.999585
val_cc,0.001529,0.552182,0.999585
val_cc,0.001526,0.552119,0.999585
val_cc,0.001526,0.552056,0.999585
val_cc,0.001522,0.551993,0.999585
val_cc,0.001520,0.551929,0.999585
val_cc,0.001520,0.551866,0.999585
val_cc,0.001516,0.551803,0.999585
val_cc,0.001516,0.551740,0.999585
val_cc,0.001516,0.551487,0.999585
val_cc,0.001512,0.551424,0.999585
val_cc,0.001512,0.551361,0.999585
val_cc,0.001511,0.551298,0.999585
val_cc,0.001511,0.551235,0.999585
val_cc,0.001511,0.551172,0.999585
val_cc,0.001510,0.551109,0.999585
val_cc,0.001509,0.551046,0.999585
val_cc,0.001508,0.550983,0.999585
val_cc,0.001508,0.550920,0.999585
val_cc,0.001507,0.550857,0.999585
val_cc,0.001504,0.550794,0.999585
val_cc,0.001503,0.550731,0.999585
val_cc,0.001503,0.550668,0.999585
val_cc,0.001502,0.550605,0.999585
val_cc,0.001501,0.550543,0.999585
val_cc,0.001500,0.550480,0.999585
val_cc,0.001500,0.550417,0.999585
val_cc,0.001499,0.550354,0.999585
val_cc,0.001497,0.550291,0.999585
val_cc,0.001497,0.550228,0.999585
val_cc,0.001495,0.550166,0.999585
val_cc,0.001495,0.550103,0.999585
val_cc,0.001492,0.550040,0.999585
val_cc,0.001491,0.549977,0.999585
val_cc,0.001487,0.549914,0.999585
val_cc,0.001487,0.549852,0.999585
val_cc,0.001487,0.549789,0.999585
val_cc,0.001487,0.549726,0.999585
val_cc,0.001486,0.549664,0.999585
val_cc,0.001483,0.549601,0.999585
val_cc,0.001483,0.549538,0.999585
val_cc,0.001483,0.549476,0.999585
val_cc,0.001482,0.549413,0.999585
val_cc,0.001481,0.549350,0.999585
val_cc,0.001480,0.549288,0.999585
val_cc,0.001479,0.549225,0.999585
val_cc,0.001478,0.549163,0.999585
val_cc,0.001477,0.549100,0.999585
val_cc,0.001476,0.549037,0.999585
val_cc,0.001476,0.548975,0.999585
val_cc,0.001474,0.548912,0.999585
val_cc,0.001473,0.548850,0.999585
val_cc,0.001471,0.548787,0.999585
val_cc,0.001470,0.548662,0.999585
val_cc,0.001470,0.548600,0.999585
val_cc,0.001469,0.548538,0.999585
val_cc,0.001469,0.548475,0.999585
val_cc,0.001468,0.548413,0.999585
val_cc,0.001464,0.548350,0.999585
val_cc,0.001461,0.548288,0.999585
val_cc,0.001461,0.548226,0.999585
val_cc,0.001460,0.548101,0.999585
val_cc,0.001459,0.548039,0.999585
val_cc,0.001459,0.547976,0.999585
val_cc,0.001458,0.547914,0.999585
val_cc,0.001458,0.547852,0.999585
val_cc,0.001457,0.547790,0.999585
val_cc,0.001457,0.547727,0.999585
val_cc,0.001456,0.547665,0.999585
val_cc,0.001456,0.547603,0.999585
val_cc,0.001456,0.547478,0.999585
val_cc,0.001454,0.547416,0.999585
val_cc,0.001454,0.547354,0.999585
val_cc,0.001454,0.547292,0.999585
val_cc,0.001453,0.547230,0.999585
val_cc,0.001452,0.547168,0.999585
val_cc,0.001452,0.547106,0.999585
val_cc,0.001452,0.547043,0.999585
val_cc,0.001451,0.546981,0.999585
val_cc,0.001451,0.546919,0.999585
val_cc,0.001451,0.546857,0.999585
val_cc,0.001448,0.546795,0.999585
val_cc,0.001448,0.546733,0.999585
val_cc,0.001447,0.546671,0.999585
val_cc,0.001445,0.546609,0.999585
val_cc,0.001445,0.546547,0.999585
val_cc,0.001445,0.546485,0.999585
val_cc,0.001441,0.546423,0.999585
val_cc,0.001441,0.546361,0.999585
val_cc,0.001440,0.546299,0.999585
val_cc,0.001440,0.546238,0.999585
val_cc,0.001439,0.546176,0.999585
val_cc,0.001439,0.546114,0.999585
val_cc,0.001437,0.546052,0.999585
val_cc,0.001436,0.545990,0.999585
val_cc,0.001435,0.545928,0.999585
val_cc,0.001434,0.545866,0.999585
val_cc,0.001433,0.545743,0.999585
val_cc,0.001431,0.545681,0.999585
val_cc,0.001430,0.545619,0.999585
val_cc,0.001429,0.545557,0.999585
val_cc,0.001428,0.545496,0.999585
val_cc,0.001427,0.545434,0.999585
val_cc,0.001425,0.545372,0.999585
val_cc,0.001425,0.545311,0.999585
val_cc,0.001425,0.545249,0.999585
val_cc,0.001423,0.545187,0.999585
val_cc,0.001421,0.545126,0.999585
val_cc,0.001420,0.545064,0.999585
val_cc,0.001419,0.545002,0.999585
val_cc,0.001418,0.544941,0.999585
val_cc,0.001417,0.544633,0.999585
val_cc,0.001417,0.544448,0.999585
val_cc,0.001417,0.544387,0.999585
val_cc,0.001417,0.544325,0.999585
val_cc,0.001414,0.544264,0.999585
val_cc,0.001413,0.544202,0.999585
val_cc,0.001412,0.544141,0.999585
val_cc,0.001412,0.544079,0.999585
val_cc,0.001412,0.544018,0.999585
val_cc,0.001408,0.543957,0.999585
val_cc,0.001407,0.543895,0.999585
val_cc,0.001405,0.543834,0.999585
val_cc,0.001404,0.543773,0.999585
val_cc,0.001402,0.543711,0.999585
val_cc,0.001397,0.543650,0.999585
val_cc,0.001395,0.543589,0.999585
val_cc,0.001394,0.543527,0.999585
val_cc,0.001394,0.543466,0.999585
val_cc,0.001392,0.542854,0.999585
val_cc,0.001392,0.542793,0.999585
val_cc,0.001390,0.542732,0.999585
val_cc,0.001389,0.542671,0.999585
val_cc,0.001387,0.542609,0.999585
val_cc,0.001385,0.542548,0.999585
val_cc,0.001384,0.542487,0.999585
val_cc,0.001384,0.542426,0.999585
val_cc,0.001383,0.542365,0.999585
val_cc,0.001382,0.542304,0.999585
val_cc,0.001381,0.542243,0.999585
val_cc,0.001381,0.542182,0.999585
val_cc,0.001380,0.542121,0.999585
val_cc,0.001380,0.542060,0.999585
val_cc,0.001380,0.541999,0.999585
val_cc,0.001378,0.541938,0.999585
val_cc,0.001377,0.541877,0.999585
val_cc,0.001376,0.541817,0.999585
val_cc,0.001373,0.541756,0.999585
val_cc,0.001373,0.541695,0.999585
val_cc,0.001373,0.541634,0.999585
val_cc,0.001373,0.541573,0.999585
val_cc,0.001370,0.541512,0.999585
val_cc,0.001370,0.541451,0.999585
val_cc,0.001369,0.541391,0.999585
val_cc,0.001368,0.541330,0.999585
val_cc,0.001367,0.541269,0.999585
val_cc,0.001367,0.541208,0.999585
val_cc,0.001365,0.541147,0.999585
val_cc,0.001364,0.541087,0.999585
val_cc,0.001363,0.541026,0.999585
val_cc,0.001363,0.540965,0.999585
val_cc,0.001362,0.540905,0.999585
val_cc,0.001358,0.540844,0.999585
val_cc,0.001358,0.540783,0.999585
val_cc,0.001357,0.540722,0.999585
val_cc,0.001357,0.540662,0.999585
val_cc,0.001356,0.540601,0.999585
val_cc,0.001355,0.540541,0.999585
val_cc,0.001355,0.540480,0.999585
val_cc,0.001355,0.540419,0.999585
val_cc,0.001355,0.540359,0.999585
val_cc,0.001355,0.540298,0.999585
val_cc,0.001354,0.540238,0.999585
val_cc,0.001354,0.540177,0.999585
val_cc,0.001353,0.540117,0.999585
val_cc,0.001353,0.540056,0.999585
val_cc,0.001352,0.539996,0.999585
val_cc,0.001351,0.539935,0.999585
val_cc,0.001351,0.539875,0.999585
val_cc,0.001350,0.539814,0.999585
val_cc,0.001350,0.539754,0.999585
val_cc,0.001349,0.539693,0.999585
val_cc,0.001349,0.539633,0.999585
val_cc,0.001347,0.539572,0.999585
val_cc,0.001347,0.539512,0.999585
val_cc,0.001347,0.539452,0.999585
val_cc,0.001346,0.539391,0.999585
val_cc,0.001346,0.539331,0.999585
val_cc,0.001344,0.539271,0.999585
val_cc,0.001344,0.539210,0.999585
val_cc,0.001343,0.539150,0.999585
val_cc,0.001342,0.539090,0.999585
val_cc,0.001340,0.539029,0.999585
val_cc,0.001339,0.538969,0.999585
val_cc,0.001339,0.538909,0.999585
val_cc,0.001339,0.538849,0.999585
val_cc,0.001336,0.538788,0.999585
val_cc,0.001334,0.538728,0.999585
val_cc,0.001334,0.538668,0.999585
val_cc,0.001334,0.538608,0.999585
val_cc,0.001333,0.538547,0.999585
val_cc,0.001333,0.538427,0.999585
val_cc,0.001332,0.538367,0.999585
val_cc,0.001332,0.538307,0.999585
val_cc,0.001331,0.538247,0.999585
val_cc,0.001331,0.538187,0.999585
val_cc,0.001330,0.538127,0.999585
val_cc,0.001329,0.538067,0.999585
val_cc,0.001328,0.538006,0.999585
val_cc,0.001328,0.537946,0.999585
val_cc,0.001328,0.537886,0.999585
val_cc,0.001328,0.537826,0.999585
val_cc,0.001327,0.537766,0.999585
val_cc,0.001324,0.537706,0.999585
val_cc,0.001324,0.537646,0.999585
val_cc,0.001323,0.537586,0.999585
val_cc,0.001322,0.537526,0.999585
val_cc,0.001322,0.537467,0.999585
val_cc,0.001322,0.537407,0.999585
val_cc,0.001322,0.537347,0.999585
val_cc,0.001321,0.536988,0.999585
val_cc,0.001321,0.536928,0.999585
val_cc,0.001319,0.536868,0.999585
val_cc,0.001319,0.536808,0.999585
val_cc,0.001317,0.536748,0.999585
val_cc,0.001317,0.536689,0.999585
val_cc,0.001317,0.536629,0.999585
val_cc,0.001317,0.536509,0.999585
val_cc,0.001316,0.536450,0.999585
val_cc,0.001316,0.536390,0.999585
val_cc,0.001314,0.536330,0.999585
val_cc,0.001311,0.536271,0.999585
val_cc,0.001311,0.536211,0.999585
val_cc,0.001310,0.536151,0.999585
val_cc,0.001309,0.536092,0.999585
val_cc,0.001308,0.536032,0.999585
val_cc,0.001307,0.535972,0.999585
val_cc,0.001305,0.535913,0.999585
val_cc,0.001304,0.535853,0.999585
val_cc,0.001303,0.535794,0.999585
val_cc,0.001302,0.535734,0.999585
val_cc,0.001301,0.535675,0.999585
val_cc,0.001301,0.535615,0.999585
val_cc,0.001301,0.535556,0.999585
val_cc,0.001299,0.535496,0.999585
val_cc,0.001298,0.535437,0.999585
val_cc,0.001298,0.535377,0.999585
val_cc,0.001298,0.535318,0.999585
val_cc,0.001298,0.535258,0.999585
val_cc,0.001298,0.535199,0.999585
val_cc,0.001296,0.535139,0.999585
val_cc,0.001295,0.535080,0.999585
val_cc,0.001294,0.535021,0.999585
val_cc,0.001294,0.534961,0.999585
val_cc,0.001293,0.534902,0.999585
val_cc,0.001290,0.534842,0.999585
val_cc,0.001290,0.534783,0.999585
val_cc,0.001290,0.534724,0.999585
val_cc,0.001290,0.534664,0.999585
val_cc,0.001288,0.534605,0.999585
val_cc,0.001288,0.534546,0.999585
val_cc,0.001287,0.534487,0.999585
val_cc,0.001287,0.534427,0.999585
val_cc,0.001287,0.534368,0.999585
val_cc,0.001287,0.534309,0.999585
val_cc,0.001286,0.534250,0.999585
val_cc,0.001286,0.534190,0.999585
val_cc,0.001285,0.534131,0.999585
val_cc,0.001285,0.534072,0.999585
val_cc,0.001283,0.534013,0.999585
val_cc,0.001282,0.533954,0.999585
val_cc,0.001282,0.533895,0.999585
val_cc,0.001281,0.533835,0.999585
val_cc,0.001281,0.533776,0.999585
val_cc,0.001281,0.533717,0.999585
val_cc,0.001281,0.533658,0.999585
val_cc,0.001280,0.533599,0.999585
val_cc,0.001279,0.533540,0.999585
val_cc,0.001279,0.533481,0.999585
val_cc,0.001277,0.533422,0.999585
val_cc,0.001276,0.533363,0.999585
val_cc,0.001275,0.533304,0.999585
val_cc,0.001275,0.533245,0.999585
val_cc,0.001274,0.533186,0.999585
val_cc,0.001273,0.533127,0.999585
val_cc,0.001273,0.533068,0.999585
val_cc,0.001272,0.533009,0.999585
val_cc,0.001272,0.532950,0.999585
val_cc,0.001272,0.532891,0.999585
val_cc,0.001272,0.532832,0.999585
val_cc,0.001271,0.532773,0.999585
val_cc,0.001270,0.532714,0.999585
val_cc,0.001270,0.532656,0.999585
val_cc,0.001269,0.532597,0.999585
val_cc,0.001269,0.532538,0.999585
val_cc,0.001268,0.532479,0.999585
val_cc,0.001267,0.532420,0.999585
val_cc,0.001266,0.532361,0.999585
val_cc,0.001264,0.532303,0.999585
val_cc,0.001264,0.532244,0.999585
val_cc,0.001263,0.532185,0.999585
val_cc,0.001263,0.532126,0.999585
val_cc,0.001263,0.532068,0.999585
val_cc,0.001261,0.532009,0.999585
val_cc,0.001260,0.531950,0.999585
val_cc,0.001259,0.531891,0.999585
val_cc,0.001259,0.531833,0.999585
val_cc,0.001259,0.531774,0.999585
val_cc,0.001258,0.531715,0.999585
val_cc,0.001258,0.531657,0.999585
val_cc,0.001258,0.531598,0.999585
val_cc,0.001256,0.531539,0.999585
val_cc,0.001254,0.531481,0.999585
val_cc,0.001251,0.531422,0.999585
val_cc,0.001251,0.531364,0.999585
val_cc,0.001251,0.531305,0.999585
val_cc,0.001251,0.531247,0.999585
val_cc,0.001250,0.531188,0.999585
val_cc,0.001250,0.531129,0.999585
val_cc,0.001250,0.531071,0.999585
val_cc,0.001249,0.531012,0.999585
val_cc,0.001248,0.530954,0.999585
val_cc,0.001248,0.530895,0.999585
val_cc,0.001246,0.530837,0.999585
val_cc,0.001246,0.530779,0.999585
val_cc,0.001245,0.530720,0.999585
val_cc,0.001245,0.530662,0.999585
val_cc,0.001244,0.530603,0.999585
val_cc,0.001243,0.530545,0.999585
val_cc,0.001241,0.530486,0.999585
val_cc,0.001239,0.530428,0.999585
val_cc,0.001239,0.530370,0.999585
val_cc,0.001238,0.530311,0.999585
val_cc,0.001236,0.530253,0.999585
val_cc,0.001236,0.530195,0.999585
val_cc,0.001235,0.530136,0.999585
val_cc,0.001233,0.529962,0.999585
val_cc,0.001233,0.529903,0.999585
val_cc,0.001232,0.529845,0.999585
val_cc,0.001231,0.529787,0.999585
val_cc,0.001231,0.529729,0.999585
val_cc,0.001228,0.529670,0.999585
val_cc,0.001228,0.529612,0.999585
val_cc,0.001227,0.529554,0.999585
val_cc,0.001226,0.529496,0.999585
val_cc,0.001226,0.529147,0.999585
val_cc,0.001224,0.529089,0.999585
val_cc,0.001224,0.529031,0.999585
val_cc,0.001222,0.528973,0.999585
val_cc,0.001222,0.528915,0.999585
val_cc,0.001221,0.528857,0.999585
val_cc,0.001221,0.528799,0.999585
val_cc,0.001221,0.528741,0.999585
val_cc,0.001220,0.528683,0.999585
val_cc,0.001219,0.528625,0.999585
val_cc,0.001213,0.528567,0.999585
val_cc,0.001213,0.528509,0.999585
val_cc,0.001212,0.528451,0.999585
val_cc,0.001210,0.528393,0.999585
val_cc,0.001210,0.528335,0.999585
val_cc,0.001207,0.528277,0.999585
val_cc,0.001206,0.528219,0.999585
val_cc,0.001206,0.528161,0.999585
val_cc,0.001205,0.528103,0.999585
val_cc,0.001203,0.528046,0.999585
val_cc,0.001203,0.527988,0.999585
val_cc,0.001203,0.527930,0.999585
val_cc,0.001201,0.527872,0.999585
val_cc,0.001201,0.527814,0.999585
val_cc,0.001201,0.527756,0.999585
val_cc,0.001200,0.527699,0.999585
val_cc,0.001200,0.527641,0.999585
val_cc,0.001199,0.527583,0.999585
val_cc,0.001199,0.527525,0.999585
val_cc,0.001199,0.527468,0.999585
val_cc,0.001198,0.527410,0.999585
val_cc,0.001198,0.527352,0.999585
val_cc,0.001197,0.527295,0.999585
val_cc,0.001197,0.527237,0.999585
val_cc,0.001197,0.527179,0.999585
val_cc,0.001193,0.527122,0.999585
val_cc,0.001192,0.527064,0.999585
val_cc,0.001191,0.527006,0.999585
val_cc,0.001191,0.526949,0.999585
val_cc,0.001190,0.526891,0.999585
val_cc,0.001189,0.526834,0.999585
val_cc,0.001189,0.526776,0.999585
val_cc,0.001187,0.526718,0.999585
val_cc,0.001187,0.526661,0.999585
val_cc,0.001185,0.526603,0.999585
val_cc,0.001184,0.526546,0.999585
val_cc,0.001183,0.526488,0.999585
val_cc,0.001182,0.526431,0.999585
val_cc,0.001182,0.526373,0.999585
val_cc,0.001182,0.526316,0.999585
val_cc,0.001181,0.526258,0.999585
val_cc,0.001180,0.526201,0.999585
val_cc,0.001180,0.526143,0.999585
val_cc,0.001180,0.526086,0.999585
val_cc,0.001179,0.526029,0.999585
val_cc,0.001179,0.525971,0.999585
val_cc,0.001179,0.525914,0.999585
val_cc,0.001178,0.525856,0.999585
val_cc,0.001178,0.525799,0.999585
val_cc,0.001178,0.525742,0.999585
val_cc,0.001177,0.525684,0.999585
val_cc,0.001177,0.525627,0.999585
val_cc,0.001177,0.525570,0.999585
val_cc,0.001176,0.525512,0.999585
val_cc,0.001175,0.525455,0.999585
val_cc,0.001175,0.525398,0.999585
val_cc,0.001175,0.525341,0.999585
val_cc,0.001174,0.525283,0.999585
val_cc,0.001174,0.525226,0.999585
val_cc,0.001174,0.525169,0.999585
val_cc,0.001173,0.525112,0.999585
val_cc,0.001173,0.525054,0.999585
val_cc,0.001172,0.524997,0.999585
val_cc,0.001172,0.524940,0.999585
val_cc,0.001172,0.524883,0.999585
val_cc,0.001172,0.524826,0.999585
val_cc,0.001171,0.524769,0.999585
val_cc,0.001171,0.524712,0.999585
val_cc,0.001170,0.524654,0.999585
val_cc,0.001169,0.524597,0.999585
val_cc,0.001169,0.524540,0.999585
val_cc,0.001168,0.524483,0.999585
val_cc,0.001167,0.524426,0.999585
val_cc,0.001166,0.524369,0.999585
val_cc,0.001164,0.524312,0.999585
val_cc,0.001164,0.524255,0.999585
val_cc,0.001164,0.524198,0.999585
val_cc,0.001163,0.524141,0.999585
val_cc,0.001163,0.524084,0.999585
val_cc,0.001162,0.524027,0.999585
val_cc,0.001162,0.523970,0.999585
val_cc,0.001161,0.523913,0.999585
val_cc,0.001160,0.523856,0.999585
val_cc,0.001159,0.523799,0.999585
val_cc,0.001158,0.523742,0.999585
val_cc,0.001157,0.523685,0.999585
val_cc,0.001157,0.523628,0.999585
val_cc,0.001156,0.523572,0.999585
val_cc,0.001156,0.523515,0.999585
val_cc,0.001156,0.523458,0.999585
val_cc,0.001155,0.523401,0.999585
val_cc,0.001154,0.523344,0.999585
val_cc,0.001154,0.523287,0.999585
val_cc,0.001153,0.523231,0.999585
val_cc,0.001152,0.523174,0.999585
val_cc,0.001151,0.523117,0.999585
val_cc,0.001150,0.523060,0.999585
val_cc,0.001150,0.523003,0.999585
val_cc,0.001149,0.522947,0.999585
val_cc,0.001149,0.522890,0.999585
val_cc,0.001149,0.522833,0.999585
val_cc,0.001148,0.522777,0.999585
val_cc,0.001148,0.522720,0.999585
val_cc,0.001148,0.522663,0.999585
val_cc,0.001147,0.522607,0.999585
val_cc,0.001146,0.522550,0.999585
val_cc,0.001143,0.522493,0.999585
val_cc,0.001143,0.522437,0.999585
val_cc,0.001143,0.522380,0.999585
val_cc,0.001142,0.522323,0.999585
val_cc,0.001142,0.522267,0.999585
val_cc,0.001142,0.522210,0.999585
val_cc,0.001141,0.522154,0.999585
val_cc,0.001141,0.521984,0.999585
val_cc,0.001141,0.521927,0.999585
val_cc,0.001140,0.521871,0.999585
val_cc,0.001140,0.521814,0.999585
val_cc,0.001140,0.521758,0.999585
val_cc,0.001140,0.521701,0.999585
val_cc,0.001140,0.521645,0.999585
val_cc,0.001139,0.521589,0.999585
val_cc,0.001139,0.521532,0.999585
val_cc,0.001138,0.521476,0.999585
val_cc,0.001138,0.521419,0.999585
val_cc,0.001137,0.521363,0.999585
val_cc,0.001137,0.521307,0.999585
val_cc,0.001135,0.521250,0.999585
val_cc,0.001134,0.521194,0.999585
val_cc,0.001134,0.521137,0.999585
val_cc,0.001134,0.521081,0.999585
val_cc,0.001134,0.521025,0.999585
val_cc,0.001134,0.520968,0.999585
val_cc,0.001134,0.520912,0.999585
val_cc,0.001132,0.520856,0.999585
val_cc,0.001132,0.520800,0.999585
val_cc,0.001131,0.520743,0.999585
val_cc,0.001130,0.520687,0.999585
val_cc,0.001130,0.520631,0.999585
val_cc,0.001129,0.520575,0.999585
val_cc,0.001128,0.520518,0.999585
val_cc,0.001128,0.520462,0.999585
val_cc,0.001128,0.520406,0.999585
val_cc,0.001128,0.520350,0.999585
val_cc,0.001127,0.520294,0.999585
val_cc,0.001126,0.520237,0.999585
val_cc,0.001126,0.520181,0.999585
val_cc,0.001124,0.520125,0.999585
val_cc,0.001124,0.520069,0.999585
val_cc,0.001123,0.520013,0.999585
val_cc,0.001123,0.519957,0.999585
val_cc,0.001121,0.519901,0.999585
val_cc,0.001121,0.519845,0.999585
val_cc,0.001120,0.519789,0.999585
val_cc,0.001119,0.519733,0.999585
val_cc,0.001117,0.519677,0.999585
val_cc,0.001117,0.519621,0.999585
val_cc,0.001117,0.519565,0.999585
val_cc,0.001117,0.519509,0.999585
val_cc,0.001115,0.519453,0.999585
val_cc,0.001114,0.519397,0.999585
val_cc,0.001114,0.519341,0.999585
val_cc,0.001113,0.519285,0.999585
val_cc,0.001112,0.519229,0.999585
val_cc,0.001112,0.519173,0.999585
val_cc,0.001112,0.519117,0.999585
val_cc,0.001111,0.519061,0.999585
val_cc,0.001110,0.519005,0.999585
val_cc,0.001109,0.518949,0.999585
val_cc,0.001109,0.518893,0.999585
val_cc,0.001109,0.518837,0.999585
val_cc,0.001108,0.518782,0.999585
val_cc,0.001108,0.518726,0.999585
val_cc,0.001108,0.518670,0.999585
val_cc,0.001107,0.518614,0.999585
val_cc,0.001107,0.518558,0.999585
val_cc,0.001107,0.518503,0.999585
val_cc,0.001107,0.518447,0.999585
val_cc,0.001106,0.518391,0.999585
val_cc,0.001106,0.518335,0.999585
val_cc,0.001106,0.518280,0.999585
val_cc,0.001105,0.518224,0.999585
val_cc,0.001104,0.518168,0.999585
val_cc,0.001103,0.518112,0.999585
val_cc,0.001103,0.518057,0.999585
val_cc,0.001103,0.518001,0.999585
val_cc,0.001101,0.517945,0.999585
val_cc,0.001100,0.517890,0.999585
val_cc,0.001099,0.517834,0.999585
val_cc,0.001099,0.517778,0.999585
val_cc,0.001097,0.517723,0.999585
val_cc,0.001096,0.517667,0.999585
val_cc,0.001096,0.517612,0.999585
val_cc,0.001094,0.517556,0.999585
val_cc,0.001094,0.517501,0.999585
val_cc,0.001094,0.517445,0.999585
val_cc,0.001094,0.517389,0.999585
val_cc,0.001094,0.517334,0.999585
val_cc,0.001093,0.517278,0.999585
val_cc,0.001092,0.517223,0.999585
val_cc,0.001092,0.517167,0.999585
val_cc,0.001092,0.517112,0.999585
val_cc,0.001091,0.517056,0.999585
val_cc,0.001091,0.517001,0.999585
val_cc,0.001090,0.516946,0.999585
val_cc,0.001090,0.516890,0.999585
val_cc,0.001089,0.516835,0.999585
val_cc,0.001089,0.516779,0.999585
val_cc,0.001088,0.516724,0.999585
val_cc,0.001088,0.516668,0.999585
val_cc,0.001087,0.516613,0.999585
val_cc,0.001087,0.516558,0.999585
val_cc,0.001086,0.516502,0.999585
val_cc,0.001085,0.516447,0.999585
val_cc,0.001083,0.516392,0.999585
val_cc,0.001082,0.516336,0.999585
val_cc,0.001082,0.516281,0.999585
val_cc,0.001080,0.516226,0.999585
val_cc,0.001080,0.516170,0.999585
val_cc,0.001079,0.516115,0.999585
val_cc,0.001079,0.516060,0.999585
val_cc,0.001078,0.516005,0.999585
val_cc,0.001078,0.515949,0.999585
val_cc,0.001077,0.515894,0.999585
val_cc,0.001076,0.515839,0.999585
val_cc,0.001076,0.515784,0.999585
val_cc,0.001075,0.515729,0.999585
val_cc,0.001075,0.515673,0.999585
val_cc,0.001074,0.515618,0.999585
val_cc,0.001074,0.515563,0.999585
val_cc,0.001074,0.515508,0.999585
val_cc,0.001074,0.515453,0.999585
val_cc,0.001073,0.515398,0.999585
val_cc,0.001073,0.515343,0.999585
val_cc,0.001069,0.515288,0.999585
val_cc,0.001069,0.515232,0.999585
val_cc,0.001068,0.515177,0.999585
val_cc,0.001067,0.515122,0.999585
val_cc,0.001067,0.515067,0.999585
val_cc,0.001066,0.515012,0.999585
val_cc,0.001066,0.514957,0.999585
val_cc,0.001065,0.514902,0.999585
val_cc,0.001065,0.514847,0.999585
val_cc,0.001065,0.514792,0.999585
val_cc,0.001064,0.514737,0.999585
val_cc,0.001063,0.514682,0.999585
val_cc,0.001063,0.514627,0.999585
val_cc,0.001063,0.514572,0.999585
val_cc,0.001062,0.514518,0.999585
val_cc,0.001061,0.514463,0.999585
val_cc,0.001061,0.514408,0.999585
val_cc,0.001061,0.514353,0.999585
val_cc,0.001060,0.514298,0.999585
val_cc,0.001060,0.514243,0.999585
val_cc,0.001059,0.514188,0.999585
val_cc,0.001059,0.514133,0.999585
val_cc,0.001059,0.514078,0.999585
val_cc,0.001058,0.514024,0.999585
val_cc,0.001057,0.513969,0.999585
val_cc,0.001057,0.513914,0.999585
val_cc,0.001056,0.513859,0.999585
val_cc,0.001055,0.513804,0.999585
val_cc,0.001055,0.513750,0.999585
val_cc,0.001055,0.513476,0.999585
val_cc,0.001054,0.513421,0.999585
val_cc,0.001053,0.513312,0.999585
val_cc,0.001053,0.513257,0.999585
val_cc,0.001053,0.513203,0.999585
val_cc,0.001053,0.513148,0.999585
val_cc,0.001052,0.513093,0.999585
val_cc,0.001051,0.513039,0.999585
val_cc,0.001050,0.512930,0.999585
val_cc,0.001050,0.512875,0.999585
val_cc,0.001049,0.512821,0.999585
val_cc,0.001047,0.512766,0.999585
val_cc,0.001047,0.512711,0.999585
val_cc,0.001047,0.512657,0.999585
val_cc,0.001046,0.512602,0.999585
val_cc,0.001046,0.512548,0.999585
val_cc,0.001045,0.512493,0.999585
val_cc,0.001045,0.512439,0.999585
val_cc,0.001045,0.512384,0.999585
val_cc,0.001044,0.512330,0.999585
val_cc,0.001044,0.512275,0.999585
val_cc,0.001043,0.512221,0.999585
val_cc,0.001042,0.512167,0.999585
val_cc,0.001041,0.512112,0.999585
val_cc,0.001040,0.512058,0.999585
val_cc,0.001038,0.512003,0.999585
val_cc,0.001038,0.511949,0.999585
val_cc,0.001038,0.511895,0.999585
val_cc,0.001038,0.511840,0.999585
val_cc,0.001037,0.511786,0.999585
val_cc,0.001036,0.511732,0.999585
val_cc,0.001036,0.511677,0.999585
val_cc,0.001035,0.511623,0.999585
val_cc,0.001032,0.511569,0.999585
val_cc,0.001032,0.511514,0.999585
val_cc,0.001031,0.511460,0.999585
val_cc,0.001031,0.511406,0.999585
val_cc,0.001030,0.511243,0.999585
val_cc,0.001030,0.511189,0.999585
val_cc,0.001030,0.511135,0.999585
val_cc,0.001029,0.511080,0.999585
val_cc,0.001029,0.511026,0.999585
val_cc,0.001028,0.510972,0.999585
val_cc,0.001028,0.510918,0.999585
val_cc,0.001025,0.510864,0.999585
val_cc,0.001025,0.510810,0.999585
val_cc,0.001024,0.510756,0.999585
val_cc,0.001024,0.510701,0.999585
val_cc,0.001023,0.510647,0.999585
val_cc,0.001023,0.510593,0.999585
val_cc,0.001023,0.510539,0.999585
val_cc,0.001023,0.510485,0.999585
val_cc,0.001023,0.510431,0.999585
val_cc,0.001022,0.510377,0.999585
val_cc,0.001021,0.510323,0.999585
val_cc,0.001021,0.510269,0.999585
val_cc,0.001018,0.510215,0.999585
val_cc,0.001017,0.510161,0.999585
val_cc,0.001017,0.510053,0.999585
val_cc,0.001017,0.509999,0.999585
val_cc,0.001016,0.509945,0.999585
val_cc,0.001016,0.509891,0.999585
val_cc,0.001015,0.509837,0.999585
val_cc,0.001014,0.509783,0.999585
val_cc,0.001014,0.509729,0.999585
val_cc,0.001013,0.509675,0.999585
val_cc,0.001012,0.509621,0.999585
val_cc,0.001012,0.509568,0.999585
val_cc,0.001011,0.509514,0.999585
val_cc,0.001009,0.509460,0.999585
val_cc,0.001009,0.509406,0.999585
val_cc,0.001007,0.509352,0.999585
val_cc,0.001007,0.509298,0.999585
val_cc,0.001007,0.509245,0.999585
val_cc,0.001006,0.509191,0.999585
val_cc,0.001005,0.509137,0.999585
val_cc,0.001003,0.509083,0.999585
val_cc,0.001002,0.509029,0.999585
val_cc,0.001002,0.508976,0.999585
val_cc,0.001001,0.508922,0.999585
val_cc,0.001000,0.508868,0.999585
val_cc,0.001000,0.508815,0.999585
val_cc,0.001000,0.508761,0.999585
val_cc,0.000999,0.508707,0.999585
val_cc,0.000998,0.508653,0.999585
val_cc,0.000998,0.508600,0.999585
val_cc,0.000997,0.508546,0.999585
val_cc,0.000997,0.508492,0.999585
val_cc,0.000997,0.508439,0.999585
val_cc,0.000997,0.508385,0.999585
val_cc,0.000997,0.508332,0.999585
val_cc,0.000995,0.508224,0.999585
val_cc,0.000994,0.508171,0.999585
val_cc,0.000994,0.508117,0.999585
val_cc,0.000994,0.508064,0.999585
val_cc,0.000993,0.508010,0.999585
val_cc,0.000992,0.507957,0.999585
val_cc,0.000991,0.507903,0.999585
val_cc,0.000991,0.507850,0.999585
val_cc,0.000991,0.507796,0.999585
val_cc,0.000991,0.507743,0.999585
val_cc,0.000990,0.507689,0.999585
val_cc,0.000989,0.507582,0.999585
val_cc,0.000989,0.507529,0.999585
val_cc,0.000989,0.507475,0.999585
val_cc,0.000989,0.507422,0.999585
val_cc,0.000988,0.507368,0.999585
val_cc,0.000987,0.507315,0.999585
val_cc,0.000987,0.507262,0.999585
val_cc,0.000987,0.507208,0.999585
val_cc,0.000986,0.507155,0.999585
val_cc,0.000985,0.507102,0.999585
val_cc,0.000985,0.507048,0.999585
val_cc,0.000985,0.506995,0.999585
val_cc,0.000982,0.506942,0.999585
val_cc,0.000982,0.506888,0.999585
val_cc,0.000982,0.506835,0.999585
val_cc,0.000982,0.506782,0.999585
val_cc,0.000980,0.506728,0.999585
val_cc,0.000980,0.506675,0.999585
val_cc,0.000980,0.506622,0.999585
val_cc,0.000980,0.506569,0.999585
val_cc,0.000979,0.506515,0.999585
val_cc,0.000979,0.506462,0.999585
val_cc,0.000979,0.506409,0.999585
val_cc,0.000979,0.506356,0.999585
val_cc,0.000978,0.506303,0.999585
val_cc,0.000978,0.506249,0.999585
val_cc,0.000977,0.506196,0.999585
val_cc,0.000977,0.506143,0.999585
val_cc,0.000977,0.506090,0.999585
val_cc,0.000977,0.506037,0.999585
val_cc,0.000977,0.505984,0.999585
val_cc,0.000977,0.505931,0.999585
val_cc,0.000976,0.505877,0.999585
val_cc,0.000976,0.505824,0.999585
val_cc,0.000976,0.505771,0.999585
val_cc,0.000975,0.505718,0.999585
val_cc,0.000975,0.505665,0.999585
val_cc,0.000975,0.505612,0.999585
val_cc,0.000972,0.505559,0.999585
val_cc,0.000972,0.505506,0.999585
val_cc,0.000972,0.505453,0.999585
val_cc,0.000971,0.505400,0.999585
val_cc,0.000971,0.505347,0.999585
val_cc,0.000970,0.505294,0.999585
val_cc,0.000970,0.505241,0.999585
val_cc,0.000970,0.505188,0.999585
val_cc,0.000967,0.505135,0.999585
val_cc,0.000966,0.505082,0.999585
val_cc,0.000966,0.505029,0.999585
val_cc,0.000965,0.504976,0.999585
val_cc,0.000965,0.504924,0.999585
val_cc,0.000964,0.504871,0.999585
val_cc,0.000964,0.504818,0.999585
val_cc,0.000962,0.504765,0.999585
val_cc,0.000961,0.504712,0.999585
val_cc,0.000961,0.504659,0.999585
val_cc,0.000961,0.504606,0.999585
val_cc,0.000960,0.504554,0.999585
val_cc,0.000960,0.504501,0.999585
val_cc,0.000960,0.504448,0.999585
val_cc,0.000960,0.504395,0.999585
val_cc,0.000959,0.504342,0.999585
val_cc,0.000958,0.504290,0.999585
val_cc,0.000958,0.504237,0.999585
val_cc,0.000957,0.504184,0.999585
val_cc,0.000957,0.504131,0.999585
val_cc,0.000956,0.504079,0.999585
val_cc,0.000956,0.504026,0.999585
val_cc,0.000955,0.503973,0.999585
val_cc,0.000954,0.503921,0.999585
val_cc,0.000953,0.503868,0.999585
val_cc,0.000953,0.503815,0.999585
val_cc,0.000952,0.503763,0.999585
val_cc,0.000952,0.503710,0.999585
val_cc,0.000951,0.503657,0.999585
val_cc,0.000951,0.503605,0.999585
val_cc,0.000950,0.503552,0.999585
val_cc,0.000950,0.503499,0.999585
val_cc,0.000950,0.503447,0.999585
val_cc,0.000950,0.503342,0.999585
val_cc,0.000950,0.503289,0.999585
val_cc,0.000950,0.503184,0.999585
val_cc,0.000949,0.503132,0.999585
val_cc,0.000949,0.503079,0.999585
val_cc,0.000949,0.503027,0.999585
val_cc,0.000948,0.502974,0.999585
val_cc,0.000948,0.502922,0.999585
val_cc,0.000948,0.502869,0.999585
val_cc,0.000947,0.502817,0.999585
val_cc,0.000946,0.502764,0.999585
val_cc,0.000946,0.502712,0.999585
val_cc,0.000945,0.502659,0.999585
val_cc,0.000944,0.502607,0.999585
val_cc,0.000944,0.502554,0.999585
val_cc,0.000943,0.502502,0.999585
val_cc,0.000942,0.502450,0.999585
val_cc,0.000942,0.502397,0.999585
val_cc,0.000941,0.502345,0.999585
val_cc,0.000941,0.502293,0.999585
val_cc,0.000941,0.502240,0.999585
val_cc,0.000941,0.502188,0.999585
val_cc,0.000938,0.502136,0.999585
val_cc,0.000938,0.502083,0.999585
val_cc,0.000938,0.502031,0.999585
val_cc,0.000938,0.501979,0.999585
val_cc,0.000937,0.501926,0.999585
val_cc,0.000936,0.501874,0.999585
val_cc,0.000935,0.501822,0.999585
val_cc,0.000934,0.501770,0.999585
val_cc,0.000934,0.501717,0.999585
val_cc,0.000933,0.501665,0.999585
val_cc,0.000933,0.501613,0.999585
val_cc,0.000933,0.501561,0.999585
val_cc,0.000932,0.501509,0.999585
val_cc,0.000932,0.501457,0.999585
val_cc,0.000932,0.501404,0.999585
val_cc,0.000932,0.501352,0.999585
val_cc,0.000932,0.501300,0.999585
val_cc,0.000932,0.501248,0.999585
val_cc,0.000931,0.501196,0.999585
val_cc,0.000931,0.501144,0.999585
val_cc,0.000931,0.501092,0.999585
val_cc,0.000931,0.501040,0.999585
val_cc,0.000930,0.500987,0.999585
val_cc,0.000929,0.500935,0.999585
val_cc,0.000927,0.500883,0.999585
val_cc,0.000926,0.500831,0.999585
val_cc,0.000926,0.500779,0.999585
val_cc,0.000926,0.500727,0.999585
val_cc,0.000925,0.500675,0.999585
val_cc,0.000925,0.500623,0.999585
val_cc,0.000925,0.500571,0.999585
val_cc,0.000925,0.500519,0.999585
val_cc,0.000925,0.500467,0.999585
val_cc,0.000924,0.500415,0.999585
val_cc,0.000923,0.500363,0.999585
val_cc,0.000923,0.500311,0.999585
val_cc,0.000923,0.500259,0.999585
val_cc,0.000922,0.500208,0.999585
val_cc,0.000922,0.500156,0.999585
val_cc,0.000922,0.500104,0.999585
val_cc,0.000922,0.500052,0.999585
val_cc,0.000921,0.500000,0.999585
val_cc,0.000920,0.499948,0.999585
val_cc,0.000919,0.499896,0.999585
val_cc,0.000918,0.499844,0.999585
val_cc,0.000918,0.499793,0.999585
val_cc,0.000917,0.499741,0.999585
val_cc,0.000917,0.499689,0.999585
val_cc,0.000917,0.499637,0.999585
val_cc,0.000917,0.499585,0.999585
val_cc,0.000916,0.499534,0.999585
val_cc,0.000916,0.499482,0.999585
val_cc,0.000916,0.499430,0.999585
val_cc,0.000916,0.499378,0.999585
val_cc,0.000915,0.499327,0.999585
val_cc,0.000915,0.499275,0.999585
val_cc,0.000915,0.499223,0.999585
val_cc,0.000915,0.499171,0.999585
val_cc,0.000914,0.499120,0.999585
val_cc,0.000914,0.499068,0.999585
val_cc,0.000913,0.499016,0.999585
val_cc,0.000912,0.498965,0.999585
val_cc,0.000912,0.498913,0.999585
val_cc,0.000912,0.498862,0.999585
val_cc,0.000911,0.498810,0.999585
val_cc,0.000910,0.498758,0.999585
val_cc,0.000908,0.498707,0.999585
val_cc,0.000907,0.498655,0.999585
val_cc,0.000907,0.498603,0.999585
val_cc,0.000907,0.498552,0.999585
val_cc,0.000907,0.498500,0.999585
val_cc,0.000906,0.498449,0.999585
val_cc,0.000905,0.498397,0.999585
val_cc,0.000904,0.498346,0.999585
val_cc,0.000904,0.498294,0.999585
val_cc,0.000903,0.498243,0.999585
val_cc,0.000903,0.498191,0.999585
val_cc,0.000903,0.498140,0.999585
val_cc,0.000902,0.498088,0.999585
val_cc,0.000902,0.498037,0.999585
val_cc,0.000901,0.497985,0.999585
val_cc,0.000901,0.497934,0.999585
val_cc,0.000900,0.497882,0.999585
val_cc,0.000899,0.497831,0.999585
val_cc,0.000899,0.497780,0.999585
val_cc,0.000899,0.497728,0.999585
val_cc,0.000899,0.497677,0.999585
val_cc,0.000898,0.497625,0.999585
val_cc,0.000897,0.497574,0.999585
val_cc,0.000896,0.497523,0.999585
val_cc,0.000896,0.497471,0.999585
val_cc,0.000895,0.497420,0.999585
val_cc,0.000895,0.497369,0.999585
val_cc,0.000894,0.497317,0.999585
val_cc,0.000894,0.497266,0.999585
val_cc,0.000894,0.496907,0.999585
val_cc,0.000894,0.496856,0.999585
val_cc,0.000893,0.496805,0.999585
val_cc,0.000892,0.496754,0.999585
val_cc,0.000892,0.496702,0.999585
val_cc,0.000891,0.496651,0.999585
val_cc,0.000891,0.496600,0.999585
val_cc,0.000890,0.496549,0.999585
val_cc,0.000889,0.496498,0.999585
val_cc,0.000889,0.496447,0.999585
val_cc,0.000889,0.496395,0.999585
val_cc,0.000888,0.496344,0.999585
val_cc,0.000886,0.496293,0.999585
val_cc,0.000886,0.496242,0.999585
val_cc,0.000886,0.496191,0.999585
val_cc,0.000886,0.496140,0.999585
val_cc,0.000885,0.496089,0.999585
val_cc,0.000885,0.496038,0.999585
val_cc,0.000884,0.495987,0.999585
val_cc,0.000884,0.495936,0.999585
val_cc,0.000883,0.495885,0.999585
val_cc,0.000883,0.495834,0.999585
val_cc,0.000882,0.495783,0.999585
val_cc,0.000882,0.495732,0.999585
val_cc,0.000882,0.495681,0.999585
val_cc,0.000881,0.495630,0.999585
val_cc,0.000881,0.495579,0.999585
val_cc,0.000880,0.495528,0.999585
val_cc,0.000880,0.495477,0.999585
val_cc,0.000880,0.495426,0.999585
val_cc,0.000880,0.495375,0.999585
val_cc,0.000880,0.495324,0.999585
val_cc,0.000879,0.495273,0.999585
val_cc,0.000879,0.495222,0.999585
val_cc,0.000878,0.495172,0.999585
val_cc,0.000878,0.495121,0.999585
val_cc,0.000878,0.495070,0.999585
val_cc,0.000878,0.495019,0.999585
val_cc,0.000877,0.494968,0.999585
val_cc,0.000877,0.494917,0.999585
val_cc,0.000877,0.494867,0.999585
val_cc,0.000876,0.494816,0.999585
val_cc,0.000875,0.494765,0.999585
val_cc,0.000875,0.494714,0.999585
val_cc,0.000875,0.494663,0.999585
val_cc,0.000875,0.494613,0.999585
val_cc,0.000874,0.494562,0.999585
val_cc,0.000874,0.494511,0.999585
val_cc,0.000872,0.494460,0.999585
val_cc,0.000871,0.494410,0.999585
val_cc,0.000871,0.494359,0.999585
val_cc,0.000870,0.494308,0.999585
val_cc,0.000870,0.494207,0.999585
val_cc,0.000870,0.494156,0.999585
val_cc,0.000869,0.494106,0.999585
val_cc,0.000869,0.494055,0.999585
val_cc,0.000868,0.494004,0.999585
val_cc,0.000868,0.493954,0.999585
val_cc,0.000867,0.493903,0.999585
val_cc,0.000867,0.493852,0.999585
val_cc,0.000867,0.493802,0.999585
val_cc,0.000867,0.493751,0.999585
val_cc,0.000866,0.493701,0.999585
val_cc,0.000866,0.493650,0.999585
val_cc,0.000864,0.493600,0.999585
val_cc,0.000864,0.493549,0.999585
val_cc,0.000864,0.493499,0.999585
val_cc,0.000863,0.493448,0.999585
val_cc,0.000863,0.493397,0.999585
val_cc,0.000862,0.493347,0.999585
val_cc,0.000862,0.493296,0.999585
val_cc,0.000862,0.493246,0.999585
val_cc,0.000861,0.493196,0.999585
val_cc,0.000861,0.493145,0.999585
val_cc,0.000861,0.493095,0.999585
val_cc,0.000860,0.493044,0.999585
val_cc,0.000859,0.492994,0.999585
val_cc,0.000859,0.492943,0.999585
val_cc,0.000858,0.492893,0.999585
val_cc,0.000858,0.492843,0.999585
val_cc,0.000858,0.492792,0.999585
val_cc,0.000858,0.492742,0.999585
val_cc,0.000857,0.492691,0.999585
val_cc,0.000857,0.492641,0.999585
val_cc,0.000857,0.492591,0.999585
val_cc,0.000857,0.492540,0.999585
val_cc,0.000856,0.492490,0.999585
val_cc,0.000856,0.492440,0.999585
val_cc,0.000856,0.492389,0.999585
val_cc,0.000855,0.492339,0.999585
val_cc,0.000855,0.492289,0.999585
val_cc,0.000855,0.492239,0.999585
val_cc,0.000855,0.492188,0.999585
val_cc,0.000854,0.492138,0.999585
val_cc,0.000854,0.492088,0.999585
val_cc,0.000854,0.492038,0.999585
val_cc,0.000854,0.491987,0.999585
val_cc,0.000854,0.491937,0.999585
val_cc,0.000853,0.491887,0.999585
val_cc,0.000853,0.491837,0.999585
val_cc,0.000853,0.491787,0.999585
val_cc,0.000852,0.491686,0.999585
val_cc,0.000851,0.491636,0.999585
val_cc,0.000851,0.491586,0.999585
val_cc,0.000851,0.491536,0.999585
val_cc,0.000851,0.491486,0.999585
val_cc,0.000851,0.491436,0.999585
val_cc,0.000850,0.491385,0.999585
val_cc,0.000850,0.491335,0.999585
val_cc,0.000850,0.491285,0.999585
val_cc,0.000849,0.491235,0.999585
val_cc,0.000848,0.491185,0.999585
val_cc,0.000848,0.491135,0.999585
val_cc,0.000848,0.491085,0.999585
val_cc,0.000847,0.491035,0.999585
val_cc,0.000847,0.490985,0.999585
val_cc,0.000847,0.490935,0.999585
val_cc,0.000846,0.490885,0.999585
val_cc,0.000845,0.490835,0.999585
val_cc,0.000844,0.490785,0.999585
val_cc,0.000844,0.490735,0.999585
val_cc,0.000844,0.490685,0.999585
val_cc,0.000843,0.490635,0.999585
val_cc,0.000842,0.490585,0.999585
val_cc,0.000842,0.490535,0.999585
val_cc,0.000842,0.490485,0.999585
val_cc,0.000842,0.490435,0.999585
val_cc,0.000841,0.490386,0.999585
val_cc,0.000841,0.490336,0.999585
val_cc,0.000840,0.490286,0.999585
val_cc,0.000840,0.490236,0.999585
val_cc,0.000840,0.490186,0.999585
val_cc,0.000840,0.490136,0.999585
val_cc,0.000839,0.490086,0.999585
val_cc,0.000839,0.490037,0.999585
val_cc,0.000839,0.489987,0.999585
val_cc,0.000838,0.489937,0.999585
val_cc,0.000838,0.489887,0.999585
val_cc,0.000838,0.489837,0.999585
val_cc,0.000838,0.489788,0.999585
val_cc,0.000837,0.489738,0.999585
val_cc,0.000837,0.489688,0.999585
val_cc,0.000837,0.489638,0.999585
val_cc,0.000837,0.489589,0.999585
val_cc,0.000836,0.489539,0.999585
val_cc,0.000836,0.489489,0.999585
val_cc,0.000834,0.489439,0.999585
val_cc,0.000834,0.489390,0.999585
val_cc,0.000833,0.489340,0.999585
val_cc,0.000833,0.489290,0.999585
val_cc,0.000833,0.489241,0.999585
val_cc,0.000832,0.489191,0.999585
val_cc,0.000832,0.489141,0.999585
val_cc,0.000831,0.489092,0.999585
val_cc,0.000831,0.489042,0.999585
val_cc,0.000831,0.488993,0.999585
val_cc,0.000830,0.488943,0.999585
val_cc,0.000829,0.488893,0.999585
val_cc,0.000829,0.488844,0.999585
val_cc,0.000828,0.488794,0.999585
val_cc,0.000828,0.488745,0.999585
val_cc,0.000827,0.488695,0.999585
val_cc,0.000826,0.488646,0.999585
val_cc,0.000826,0.488596,0.999585
val_cc,0.000826,0.488547,0.999585
val_cc,0.000826,0.488497,0.999585
val_cc,0.000825,0.488448,0.999585
val_cc,0.000825,0.488398,0.999585
val_cc,0.000824,0.488349,0.999585
val_cc,0.000823,0.488299,0.999585
val_cc,0.000823,0.488250,0.999585
val_cc,0.000823,0.488200,0.999585
val_cc,0.000823,0.488151,0.999585
val_cc,0.000823,0.488101,0.999585
val_cc,0.000822,0.488052,0.999585
val_cc,0.000821,0.488002,0.999585
val_cc,0.000821,0.487953,0.999585
val_cc,0.000820,0.487904,0.999585
val_cc,0.000819,0.487854,0.999585
val_cc,0.000819,0.487805,0.999585
val_cc,0.000818,0.487756,0.999585
val_cc,0.000818,0.487706,0.999585
val_cc,0.000817,0.487657,0.999585
val_cc,0.000817,0.487607,0.999585
val_cc,0.000817,0.487558,0.999585
val_cc,0.000817,0.487509,0.999585
val_cc,0.000817,0.487460,0.999585
val_cc,0.000817,0.487410,0.999585
val_cc,0.000816,0.487361,0.999585
val_cc,0.000816,0.487312,0.999585
val_cc,0.000815,0.487262,0.999585
val_cc,0.000814,0.487213,0.999585
val_cc,0.000814,0.487164,0.999585
val_cc,0.000813,0.487115,0.999585
val_cc,0.000812,0.487065,0.999585
val_cc,0.000812,0.487016,0.999585
val_cc,0.000811,0.486967,0.999585
val_cc,0.000811,0.486918,0.999585
val_cc,0.000811,0.486869,0.999585
val_cc,0.000811,0.486820,0.999585
val_cc,0.000810,0.486770,0.999585
val_cc,0.000809,0.486721,0.999585
val_cc,0.000809,0.486672,0.999585
val_cc,0.000809,0.486623,0.999585
val_cc,0.000809,0.486574,0.999585
val_cc,0.000809,0.486525,0.999585
val_cc,0.000809,0.486476,0.999585
val_cc,0.000808,0.486426,0.999585
val_cc,0.000807,0.486377,0.999585
val_cc,0.000807,0.486328,0.999585
val_cc,0.000807,0.486279,0.999585
val_cc,0.000807,0.486230,0.999585
val_cc,0.000807,0.486181,0.999585
val_cc,0.000807,0.486132,0.999585
val_cc,0.000807,0.486083,0.999585
val_cc,0.000806,0.486034,0.999585
val_cc,0.000806,0.485985,0.999585
val_cc,0.000805,0.485936,0.999585
val_cc,0.000805,0.485887,0.999585
val_cc,0.000804,0.485838,0.999585
val_cc,0.000804,0.485789,0.999585
val_cc,0.000804,0.485740,0.999585
val_cc,0.000804,0.485691,0.999585
val_cc,0.000803,0.485642,0.999585
val_cc,0.000803,0.485593,0.999585
val_cc,0.000802,0.485544,0.999585
val_cc,0.000802,0.485496,0.999585
val_cc,0.000802,0.485447,0.999585
val_cc,0.000801,0.485398,0.999585
val_cc,0.000800,0.485349,0.999585
val_cc,0.000800,0.485300,0.999585
val_cc,0.000799,0.485251,0.999585
val_cc,0.000799,0.485202,0.999585
val_cc,0.000799,0.485153,0.999585
val_cc,0.000799,0.485105,0.999585
val_cc,0.000799,0.485056,0.999585
val_cc,0.000799,0.485007,0.999585
val_cc,0.000799,0.484958,0.999585
val_cc,0.000798,0.484909,0.999585
val_cc,0.000797,0.484861,0.999585
val_cc,0.000797,0.484812,0.999585
val_cc,0.000796,0.484763,0.999585
val_cc,0.000796,0.484714,0.999585
val_cc,0.000796,0.484666,0.999585
val_cc,0.000795,0.484617,0.999585
val_cc,0.000794,0.484568,0.999585
val_cc,0.000794,0.484520,0.999585
val_cc,0.000794,0.484471,0.999585
val_cc,0.000794,0.484422,0.999585
val_cc,0.000794,0.484325,0.999585
val_cc,0.000793,0.484276,0.999585
val_cc,0.000793,0.484227,0.999585
val_cc,0.000792,0.484179,0.999585
val_cc,0.000790,0.484130,0.999585
val_cc,0.000790,0.484082,0.999585
val_cc,0.000790,0.484033,0.999585
val_cc,0.000788,0.483984,0.999585
val_cc,0.000788,0.483936,0.999585
val_cc,0.000788,0.483887,0.999585
val_cc,0.000787,0.483839,0.999585
val_cc,0.000787,0.483790,0.999585
val_cc,0.000786,0.483741,0.999585
val_cc,0.000786,0.483693,0.999585
val_cc,0.000786,0.483644,0.999585
val_cc,0.000786,0.483596,0.999585
val_cc,0.000786,0.483547,0.999585
val_cc,0.000786,0.483499,0.999585
val_cc,0.000785,0.483450,0.999585
val_cc,0.000785,0.483402,0.999585
val_cc,0.000784,0.483353,0.999585
val_cc,0.000784,0.483305,0.999585
val_cc,0.000784,0.483256,0.999585
val_cc,0.000784,0.483208,0.999585
val_cc,0.000784,0.483160,0.999585
val_cc,0.000783,0.483111,0.999585
val_cc,0.000783,0.483063,0.999585
val_cc,0.000783,0.483014,0.999585
val_cc,0.000783,0.482966,0.999585
val_cc,0.000782,0.482918,0.999585
val_cc,0.000782,0.482869,0.999585
val_cc,0.000781,0.482821,0.999585
val_cc,0.000781,0.482772,0.999585
val_cc,0.000781,0.482724,0.999585
val_cc,0.000780,0.482676,0.999585
val_cc,0.000779,0.482627,0.999585
val_cc,0.000777,0.482579,0.999585
val_cc,0.000777,0.482531,0.999585
val_cc,0.000777,0.482482,0.999585
val_cc,0.000777,0.482434,0.999585
val_cc,0.000776,0.482386,0.999585
val_cc,0.000776,0.482338,0.999585
val_cc,0.000776,0.482289,0.999585
val_cc,0.000776,0.482241,0.999585
val_cc,0.000776,0.482193,0.999585
val_cc,0.000775,0.482145,0.999585
val_cc,0.000775,0.482096,0.999585
val_cc,0.000775,0.482048,0.999585
val_cc,0.000775,0.482000,0.999585
val_cc,0.000775,0.481952,0.999585
val_cc,0.000774,0.481904,0.999585
val_cc,0.000774,0.481855,0.999585
val_cc,0.000774,0.481807,0.999585
val_cc,0.000774,0.481759,0.999585
val_cc,0.000773,0.481711,0.999585
val_cc,0.000773,0.481663,0.999585
val_cc,0.000773,0.481615,0.999585
val_cc,0.000773,0.481567,0.999585
val_cc,0.000772,0.481518,0.999585
val_cc,0.000772,0.481470,0.999585
val_cc,0.000771,0.481422,0.999585
val_cc,0.000770,0.481374,0.999585
val_cc,0.000769,0.481326,0.999585
val_cc,0.000769,0.481278,0.999585
val_cc,0.000768,0.481230,0.999585
val_cc,0.000768,0.481182,0.999585
val_cc,0.000768,0.481134,0.999585
val_cc,0.000766,0.481086,0.999585
val_cc,0.000766,0.481038,0.999585
val_cc,0.000766,0.480990,0.999585
val_cc,0.000765,0.480942,0.999585
val_cc,0.000765,0.480894,0.999585
val_cc,0.000765,0.480846,0.999585
val_cc,0.000765,0.480798,0.999585
val_cc,0.000765,0.480750,0.999585
val_cc,0.000764,0.480702,0.999585
val_cc,0.000764,0.480654,0.999585
val_cc,0.000764,0.480606,0.999585
val_cc,0.000763,0.480558,0.999585
val_cc,0.000763,0.480510,0.999585
val_cc,0.000763,0.480463,0.999585
val_cc,0.000763,0.480415,0.999585
val_cc,0.000762,0.480367,0.999585
val_cc,0.000762,0.480319,0.999585
val_cc,0.000761,0.480271,0.999585
val_cc,0.000761,0.480223,0.999585
val_cc,0.000761,0.480175,0.999585
val_cc,0.000761,0.480128,0.999585
val_cc,0.000760,0.480032,0.999585
val_cc,0.000760,0.479984,0.999585
val_cc,0.000760,0.479936,0.999585
val_cc,0.000760,0.479888,0.999585
val_cc,0.000760,0.479841,0.999585
val_cc,0.000759,0.479793,0.999585
val_cc,0.000759,0.479745,0.999585
val_cc,0.000759,0.479697,0.999585
val_cc,0.000758,0.479650,0.999585
val_cc,0.000758,0.479602,0.999585
val_cc,0.000757,0.479554,0.999585
val_cc,0.000757,0.479507,0.999585
val_cc,0.000757,0.479459,0.999585
val_cc,0.000757,0.479364,0.999585
val_cc,0.000756,0.479316,0.999585
val_cc,0.000756,0.479268,0.999585
val_cc,0.000756,0.479221,0.999585
val_cc,0.000755,0.479173,0.999585
val_cc,0.000755,0.479125,0.999585
val_cc,0.000754,0.479078,0.999585
val_cc,0.000753,0.479030,0.999585
val_cc,0.000753,0.478982,0.999585
val_cc,0.000752,0.478935,0.999585
val_cc,0.000752,0.478887,0.999585
val_cc,0.000752,0.478840,0.999585
val_cc,0.000752,0.478792,0.999585
val_cc,0.000751,0.478745,0.999585
val_cc,0.000750,0.478697,0.999585
val_cc,0.000750,0.478649,0.999585
val_cc,0.000749,0.478602,0.999585
val_cc,0.000748,0.478554,0.999585
val_cc,0.000748,0.478507,0.999585
val_cc,0.000748,0.478459,0.999585
val_cc,0.000747,0.478412,0.999585
val_cc,0.000747,0.478364,0.999585
val_cc,0.000745,0.478317,0.999585
val_cc,0.000745,0.478269,0.999585
val_cc,0.000745,0.478222,0.999585
val_cc,0.000745,0.478175,0.999585
val_cc,0.000745,0.478127,0.999585
val_cc,0.000744,0.478080,0.999585
val_cc,0.000743,0.478032,0.999585
val_cc,0.000743,0.477985,0.999585
val_cc,0.000742,0.477938,0.999585
val_cc,0.000742,0.477890,0.999585
val_cc,0.000742,0.477843,0.999585
val_cc,0.000742,0.477795,0.999585
val_cc,0.000741,0.477748,0.999585
val_cc,0.000741,0.477701,0.999585
val_cc,0.000741,0.477653,0.999585
val_cc,0.000741,0.477606,0.999585
val_cc,0.000740,0.477559,0.999585
val_cc,0.000740,0.477511,0.999585
val_cc,0.000739,0.477464,0.999585
val_cc,0.000738,0.477417,0.999585
val_cc,0.000738,0.477370,0.999585
val_cc,0.000737,0.477322,0.999585
val_cc,0.000737,0.477275,0.999585
val_cc,0.000737,0.477228,0.999585
val_cc,0.000736,0.477180,0.999585
val_cc,0.000736,0.477133,0.999585
val_cc,0.000736,0.477086,0.999585
val_cc,0.000736,0.477039,0.999585
val_cc,0.000735,0.476992,0.999585
val_cc,0.000735,0.476944,0.999585
val_cc,0.000734,0.476897,0.999585
val_cc,0.000732,0.476850,0.999585
val_cc,0.000732,0.476803,0.999585
val_cc,0.000731,0.476756,0.999585
val_cc,0.000730,0.476709,0.999585
val_cc,0.000730,0.476661,0.999585
val_cc,0.000729,0.476614,0.999585
val_cc,0.000729,0.476567,0.999585
val_cc,0.000729,0.476520,0.999585
val_cc,0.000729,0.476473,0.999585
val_cc,0.000729,0.476426,0.999585
val_cc,0.000728,0.476379,0.999585
val_cc,0.000728,0.476332,0.999585
val_cc,0.000728,0.476285,0.999585
val_cc,0.000727,0.476238,0.999585
val_cc,0.000727,0.476190,0.999585
val_cc,0.000727,0.476143,0.999585
val_cc,0.000727,0.476096,0.999585
val_cc,0.000727,0.476049,0.999585
val_cc,0.000727,0.476002,0.999585
val_cc,0.000726,0.475955,0.999585
val_cc,0.000726,0.475908,0.999585
val_cc,0.000726,0.475861,0.999585
val_cc,0.000725,0.475814,0.999585
val_cc,0.000725,0.475767,0.999585
val_cc,0.000725,0.475720,0.999585
val_cc,0.000725,0.475674,0.999585
val_cc,0.000725,0.475627,0.999585
val_cc,0.000724,0.475580,0.999585
val_cc,0.000724,0.475533,0.999585
val_cc,0.000724,0.475486,0.999585
val_cc,0.000724,0.475439,0.999585
val_cc,0.000724,0.475392,0.999585
val_cc,0.000723,0.475345,0.999585
val_cc,0.000723,0.475298,0.999585
val_cc,0.000722,0.475251,0.999585
val_cc,0.000722,0.475205,0.999585
val_cc,0.000722,0.475158,0.999585
val_cc,0.000721,0.475111,0.999585
val_cc,0.000721,0.475064,0.999585
val_cc,0.000720,0.475017,0.999585
val_cc,0.000719,0.474970,0.999585
val_cc,0.000719,0.474924,0.999585
val_cc,0.000719,0.474877,0.999585
val_cc,0.000719,0.474830,0.999585
val_cc,0.000718,0.474783,0.999585
val_cc,0.000718,0.474737,0.999585
val_cc,0.000717,0.474690,0.999585
val_cc,0.000717,0.474643,0.999585
val_cc,0.000716,0.474596,0.999585
val_cc,0.000716,0.474550,0.999585
val_cc,0.000716,0.474503,0.999585
val_cc,0.000716,0.474456,0.999585
val_cc,0.000715,0.474409,0.999585
val_cc,0.000714,0.474363,0.999585
val_cc,0.000713,0.474316,0.999585
val_cc,0.000712,0.474269,0.999585
val_cc,0.000712,0.474223,0.999585
val_cc,0.000712,0.474176,0.999585
val_cc,0.000711,0.474129,0.999585
val_cc,0.000711,0.474083,0.999585
val_cc,0.000711,0.474036,0.999585
val_cc,0.000711,0.473990,0.999585
val_cc,0.000711,0.473943,0.999585
val_cc,0.000711,0.473896,0.999585
val_cc,0.000711,0.473850,0.999585
val_cc,0.000710,0.473803,0.999585
val_cc,0.000710,0.473757,0.999585
val_cc,0.000709,0.473710,0.999585
val_cc,0.000708,0.473664,0.999585
val_cc,0.000708,0.473617,0.999585
val_cc,0.000707,0.473570,0.999585
val_cc,0.000707,0.473524,0.999585
val_cc,0.000706,0.473477,0.999585
val_cc,0.000706,0.473431,0.999585
val_cc,0.000706,0.473384,0.999585
val_cc,0.000706,0.473338,0.999585
val_cc,0.000706,0.473291,0.999585
val_cc,0.000706,0.473245,0.999585
val_cc,0.000705,0.473199,0.999585
val_cc,0.000705,0.473152,0.999585
val_cc,0.000704,0.473106,0.999585
val_cc,0.000704,0.473059,0.999585
val_cc,0.000703,0.473013,0.999585
val_cc,0.000702,0.472966,0.999585
val_cc,0.000702,0.472920,0.999585
val_cc,0.000702,0.472874,0.999585
val_cc,0.000701,0.472827,0.999585
val_cc,0.000701,0.472781,0.999585
val_cc,0.000701,0.472688,0.999585
val_cc,0.000700,0.472642,0.999585
val_cc,0.000700,0.472595,0.999585
val_cc,0.000699,0.472549,0.999585
val_cc,0.000699,0.472503,0.999585
val_cc,0.000699,0.472456,0.999585
val_cc,0.000699,0.472410,0.999585
val_cc,0.000698,0.472364,0.999585
val_cc,0.000698,0.472317,0.999585
val_cc,0.000698,0.472271,0.999585
val_cc,0.000697,0.472225,0.999585
val_cc,0.000697,0.472179,0.999585
val_cc,0.000697,0.472132,0.999585
val_cc,0.000696,0.472086,0.999585
val_cc,0.000696,0.472040,0.999585
val_cc,0.000695,0.471994,0.999585
val_cc,0.000695,0.471948,0.999585
val_cc,0.000695,0.471901,0.999585
val_cc,0.000695,0.471855,0.999585
val_cc,0.000695,0.471809,0.999585
val_cc,0.000695,0.471763,0.999585
val_cc,0.000694,0.471717,0.999585
val_cc,0.000694,0.471670,0.999585
val_cc,0.000693,0.471624,0.999585
val_cc,0.000693,0.471578,0.999585
val_cc,0.000693,0.471532,0.999585
val_cc,0.000693,0.471486,0.999585
val_cc,0.000692,0.471440,0.999585
val_cc,0.000692,0.471394,0.999585
val_cc,0.000692,0.471348,0.999585
val_cc,0.000691,0.471301,0.999585
val_cc,0.000690,0.471255,0.999585
val_cc,0.000690,0.471209,0.999585
val_cc,0.000690,0.471163,0.999585
val_cc,0.000690,0.471117,0.999585
val_cc,0.000690,0.471071,0.999585
val_cc,0.000689,0.471025,0.999585
val_cc,0.000689,0.470979,0.999585
val_cc,0.000689,0.470933,0.999585
val_cc,0.000688,0.470887,0.999585
val_cc,0.000688,0.470841,0.999585
val_cc,0.000688,0.470795,0.999585
val_cc,0.000688,0.470749,0.999585
val_cc,0.000687,0.470703,0.999585
val_cc,0.000687,0.470657,0.999585
val_cc,0.000687,0.470611,0.999585
val_cc,0.000685,0.470565,0.999585
val_cc,0.000684,0.470519,0.999585
val_cc,0.000684,0.470473,0.999585
val_cc,0.000684,0.470427,0.999585
val_cc,0.000684,0.470382,0.999585
val_cc,0.000684,0.470336,0.999585
val_cc,0.000683,0.470290,0.999585
val_cc,0.000683,0.470244,0.999585
val_cc,0.000683,0.470198,0.999585
val_cc,0.000683,0.470152,0.999585
val_cc,0.000683,0.470106,0.999585
val_cc,0.000682,0.470060,0.999585
val_cc,0.000681,0.470015,0.999585
val_cc,0.000681,0.469969,0.999585
val_cc,0.000680,0.469923,0.999585
val_cc,0.000680,0.469877,0.999585
val_cc,0.000680,0.469831,0.999585
val_cc,0.000680,0.469786,0.999585
val_cc,0.000678,0.469740,0.999585
val_cc,0.000678,0.469694,0.999585
val_cc,0.000678,0.469648,0.999585
val_cc,0.000677,0.469602,0.999585
val_cc,0.000677,0.469511,0.999585
val_cc,0.000676,0.469465,0.999585
val_cc,0.000675,0.469420,0.999585
val_cc,0.000675,0.469374,0.999585
val_cc,0.000674,0.469328,0.999585
val_cc,0.000674,0.469282,0.999585
val_cc,0.000674,0.469237,0.999585
val_cc,0.000674,0.469191,0.999585
val_cc,0.000673,0.469145,0.999585
val_cc,0.000673,0.469100,0.999585
val_cc,0.000673,0.469054,0.999585
val_cc,0.000673,0.469008,0.999585
val_cc,0.000671,0.468963,0.999585
val_cc,0.000671,0.468917,0.999585
val_cc,0.000670,0.468872,0.999585
val_cc,0.000670,0.468826,0.999585
val_cc,0.000669,0.468780,0.999585
val_cc,0.000669,0.468735,0.999585
val_cc,0.000669,0.468689,0.999585
val_cc,0.000669,0.468644,0.999585
val_cc,0.000669,0.468598,0.999585
val_cc,0.000668,0.468553,0.999585
val_cc,0.000668,0.468507,0.999585
val_cc,0.000666,0.468461,0.999585
val_cc,0.000666,0.468416,0.999585
val_cc,0.000665,0.468370,0.999585
val_cc,0.000665,0.468325,0.999585
val_cc,0.000665,0.468279,0.999585
val_cc,0.000665,0.468234,0.999585
val_cc,0.000664,0.468188,0.999585
val_cc,0.000664,0.468143,0.999585
val_cc,0.000664,0.468098,0.999585
val_cc,0.000664,0.468052,0.999585
val_cc,0.000663,0.468007,0.999585
val_cc,0.000663,0.467961,0.999585
val_cc,0.000663,0.467916,0.999585
val_cc,0.000663,0.467870,0.999585
val_cc,0.000663,0.467825,0.999585
val_cc,0.000662,0.467780,0.999585
val_cc,0.000662,0.467734,0.999585
val_cc,0.000662,0.467689,0.999585
val_cc,0.000661,0.467643,0.999585
val_cc,0.000661,0.467598,0.999585
val_cc,0.000660,0.467553,0.999585
val_cc,0.000660,0.467507,0.999585
val_cc,0.000660,0.467462,0.999585
val_cc,0.000660,0.467417,0.999585
val_cc,0.000660,0.467371,0.999585
val_cc,0.000660,0.467326,0.999585
val_cc,0.000659,0.467281,0.999585
val_cc,0.000659,0.467235,0.999585
val_cc,0.000659,0.467190,0.999585
val_cc,0.000658,0.467145,0.999585
val_cc,0.000658,0.467100,0.999585
val_cc,0.000658,0.467054,0.999585
val_cc,0.000658,0.467009,0.999585
val_cc,0.000657,0.466964,0.999585
val_cc,0.000657,0.466919,0.999585
val_cc,0.000657,0.466873,0.999585
val_cc,0.000656,0.466828,0.999585
val_cc,0.000656,0.466783,0.999585
val_cc,0.000656,0.466738,0.999585
val_cc,0.000656,0.466692,0.999585
val_cc,0.000655,0.466647,0.999585
val_cc,0.000655,0.466602,0.999585
val_cc,0.000654,0.466557,0.999585
val_cc,0.000654,0.466512,0.999585
val_cc,0.000653,0.466467,0.999585
val_cc,0.000653,0.466422,0.999585
val_cc,0.000653,0.466376,0.999585
val_cc,0.000653,0.466331,0.999585
val_cc,0.000652,0.466286,0.999585
val_cc,0.000651,0.466241,0.999585
val_cc,0.000650,0.466196,0.999585
val_cc,0.000650,0.466151,0.999585
val_cc,0.000650,0.466106,0.999585
val_cc,0.000650,0.466061,0.999585
val_cc,0.000650,0.466016,0.999585
val_cc,0.000649,0.465971,0.999585
val_cc,0.000648,0.465926,0.999585
val_cc,0.000648,0.465881,0.999585
val_cc,0.000648,0.465836,0.999585
val_cc,0.000647,0.465790,0.999585
val_cc,0.000647,0.465745,0.999585
val_cc,0.000646,0.465700,0.999585
val_cc,0.000646,0.465655,0.999585
val_cc,0.000645,0.465611,0.999585
val_cc,0.000645,0.465566,0.999585
val_cc,0.000645,0.465521,0.999585
val_cc,0.000644,0.465476,0.999585
val_cc,0.000644,0.465431,0.999585
val_cc,0.000644,0.465386,0.999585
val_cc,0.000644,0.465341,0.999585
val_cc,0.000644,0.465296,0.999585
val_cc,0.000643,0.465251,0.999585
val_cc,0.000642,0.465206,0.999585
val_cc,0.000642,0.465161,0.999585
val_cc,0.000642,0.465116,0.999585
val_cc,0.000642,0.465071,0.999585
val_cc,0.000642,0.465027,0.999585
val_cc,0.000642,0.464982,0.999585
val_cc,0.000641,0.464937,0.999585
val_cc,0.000641,0.464892,0.999585
val_cc,0.000641,0.464847,0.999585
val_cc,0.000641,0.464802,0.999585
val_cc,0.000641,0.464757,0.999585
val_cc,0.000640,0.464713,0.999585
val_cc,0.000640,0.464668,0.999585
val_cc,0.000640,0.464623,0.999585
val_cc,0.000639,0.464578,0.999585
val_cc,0.000639,0.464534,0.999585
val_cc,0.000639,0.464489,0.999585
val_cc,0.000638,0.464444,0.999585
val_cc,0.000638,0.464399,0.999585
val_cc,0.000638,0.464355,0.999585
val_cc,0.000638,0.464310,0.999585
val_cc,0.000637,0.464265,0.999585
val_cc,0.000637,0.464220,0.999585
val_cc,0.000637,0.464176,0.999585
val_cc,0.000636,0.464131,0.999585
val_cc,0.000636,0.464086,0.999585
val_cc,0.000635,0.464042,0.999585
val_cc,0.000635,0.463997,0.999585
val_cc,0.000635,0.463952,0.999585
val_cc,0.000635,0.463908,0.999585
val_cc,0.000635,0.463863,0.999585
val_cc,0.000635,0.463818,0.999585
val_cc,0.000635,0.463774,0.999585
val_cc,0.000635,0.463729,0.999585
val_cc,0.000634,0.463684,0.999585
val_cc,0.000634,0.463640,0.999585
val_cc,0.000634,0.463595,0.999585
val_cc,0.000634,0.463551,0.999585
val_cc,0.000633,0.463506,0.999585
val_cc,0.000633,0.463462,0.999585
val_cc,0.000632,0.463417,0.999585
val_cc,0.000632,0.463372,0.999585
val_cc,0.000631,0.463328,0.999585
val_cc,0.000631,0.463283,0.999585
val_cc,0.000631,0.463239,0.999585
val_cc,0.000631,0.463194,0.999585
val_cc,0.000631,0.463150,0.999585
val_cc,0.000630,0.463105,0.999585
val_cc,0.000630,0.463061,0.999585
val_cc,0.000630,0.463016,0.999585
val_cc,0.000629,0.462972,0.999585
val_cc,0.000629,0.462927,0.999585
val_cc,0.000629,0.462883,0.999585
val_cc,0.000628,0.462838,0.999585
val_cc,0.000628,0.462794,0.999585
val_cc,0.000628,0.462750,0.999585
val_cc,0.000628,0.462705,0.999585
val_cc,0.000627,0.462661,0.999585
val_cc,0.000626,0.462616,0.999585
val_cc,0.000625,0.462572,0.999585
val_cc,0.000625,0.462483,0.999585
val_cc,0.000625,0.462439,0.999585
val_cc,0.000624,0.462394,0.999585
val_cc,0.000624,0.462350,0.999585
val_cc,0.000624,0.462306,0.999585
val_cc,0.000623,0.462261,0.999585
val_cc,0.000623,0.462217,0.999585
val_cc,0.000623,0.462173,0.999585
val_cc,0.000623,0.462128,0.999585
val_cc,0.000623,0.462084,0.999585
val_cc,0.000623,0.462040,0.999585
val_cc,0.000622,0.461996,0.999585
val_cc,0.000622,0.461907,0.999585
val_cc,0.000622,0.461863,0.999585
val_cc,0.000622,0.461819,0.999585
val_cc,0.000622,0.461774,0.999585
val_cc,0.000621,0.461730,0.999585
val_cc,0.000621,0.461686,0.999585
val_cc,0.000621,0.461642,0.999585
val_cc,0.000620,0.461597,0.999585
val_cc,0.000620,0.461553,0.999585
val_cc,0.000619,0.461509,0.999585
val_cc,0.000619,0.461465,0.999585
val_cc,0.000619,0.461421,0.999585
val_cc,0.000619,0.461376,0.999585
val_cc,0.000619,0.461332,0.999585
val_cc,0.000619,0.461288,0.999585
val_cc,0.000619,0.461244,0.999585
val_cc,0.000619,0.461200,0.999585
val_cc,0.000618,0.461156,0.999585
val_cc,0.000618,0.461112,0.999585
val_cc,0.000617,0.461068,0.999585
val_cc,0.000616,0.461023,0.999585
val_cc,0.000616,0.460979,0.999585
val_cc,0.000616,0.460935,0.999585
val_cc,0.000616,0.460891,0.999585
val_cc,0.000615,0.460847,0.999585
val_cc,0.000614,0.460803,0.999585
val_cc,0.000614,0.460759,0.999585
val_cc,0.000614,0.460715,0.999585
val_cc,0.000613,0.460671,0.999585
val_cc,0.000613,0.460627,0.999585
val_cc,0.000612,0.460583,0.999585
val_cc,0.000611,0.460539,0.999585
val_cc,0.000610,0.460495,0.999585
val_cc,0.000610,0.460451,0.999585
val_cc,0.000610,0.460407,0.999585
val_cc,0.000609,0.460363,0.999585
val_cc,0.000609,0.460319,0.999585
val_cc,0.000608,0.460275,0.999585
val_cc,0.000608,0.460231,0.999585
val_cc,0.000608,0.460187,0.999585
val_cc,0.000608,0.460143,0.999585
val_cc,0.000607,0.460099,0.999585
val_cc,0.000606,0.460055,0.999585
val_cc,0.000606,0.460011,0.999585
val_cc,0.000605,0.459968,0.999585
val_cc,0.000605,0.459924,0.999585
val_cc,0.000605,0.459880,0.999585
val_cc,0.000604,0.459836,0.999585
val_cc,0.000603,0.459792,0.999585
val_cc,0.000603,0.459748,0.999585
val_cc,0.000603,0.459704,0.999585
val_cc,0.000603,0.459660,0.999585
val_cc,0.000603,0.459617,0.999585
val_cc,0.000603,0.459573,0.999585
val_cc,0.000603,0.459529,0.999585
val_cc,0.000602,0.459485,0.999585
val_cc,0.000602,0.459441,0.999585
val_cc,0.000602,0.459398,0.999585
val_cc,0.000602,0.459354,0.999585
val_cc,0.000601,0.459310,0.999585
val_cc,0.000601,0.459266,0.999585
val_cc,0.000601,0.459223,0.999585
val_cc,0.000601,0.459179,0.999585
val_cc,0.000601,0.459135,0.999585
val_cc,0.000601,0.459091,0.999585
val_cc,0.000600,0.459048,0.999585
val_cc,0.000600,0.459004,0.999585
val_cc,0.000600,0.458960,0.999585
val_cc,0.000599,0.458917,0.999585
val_cc,0.000599,0.458873,0.999585
val_cc,0.000598,0.458829,0.999585
val_cc,0.000598,0.458785,0.999585
val_cc,0.000598,0.458742,0.999585
val_cc,0.000596,0.458698,0.999585
val_cc,0.000596,0.458654,0.999585
val_cc,0.000596,0.458611,0.999585
val_cc,0.000595,0.458567,0.999585
val_cc,0.000594,0.458524,0.999585
val_cc,0.000594,0.458480,0.999585
val_cc,0.000594,0.458436,0.999585
val_cc,0.000594,0.458393,0.999585
val_cc,0.000594,0.458349,0.999585
val_cc,0.000593,0.458306,0.999585
val_cc,0.000593,0.458262,0.999585
val_cc,0.000593,0.458218,0.999585
val_cc,0.000592,0.458175,0.999585
val_cc,0.000592,0.458131,0.999585
val_cc,0.000591,0.458088,0.999585
val_cc,0.000591,0.458044,0.999585
val_cc,0.000590,0.457957,0.999585
val_cc,0.000590,0.457914,0.999585
val_cc,0.000590,0.457870,0.999585
val_cc,0.000589,0.457827,0.999585
val_cc,0.000589,0.457783,0.999585
val_cc,0.000589,0.457740,0.999585
val_cc,0.000589,0.457696,0.999585
val_cc,0.000588,0.457653,0.999585
val_cc,0.000588,0.457609,0.999585
val_cc,0.000588,0.457566,0.999585
val_cc,0.000588,0.457523,0.999585
val_cc,0.000586,0.457479,0.999585
val_cc,0.000586,0.457436,0.999585
val_cc,0.000586,0.457349,0.999585
val_cc,0.000585,0.457306,0.999585
val_cc,0.000585,0.457262,0.999585
val_cc,0.000585,0.457219,0.999585
val_cc,0.000585,0.457175,0.999585
val_cc,0.000585,0.457132,0.999585
val_cc,0.000584,0.457089,0.999585
val_cc,0.000584,0.457045,0.999585
val_cc,0.000584,0.457002,0.999585
val_cc,0.000583,0.456959,0.999585
val_cc,0.000583,0.456915,0.999585
val_cc,0.000583,0.456872,0.999585
val_cc,0.000583,0.456829,0.999585
val_cc,0.000583,0.456785,0.999585
val_cc,0.000582,0.456742,0.999585
val_cc,0.000582,0.456699,0.999585
val_cc,0.000582,0.456656,0.999585
val_cc,0.000582,0.456612,0.999585
val_cc,0.000582,0.456569,0.999585
val_cc,0.000581,0.456526,0.999585
val_cc,0.000581,0.456483,0.999585
val_cc,0.000581,0.456439,0.999585
val_cc,0.000581,0.456396,0.999585
val_cc,0.000581,0.456353,0.999585
val_cc,0.000580,0.456310,0.999585
val_cc,0.000579,0.456267,0.999585
val_cc,0.000579,0.456180,0.999585
val_cc,0.000579,0.456137,0.999585
val_cc,0.000578,0.456094,0.999585
val_cc,0.000578,0.456051,0.999585
val_cc,0.000578,0.456008,0.999585
val_cc,0.000578,0.455964,0.999585
val_cc,0.000577,0.455921,0.999585
val_cc,0.000577,0.455878,0.999585
val_cc,0.000577,0.455835,0.999585
val_cc,0.000577,0.455792,0.999585
val_cc,0.000576,0.455749,0.999585
val_cc,0.000576,0.455706,0.999585
val_cc,0.000576,0.455663,0.999585
val_cc,0.000576,0.455620,0.999585
val_cc,0.000576,0.455577,0.999585
val_cc,0.000576,0.455534,0.999585
val_cc,0.000575,0.455490,0.999585
val_cc,0.000575,0.455447,0.999585
val_cc,0.000575,0.455404,0.999585
val_cc,0.000575,0.455361,0.999585
val_cc,0.000575,0.455318,0.999585
val_cc,0.000574,0.455275,0.999585
val_cc,0.000573,0.455232,0.999585
val_cc,0.000572,0.455189,0.999585
val_cc,0.000572,0.455146,0.999585
val_cc,0.000572,0.455103,0.999585
val_cc,0.000571,0.455060,0.999585
val_cc,0.000571,0.455017,0.999585
val_cc,0.000571,0.454975,0.999585
val_cc,0.000571,0.454932,0.999585
val_cc,0.000571,0.454889,0.999585
val_cc,0.000571,0.454846,0.999585
val_cc,0.000570,0.454803,0.999585
val_cc,0.000570,0.454760,0.999585
val_cc,0.000570,0.454717,0.999585
val_cc,0.000570,0.454674,0.999585
val_cc,0.000570,0.454631,0.999585
val_cc,0.000569,0.454588,0.999585
val_cc,0.000569,0.454545,0.999585
val_cc,0.000568,0.454503,0.999585
val_cc,0.000568,0.454460,0.999585
val_cc,0.000568,0.454417,0.999585
val_cc,0.000568,0.454374,0.999585
val_cc,0.000567,0.454331,0.999585
val_cc,0.000567,0.454288,0.999585
val_cc,0.000567,0.454246,0.999585
val_cc,0.000566,0.454203,0.999585
val_cc,0.000566,0.454160,0.999585
val_cc,0.000566,0.454117,0.999585
val_cc,0.000566,0.454074,0.999585
val_cc,0.000565,0.454032,0.999585
val_cc,0.000565,0.453989,0.999585
val_cc,0.000565,0.453946,0.999585
val_cc,0.000565,0.453903,0.999585
val_cc,0.000565,0.453861,0.999585
val_cc,0.000562,0.453818,0.999585
val_cc,0.000562,0.453775,0.999585
val_cc,0.000562,0.453732,0.999585
val_cc,0.000561,0.453690,0.999585
val_cc,0.000561,0.453647,0.999585
val_cc,0.000561,0.453604,0.999585
val_cc,0.000561,0.453562,0.999585
val_cc,0.000561,0.453519,0.999585
val_cc,0.000560,0.453476,0.999585
val_cc,0.000560,0.453434,0.999585
val_cc,0.000559,0.453391,0.999585
val_cc,0.000559,0.453348,0.999585
val_cc,0.000559,0.453306,0.999585
val_cc,0.000559,0.453263,0.999585
val_cc,0.000559,0.453220,0.999585
val_cc,0.000559,0.453178,0.999585
val_cc,0.000559,0.453135,0.999585
val_cc,0.000558,0.453093,0.999585
val_cc,0.000557,0.453050,0.999585
val_cc,0.000557,0.453008,0.999585
val_cc,0.000557,0.452965,0.999585
val_cc,0.000557,0.452922,0.999585
val_cc,0.000557,0.452880,0.999585
val_cc,0.000557,0.452837,0.999585
val_cc,0.000556,0.452795,0.999585
val_cc,0.000556,0.452752,0.999585
val_cc,0.000556,0.452710,0.999585
val_cc,0.000555,0.452667,0.999585
val_cc,0.000555,0.452625,0.999585
val_cc,0.000555,0.452582,0.999585
val_cc,0.000555,0.452540,0.999585
val_cc,0.000555,0.452497,0.999585
val_cc,0.000554,0.452455,0.999585
val_cc,0.000554,0.452412,0.999585
val_cc,0.000554,0.452370,0.999585
val_cc,0.000553,0.452327,0.999585
val_cc,0.000553,0.452285,0.999585
val_cc,0.000553,0.452242,0.999585
val_cc,0.000553,0.452200,0.999585
val_cc,0.000552,0.452158,0.999585
val_cc,0.000552,0.452115,0.999585
val_cc,0.000552,0.452073,0.999585
val_cc,0.000552,0.452030,0.999585
val_cc,0.000551,0.451988,0.999585
val_cc,0.000551,0.451946,0.999585
val_cc,0.000551,0.451903,0.999585
val_cc,0.000550,0.451861,0.999585
val_cc,0.000550,0.451819,0.999585
val_cc,0.000549,0.451776,0.999585
val_cc,0.000549,0.451734,0.999585
val_cc,0.000549,0.451692,0.999585
val_cc,0.000549,0.451649,0.999585
val_cc,0.000548,0.451607,0.999585
val_cc,0.000548,0.451565,0.999585
val_cc,0.000547,0.451522,0.999585
val_cc,0.000546,0.451480,0.999585
val_cc,0.000546,0.451438,0.999585
val_cc,0.000545,0.451395,0.999585
val_cc,0.000545,0.451353,0.999585
val_cc,0.000545,0.451311,0.999585
val_cc,0.000544,0.451269,0.999585
val_cc,0.000544,0.451226,0.999585
val_cc,0.000543,0.451184,0.999585
val_cc,0.000543,0.451142,0.999585
val_cc,0.000543,0.451100,0.999585
val_cc,0.000543,0.451057,0.999585
val_cc,0.000543,0.451015,0.999585
val_cc,0.000543,0.450973,0.999585
val_cc,0.000542,0.450931,0.999585
val_cc,0.000542,0.450889,0.999585
val_cc,0.000542,0.450847,0.999585
val_cc,0.000542,0.450804,0.999585
val_cc,0.000542,0.450762,0.999585
val_cc,0.000542,0.450720,0.999585
val_cc,0.000542,0.450678,0.999585
val_cc,0.000542,0.450636,0.999585
val_cc,0.000542,0.450594,0.999585
val_cc,0.000541,0.450552,0.999585
val_cc,0.000541,0.450509,0.999585
val_cc,0.000541,0.450467,0.999585
val_cc,0.000541,0.450425,0.999585
val_cc,0.000541,0.450383,0.999585
val_cc,0.000540,0.450341,0.999585
val_cc,0.000540,0.450299,0.999585
val_cc,0.000539,0.450257,0.999585
val_cc,0.000539,0.450215,0.999585
val_cc,0.000539,0.450173,0.999585
val_cc,0.000539,0.450131,0.999585
val_cc,0.000539,0.450089,0.999585
val_cc,0.000539,0.450047,0.999585
val_cc,0.000538,0.450005,0.999585
val_cc,0.000538,0.449963,0.999585
val_cc,0.000538,0.449921,0.999585
val_cc,0.000537,0.449879,0.999585
val_cc,0.000536,0.449837,0.999585
val_cc,0.000536,0.449795,0.999585
val_cc,0.000536,0.449753,0.999585
val_cc,0.000535,0.449711,0.999585
val_cc,0.000535,0.449669,0.999585
val_cc,0.000535,0.449627,0.999585
val_cc,0.000534,0.449585,0.999585
val_cc,0.000534,0.449543,0.999585
val_cc,0.000534,0.449501,0.999585
val_cc,0.000533,0.449459,0.999585
val_cc,0.000533,0.449417,0.999585
val_cc,0.000533,0.449375,0.999585
val_cc,0.000533,0.449333,0.999585
val_cc,0.000533,0.449292,0.999585
val_cc,0.000532,0.449250,0.999585
val_cc,0.000532,0.449208,0.999585
val_cc,0.000532,0.449166,0.999585
val_cc,0.000532,0.449124,0.999585
val_cc,0.000531,0.449082,0.999585
val_cc,0.000531,0.449040,0.999585
val_cc,0.000531,0.448999,0.999585
val_cc,0.000531,0.448957,0.999585
val_cc,0.000530,0.448915,0.999585
val_cc,0.000530,0.448873,0.999585
val_cc,0.000530,0.448831,0.999585
val_cc,0.000529,0.448790,0.999585
val_cc,0.000529,0.448748,0.999585
val_cc,0.000529,0.448706,0.999585
val_cc,0.000529,0.448664,0.999585
val_cc,0.000529,0.448622,0.999585
val_cc,0.000529,0.448581,0.999585
val_cc,0.000528,0.448539,0.999585
val_cc,0.000528,0.448497,0.999585
val_cc,0.000528,0.448456,0.999585
val_cc,0.000528,0.448414,0.999585
val_cc,0.000528,0.448372,0.999585
val_cc,0.000528,0.448330,0.999585
val_cc,0.000528,0.448289,0.999585
val_cc,0.000528,0.448247,0.999585
val_cc,0.000527,0.448205,0.999585
val_cc,0.000527,0.448164,0.999585
val_cc,0.000527,0.448122,0.999585
val_cc,0.000526,0.448080,0.999585
val_cc,0.000526,0.448039,0.999585
val_cc,0.000525,0.447997,0.999585
val_cc,0.000525,0.447955,0.999585
val_cc,0.000525,0.447914,0.999585
val_cc,0.000524,0.447872,0.999585
val_cc,0.000524,0.447831,0.999585
val_cc,0.000524,0.447789,0.999585
val_cc,0.000524,0.447747,0.999585
val_cc,0.000522,0.447706,0.999585
val_cc,0.000522,0.447664,0.999585
val_cc,0.000522,0.447623,0.999585
val_cc,0.000522,0.447581,0.999585
val_cc,0.000522,0.447539,0.999585
val_cc,0.000522,0.447498,0.999585
val_cc,0.000521,0.447456,0.999585
val_cc,0.000521,0.447415,0.999585
val_cc,0.000521,0.447373,0.999585
val_cc,0.000521,0.447332,0.999585
val_cc,0.000521,0.447290,0.999585
val_cc,0.000520,0.447249,0.999585
val_cc,0.000520,0.447207,0.999585
val_cc,0.000520,0.447166,0.999585
val_cc,0.000520,0.447124,0.999585
val_cc,0.000519,0.447083,0.999585
val_cc,0.000519,0.447041,0.999585
val_cc,0.000519,0.447000,0.999585
val_cc,0.000519,0.446958,0.999585
val_cc,0.000518,0.446917,0.999585
val_cc,0.000518,0.446876,0.999585
val_cc,0.000518,0.446834,0.999585
val_cc,0.000518,0.446793,0.999585
val_cc,0.000518,0.446751,0.999585
val_cc,0.000518,0.446710,0.999585
val_cc,0.000517,0.446669,0.999585
val_cc,0.000517,0.446627,0.999585
val_cc,0.000517,0.446586,0.999585
val_cc,0.000517,0.446544,0.999585
val_cc,0.000516,0.446503,0.999585
val_cc,0.000516,0.446462,0.999585
val_cc,0.000516,0.446420,0.999585
val_cc,0.000516,0.446379,0.999585
val_cc,0.000516,0.446338,0.999585
val_cc,0.000516,0.446296,0.999585
val_cc,0.000516,0.446255,0.999585
val_cc,0.000516,0.446214,0.999585
val_cc,0.000516,0.446172,0.999585
val_cc,0.000515,0.446131,0.999585
val_cc,0.000515,0.446090,0.999585
val_cc,0.000514,0.446048,0.999585
val_cc,0.000514,0.446007,0.999585
val_cc,0.000514,0.445966,0.999585
val_cc,0.000513,0.445925,0.999585
val_cc,0.000513,0.445883,0.999585
val_cc,0.000512,0.445842,0.999585
val_cc,0.000512,0.445801,0.999585
val_cc,0.000512,0.445760,0.999585
val_cc,0.000511,0.445719,0.999585
val_cc,0.000511,0.445677,0.999585
val_cc,0.000511,0.445636,0.999585
val_cc,0.000510,0.445595,0.999585
val_cc,0.000510,0.445554,0.999585
val_cc,0.000510,0.445513,0.999585
val_cc,0.000509,0.445471,0.999585
val_cc,0.000509,0.445430,0.999585
val_cc,0.000509,0.445389,0.999585
val_cc,0.000509,0.445348,0.999585
val_cc,0.000508,0.445307,0.999585
val_cc,0.000508,0.445266,0.999585
val_cc,0.000508,0.445224,0.999585
val_cc,0.000508,0.445183,0.999585
val_cc,0.000508,0.445142,0.999585
val_cc,0.000507,0.445101,0.999585
val_cc,0.000507,0.445060,0.999585
val_cc,0.000507,0.445019,0.999585
val_cc,0.000507,0.444978,0.999585
val_cc,0.000507,0.444937,0.999585
val_cc,0.000507,0.444896,0.999585
val_cc,0.000507,0.444855,0.999585
val_cc,0.000507,0.444814,0.999585
val_cc,0.000506,0.444773,0.999585
val_cc,0.000506,0.444732,0.999585
val_cc,0.000506,0.444690,0.999585
val_cc,0.000506,0.444649,0.999585
val_cc,0.000506,0.444608,0.999585
val_cc,0.000506,0.444567,0.999585
val_cc,0.000505,0.444526,0.999585
val_cc,0.000505,0.444485,0.999585
val_cc,0.000505,0.444444,0.999585
val_cc,0.000505,0.444403,0.999585
val_cc,0.000505,0.444362,0.999585
val_cc,0.000505,0.444322,0.999585
val_cc,0.000504,0.444281,0.999585
val_cc,0.000504,0.444240,0.999585
val_cc,0.000504,0.444199,0.999585
val_cc,0.000504,0.444158,0.999585
val_cc,0.000503,0.444117,0.999585
val_cc,0.000502,0.444076,0.999585
val_cc,0.000501,0.444035,0.999585
val_cc,0.000501,0.443994,0.999585
val_cc,0.000501,0.443953,0.999585
val_cc,0.000501,0.443912,0.999585
val_cc,0.000501,0.443871,0.999585
val_cc,0.000501,0.443831,0.999585
val_cc,0.000501,0.443790,0.999585
val_cc,0.000501,0.443749,0.999585
val_cc,0.000501,0.443708,0.999585
val_cc,0.000501,0.443667,0.999585
val_cc,0.000500,0.443626,0.999585
val_cc,0.000500,0.443585,0.999585
val_cc,0.000499,0.443545,0.999585
val_cc,0.000499,0.443504,0.999585
val_cc,0.000499,0.443463,0.999585
val_cc,0.000499,0.443422,0.999585
val_cc,0.000498,0.443381,0.999585
val_cc,0.000498,0.443341,0.999585
val_cc,0.000497,0.443300,0.999585
val_cc,0.000497,0.443259,0.999585
val_cc,0.000496,0.443218,0.999585
val_cc,0.000496,0.443178,0.999585
val_cc,0.000496,0.443137,0.999585
val_cc,0.000495,0.443096,0.999585
val_cc,0.000495,0.443055,0.999585
val_cc,0.000495,0.443015,0.999585
val_cc,0.000495,0.442974,0.999585
val_cc,0.000495,0.442933,0.999585
val_cc,0.000494,0.442893,0.999585
val_cc,0.000494,0.442852,0.999585
val_cc,0.000494,0.442811,0.999585
val_cc,0.000494,0.442771,0.999585
val_cc,0.000494,0.442730,0.999585
val_cc,0.000494,0.442689,0.999585
val_cc,0.000494,0.442649,0.999585
val_cc,0.000494,0.442608,0.999585
val_cc,0.000494,0.442567,0.999585
val_cc,0.000493,0.442527,0.999585
val_cc,0.000492,0.442486,0.999585
val_cc,0.000491,0.442445,0.999585
val_cc,0.000491,0.442405,0.999585
val_cc,0.000491,0.442364,0.999585
val_cc,0.000490,0.442324,0.999585
val_cc,0.000490,0.442283,0.999585
val_cc,0.000490,0.442242,0.999585
val_cc,0.000490,0.442202,0.999585
val_cc,0.000490,0.442161,0.999585
val_cc,0.000489,0.442121,0.999585
val_cc,0.000489,0.442080,0.999585
val_cc,0.000489,0.442040,0.999585
val_cc,0.000489,0.441999,0.999585
val_cc,0.000489,0.441959,0.999585
val_cc,0.000489,0.441918,0.999585
val_cc,0.000488,0.441878,0.999585
val_cc,0.000488,0.441837,0.999585
val_cc,0.000488,0.441797,0.999585
val_cc,0.000487,0.441756,0.999585
val_cc,0.000487,0.441716,0.999585
val_cc,0.000487,0.441675,0.999585
val_cc,0.000487,0.441635,0.999585
val_cc,0.000487,0.441594,0.999585
val_cc,0.000487,0.441554,0.999585
val_cc,0.000487,0.441513,0.999585
val_cc,0.000486,0.441473,0.999585
val_cc,0.000486,0.441432,0.999585
val_cc,0.000486,0.441392,0.999585
val_cc,0.000486,0.441352,0.999585
val_cc,0.000486,0.441311,0.999585
val_cc,0.000486,0.441271,0.999585
val_cc,0.000486,0.441230,0.999585
val_cc,0.000485,0.441190,0.999585
val_cc,0.000485,0.441150,0.999585
val_cc,0.000485,0.441109,0.999585
val_cc,0.000485,0.441069,0.999585
val_cc,0.000485,0.441028,0.999585
val_cc,0.000485,0.440988,0.999585
val_cc,0.000484,0.440948,0.999585
val_cc,0.000484,0.440907,0.999585
val_cc,0.000484,0.440867,0.999585
val_cc,0.000484,0.440827,0.999585
val_cc,0.000484,0.440786,0.999585
val_cc,0.000484,0.440746,0.999585
val_cc,0.000484,0.440706,0.999585
val_cc,0.000483,0.440666,0.999585
val_cc,0.000483,0.440625,0.999585
val_cc,0.000483,0.440585,0.999585
val_cc,0.000482,0.440545,0.999585
val_cc,0.000482,0.440504,0.999585
val_cc,0.000482,0.440464,0.999585
val_cc,0.000481,0.440424,0.999585
val_cc,0.000481,0.440384,0.999585
val_cc,0.000481,0.440344,0.999585
val_cc,0.000480,0.440303,0.999585
val_cc,0.000479,0.440263,0.999585
val_cc,0.000479,0.440223,0.999585
val_cc,0.000479,0.440183,0.999585
val_cc,0.000478,0.440142,0.999585
val_cc,0.000478,0.440102,0.999585
val_cc,0.000477,0.440062,0.999585
val_cc,0.000477,0.440022,0.999585
val_cc,0.000477,0.439982,0.999585
val_cc,0.000477,0.439942,0.999585
val_cc,0.000477,0.439901,0.999585
val_cc,0.000476,0.439861,0.999585
val_cc,0.000476,0.439821,0.999585
val_cc,0.000475,0.439781,0.999585
val_cc,0.000475,0.439741,0.999585
val_cc,0.000475,0.439701,0.999585
val_cc,0.000475,0.439661,0.999585
val_cc,0.000475,0.439621,0.999585
val_cc,0.000475,0.439580,0.999585
val_cc,0.000475,0.439540,0.999585
val_cc,0.000474,0.439500,0.999585
val_cc,0.000474,0.439460,0.999585
val_cc,0.000474,0.439511,0.999793
val_cc,0.000474,0.439471,0.999793
val_cc,0.000473,0.439431,0.999793
val_cc,0.000473,0.439391,0.999793
val_cc,0.000473,0.439351,0.999793
val_cc,0.000473,0.439311,0.999793
val_cc,0.000473,0.439271,0.999793
val_cc,0.000472,0.439231,0.999793
val_cc,0.000472,0.439191,0.999793
val_cc,0.000472,0.439151,0.999793
val_cc,0.000472,0.439111,0.999793
val_cc,0.000472,0.439071,0.999793
val_cc,0.000471,0.439031,0.999793
val_cc,0.000471,0.438991,0.999793
val_cc,0.000471,0.438951,0.999793
val_cc,0.000471,0.438911,0.999793
val_cc,0.000470,0.438871,0.999793
val_cc,0.000470,0.438831,0.999793
val_cc,0.000470,0.438791,0.999793
val_cc,0.000470,0.438751,0.999793
val_cc,0.000470,0.438711,0.999793
val_cc,0.000469,0.438672,0.999793
val_cc,0.000469,0.438632,0.999793
val_cc,0.000469,0.438592,0.999793
val_cc,0.000469,0.438552,0.999793
val_cc,0.000469,0.438512,0.999793
val_cc,0.000469,0.438472,0.999793
val_cc,0.000468,0.438432,0.999793
val_cc,0.000468,0.438392,0.999793
val_cc,0.000468,0.438352,0.999793
val_cc,0.000468,0.438313,0.999793
val_cc,0.000468,0.438273,0.999793
val_cc,0.000467,0.438233,0.999793
val_cc,0.000467,0.438193,0.999793
val_cc,0.000467,0.438153,0.999793
val_cc,0.000467,0.438113,0.999793
val_cc,0.000467,0.438074,0.999793
val_cc,0.000467,0.438034,0.999793
val_cc,0.000466,0.437994,0.999793
val_cc,0.000465,0.437954,0.999793
val_cc,0.000465,0.437914,0.999793
val_cc,0.000465,0.437875,0.999793
val_cc,0.000465,0.437835,0.999793
val_cc,0.000465,0.437795,0.999793
val_cc,0.000465,0.437755,0.999793
val_cc,0.000464,0.437716,0.999793
val_cc,0.000464,0.437676,0.999793
val_cc,0.000463,0.437636,0.999793
val_cc,0.000463,0.437596,0.999793
val_cc,0.000463,0.437557,0.999793
val_cc,0.000462,0.437517,0.999793
val_cc,0.000462,0.437477,0.999793
val_cc,0.000462,0.437279,0.999793
val_cc,0.000461,0.437239,0.999793
val_cc,0.000461,0.437200,0.999793
val_cc,0.000461,0.437160,0.999793
val_cc,0.000461,0.437120,0.999793
val_cc,0.000460,0.437081,0.999793
val_cc,0.000460,0.437041,0.999793
val_cc,0.000460,0.437001,0.999793
val_cc,0.000460,0.436962,0.999793
val_cc,0.000460,0.436922,0.999793
val_cc,0.000460,0.436883,0.999793
val_cc,0.000460,0.436843,0.999793
val_cc,0.000460,0.436803,0.999793
val_cc,0.000460,0.436764,0.999793
val_cc,0.000460,0.436724,0.999793
val_cc,0.000460,0.436685,0.999793
val_cc,0.000459,0.436645,0.999793
val_cc,0.000459,0.436606,0.999793
val_cc,0.000459,0.436566,0.999793
val_cc,0.000459,0.436527,0.999793
val_cc,0.000459,0.436487,0.999793
val_cc,0.000459,0.436448,0.999793
val_cc,0.000459,0.436408,0.999793
val_cc,0.000458,0.436369,0.999793
val_cc,0.000458,0.436329,0.999793
val_cc,0.000458,0.436290,0.999793
val_cc,0.000458,0.436250,0.999793
val_cc,0.000458,0.436211,0.999793
val_cc,0.000458,0.436171,0.999793
val_cc,0.000457,0.436132,0.999793
val_cc,0.000457,0.436092,0.999793
val_cc,0.000457,0.436053,0.999793
val_cc,0.000456,0.436013,0.999793
val_cc,0.000456,0.435974,0.999793
val_cc,0.000455,0.435935,0.999793
val_cc,0.000455,0.435895,0.999793
val_cc,0.000455,0.435856,0.999793
val_cc,0.000454,0.435816,0.999793
val_cc,0.000453,0.435777,0.999793
val_cc,0.000453,0.435738,0.999793
val_cc,0.000453,0.435698,0.999793
val_cc,0.000453,0.435659,0.999793
val_cc,0.000452,0.435619,0.999793
val_cc,0.000452,0.435580,0.999793
val_cc,0.000452,0.435541,0.999793
val_cc,0.000452,0.435501,0.999793
val_cc,0.000451,0.435462,0.999793
val_cc,0.000451,0.435423,0.999793
val_cc,0.000451,0.435383,0.999793
val_cc,0.000451,0.435344,0.999793
val_cc,0.000450,0.435305,0.999793
val_cc,0.000450,0.435265,0.999793
val_cc,0.000450,0.435226,0.999793
val_cc,0.000450,0.435187,0.999793
val_cc,0.000450,0.435148,0.999793
val_cc,0.000450,0.435108,0.999793
val_cc,0.000450,0.435069,0.999793
val_cc,0.000450,0.435030,0.999793
val_cc,0.000449,0.434991,0.999793
val_cc,0.000449,0.434951,0.999793
val_cc,0.000449,0.434912,0.999793
val_cc,0.000449,0.434873,0.999793
val_cc,0.000449,0.434834,0.999793
val_cc,0.000449,0.434794,0.999793
val_cc,0.000449,0.434755,0.999793
val_cc,0.000448,0.434716,0.999793
val_cc,0.000448,0.434677,0.999793
val_cc,0.000448,0.434638,0.999793
val_cc,0.000448,0.434598,0.999793
val_cc,0.000447,0.434559,0.999793
val_cc,0.000446,0.434520,0.999793
val_cc,0.000446,0.434481,0.999793
val_cc,0.000446,0.434442,0.999793
val_cc,0.000446,0.434403,0.999793
val_cc,0.000446,0.434363,0.999793
val_cc,0.000445,0.434324,0.999793
val_cc,0.000445,0.434285,0.999793
val_cc,0.000445,0.434246,0.999793
val_cc,0.000444,0.434207,0.999793
val_cc,0.000444,0.434168,0.999793
val_cc,0.000444,0.434129,0.999793
val_cc,0.000444,0.434090,0.999793
val_cc,0.000443,0.434051,0.999793
val_cc,0.000443,0.434012,0.999793
val_cc,0.000443,0.433972,0.999793
val_cc,0.000442,0.433933,0.999793
val_cc,0.000442,0.433894,0.999793
val_cc,0.000441,0.433855,0.999793
val_cc,0.000441,0.433816,0.999793
val_cc,0.000441,0.433777,0.999793
val_cc,0.000441,0.433738,0.999793
val_cc,0.000441,0.433699,0.999793
val_cc,0.000441,0.433660,0.999793
val_cc,0.000440,0.433621,0.999793
val_cc,0.000440,0.433582,0.999793
val_cc,0.000440,0.433543,0.999793
val_cc,0.000439,0.433504,0.999793
val_cc,0.000439,0.433465,0.999793
val_cc,0.000439,0.433426,0.999793
val_cc,0.000439,0.433387,0.999793
val_cc,0.000439,0.433348,0.999793
val_cc,0.000438,0.433309,0.999793
val_cc,0.000438,0.433270,0.999793
val_cc,0.000438,0.433231,0.999793
val_cc,0.000438,0.433193,0.999793
val_cc,0.000438,0.433154,0.999793
val_cc,0.000438,0.433115,0.999793
val_cc,0.000438,0.433076,0.999793
val_cc,0.000437,0.433037,0.999793
val_cc,0.000437,0.432998,0.999793
val_cc,0.000436,0.432959,0.999793
val_cc,0.000436,0.432920,0.999793
val_cc,0.000436,0.432881,0.999793
val_cc,0.000435,0.432843,0.999793
val_cc,0.000435,0.432804,0.999793
val_cc,0.000435,0.432765,0.999793
val_cc,0.000435,0.432726,0.999793
val_cc,0.000435,0.432687,0.999793
val_cc,0.000434,0.432648,0.999793
val_cc,0.000434,0.432609,0.999793
val_cc,0.000434,0.432571,0.999793
val_cc,0.000434,0.432532,0.999793
val_cc,0.000434,0.432493,0.999793
val_cc,0.000434,0.432454,0.999793
val_cc,0.000433,0.432415,0.999793
val_cc,0.000433,0.432377,0.999793
val_cc,0.000433,0.432338,0.999793
val_cc,0.000433,0.432299,0.999793
val_cc,0.000433,0.432260,0.999793
val_cc,0.000433,0.432222,0.999793
val_cc,0.000433,0.432183,0.999793
val_cc,0.000432,0.432144,0.999793
val_cc,0.000431,0.432105,0.999793
val_cc,0.000431,0.432067,0.999793
val_cc,0.000431,0.432028,0.999793
val_cc,0.000431,0.431989,0.999793
val_cc,0.000431,0.431951,0.999793
val_cc,0.000430,0.431912,0.999793
val_cc,0.000430,0.431873,0.999793
val_cc,0.000430,0.431834,0.999793
val_cc,0.000430,0.431796,0.999793
val_cc,0.000429,0.431757,0.999793
val_cc,0.000429,0.431718,0.999793
val_cc,0.000428,0.431680,0.999793
val_cc,0.000428,0.431641,0.999793
val_cc,0.000428,0.431603,0.999793
val_cc,0.000428,0.431564,0.999793
val_cc,0.000428,0.431525,0.999793
val_cc,0.000428,0.431487,0.999793
val_cc,0.000427,0.431448,0.999793
val_cc,0.000427,0.431409,0.999793
val_cc,0.000427,0.431371,0.999793
val_cc,0.000427,0.431332,0.999793
val_cc,0.000426,0.431294,0.999793
val_cc,0.000426,0.431255,0.999793
val_cc,0.000426,0.431216,0.999793
val_cc,0.000425,0.431178,0.999793
val_cc,0.000425,0.431139,0.999793
val_cc,0.000425,0.431101,0.999793
val_cc,0.000425,0.431062,0.999793
val_cc,0.000425,0.431024,0.999793
val_cc,0.000424,0.430985,0.999793
val_cc,0.000424,0.430947,0.999793
val_cc,0.000424,0.430908,0.999793
val_cc,0.000424,0.430870,0.999793
val_cc,0.000423,0.430831,0.999793
val_cc,0.000422,0.430793,0.999793
val_cc,0.000422,0.430754,0.999793
val_cc,0.000422,0.430716,0.999793
val_cc,0.000422,0.430677,0.999793
val_cc,0.000422,0.430639,0.999793
val_cc,0.000422,0.430600,0.999793
val_cc,0.000422,0.430562,0.999793
val_cc,0.000421,0.430523,0.999793
val_cc,0.000421,0.430485,0.999793
val_cc,0.000421,0.430446,0.999793
val_cc,0.000421,0.430408,0.999793
val_cc,0.000421,0.430370,0.999793
val_cc,0.000421,0.430331,0.999793
val_cc,0.000421,0.430293,0.999793
val_cc,0.000420,0.430254,0.999793
val_cc,0.000420,0.430216,0.999793
val_cc,0.000420,0.430178,0.999793
val_cc,0.000420,0.430139,0.999793
val_cc,0.000420,0.430101,0.999793
val_cc,0.000420,0.430062,0.999793
val_cc,0.000419,0.430024,0.999793
val_cc,0.000419,0.429986,0.999793
val_cc,0.000419,0.429947,0.999793
val_cc,0.000418,0.429909,0.999793
val_cc,0.000418,0.429871,0.999793
val_cc,0.000418,0.429832,0.999793
val_cc,0.000418,0.429794,0.999793
val_cc,0.000418,0.429756,0.999793
val_cc,0.000418,0.429717,0.999793
val_cc,0.000417,0.429679,0.999793
val_cc,0.000417,0.429641,0.999793
val_cc,0.000417,0.429603,0.999793
val_cc,0.000417,0.429564,0.999793
val_cc,0.000416,0.429526,0.999793
val_cc,0.000416,0.429488,0.999793
val_cc,0.000416,0.429449,0.999793
val_cc,0.000414,0.429411,0.999793
val_cc,0.000414,0.429373,0.999793
val_cc,0.000413,0.429335,0.999793
val_cc,0.000413,0.429297,0.999793
val_cc,0.000413,0.429258,0.999793
val_cc,0.000413,0.429220,0.999793
val_cc,0.000412,0.429182,0.999793
val_cc,0.000412,0.429144,0.999793
val_cc,0.000412,0.429105,0.999793
val_cc,0.000412,0.429067,0.999793
val_cc,0.000411,0.429029,0.999793
val_cc,0.000411,0.428991,0.999793
val_cc,0.000411,0.428953,0.999793
val_cc,0.000411,0.428915,0.999793
val_cc,0.000411,0.428876,0.999793
val_cc,0.000411,0.428838,0.999793
val_cc,0.000410,0.428800,0.999793
val_cc,0.000409,0.428762,0.999793
val_cc,0.000409,0.428724,0.999793
val_cc,0.000409,0.428686,0.999793
val_cc,0.000409,0.428648,0.999793
val_cc,0.000409,0.428610,0.999793
val_cc,0.000409,0.428571,0.999793
val_cc,0.000408,0.428533,0.999793
val_cc,0.000408,0.428495,0.999793
val_cc,0.000408,0.428457,0.999793
val_cc,0.000407,0.428419,0.999793
val_cc,0.000407,0.428381,0.999793
val_cc,0.000406,0.428343,0.999793
val_cc,0.000405,0.428305,0.999793
val_cc,0.000405,0.428267,0.999793
val_cc,0.000405,0.428229,0.999793
val_cc,0.000405,0.428191,0.999793
val_cc,0.000405,0.428153,0.999793
val_cc,0.000404,0.428115,0.999793
val_cc,0.000404,0.428077,0.999793
val_cc,0.000404,0.428039,0.999793
val_cc,0.000404,0.428001,0.999793
val_cc,0.000403,0.427963,0.999793
val_cc,0.000403,0.427925,0.999793
val_cc,0.000402,0.427887,0.999793
val_cc,0.000402,0.427849,0.999793
val_cc,0.000402,0.427811,0.999793
val_cc,0.000402,0.427773,0.999793
val_cc,0.000402,0.427735,0.999793
val_cc,0.000402,0.427697,0.999793
val_cc,0.000402,0.427659,0.999793
val_cc,0.000402,0.427621,0.999793
val_cc,0.000401,0.427583,0.999793
val_cc,0.000401,0.427545,0.999793
val_cc,0.000401,0.427507,0.999793
val_cc,0.000401,0.427469,0.999793
val_cc,0.000401,0.427432,0.999793
val_cc,0.000400,0.427394,0.999793
val_cc,0.000400,0.427356,0.999793
val_cc,0.000399,0.427318,0.999793
val_cc,0.000399,0.427280,0.999793
val_cc,0.000399,0.427242,0.999793
val_cc,0.000399,0.427204,0.999793
val_cc,0.000399,0.427166,0.999793
val_cc,0.000399,0.427129,0.999793
val_cc,0.000398,0.427091,0.999793
val_cc,0.000398,0.427053,0.999793
val_cc,0.000398,0.427015,0.999793
val_cc,0.000398,0.426977,0.999793
val_cc,0.000398,0.426939,0.999793
val_cc,0.000398,0.426902,0.999793
val_cc,0.000397,0.426864,0.999793
val_cc,0.000397,0.426826,0.999793
val_cc,0.000397,0.426788,0.999793
val_cc,0.000397,0.426750,0.999793
val_cc,0.000397,0.426713,0.999793
val_cc,0.000397,0.426675,0.999793
val_cc,0.000397,0.426637,0.999793
val_cc,0.000397,0.426599,0.999793
val_cc,0.000397,0.426562,0.999793
val_cc,0.000396,0.426524,0.999793
val_cc,0.000396,0.426486,0.999793
val_cc,0.000396,0.426448,0.999793
val_cc,0.000396,0.426411,0.999793
val_cc,0.000396,0.426373,0.999793
val_cc,0.000396,0.426335,0.999793
val_cc,0.000395,0.426298,0.999793
val_cc,0.000395,0.426260,0.999793
val_cc,0.000395,0.426222,0.999793
val_cc,0.000395,0.426185,0.999793
val_cc,0.000395,0.426147,0.999793
val_cc,0.000395,0.426109,0.999793
val_cc,0.000395,0.426072,0.999793
val_cc,0.000394,0.426034,0.999793
val_cc,0.000394,0.425996,0.999793
val_cc,0.000394,0.425959,0.999793
val_cc,0.000394,0.425921,0.999793
val_cc,0.000393,0.425883,0.999793
val_cc,0.000393,0.425846,0.999793
val_cc,0.000393,0.425808,0.999793
val_cc,0.000392,0.425771,0.999793
val_cc,0.000392,0.425733,0.999793
val_cc,0.000392,0.425695,0.999793
val_cc,0.000392,0.425658,0.999793
val_cc,0.000392,0.425620,0.999793
val_cc,0.000392,0.425583,0.999793
val_cc,0.000391,0.425545,0.999793
val_cc,0.000391,0.425508,0.999793
val_cc,0.000391,0.425470,0.999793
val_cc,0.000391,0.425432,0.999793
val_cc,0.000390,0.425395,0.999793
val_cc,0.000390,0.425357,0.999793
val_cc,0.000389,0.425320,0.999793
val_cc,0.000389,0.425282,0.999793
val_cc,0.000389,0.425245,0.999793
val_cc,0.000389,0.425207,0.999793
val_cc,0.000389,0.425170,0.999793
val_cc,0.000388,0.425132,0.999793
val_cc,0.000388,0.425095,0.999793
val_cc,0.000388,0.425057,0.999793
val_cc,0.000388,0.425020,0.999793
val_cc,0.000388,0.424982,0.999793
val_cc,0.000387,0.424945,0.999793
val_cc,0.000387,0.424907,0.999793
val_cc,0.000387,0.424870,0.999793
val_cc,0.000387,0.424833,0.999793
val_cc,0.000387,0.424795,0.999793
val_cc,0.000387,0.424758,0.999793
val_cc,0.000387,0.424720,0.999793
val_cc,0.000387,0.424683,0.999793
val_cc,0.000386,0.424645,0.999793
val_cc,0.000386,0.424608,0.999793
val_cc,0.000386,0.424571,0.999793
val_cc,0.000386,0.424533,0.999793
val_cc,0.000386,0.424496,0.999793
val_cc,0.000385,0.424459,0.999793
val_cc,0.000385,0.424421,0.999793
val_cc,0.000385,0.424384,0.999793
val_cc,0.000385,0.424346,0.999793
val_cc,0.000385,0.424309,0.999793
val_cc,0.000385,0.424272,0.999793
val_cc,0.000384,0.424234,0.999793
val_cc,0.000384,0.424197,0.999793
val_cc,0.000384,0.424160,0.999793
val_cc,0.000384,0.424122,0.999793
val_cc,0.000383,0.424085,0.999793
val_cc,0.000383,0.424048,0.999793
val_cc,0.000383,0.424011,0.999793
val_cc,0.000383,0.423973,0.999793
val_cc,0.000383,0.423936,0.999793
val_cc,0.000383,0.423899,0.999793
val_cc,0.000382,0.423861,0.999793
val_cc,0.000382,0.423824,0.999793
val_cc,0.000382,0.423787,0.999793
val_cc,0.000382,0.423750,0.999793
val_cc,0.000382,0.423712,0.999793
val_cc,0.000381,0.423675,0.999793
val_cc,0.000381,0.423638,0.999793
val_cc,0.000381,0.423601,0.999793
val_cc,0.000381,0.423564,0.999793
val_cc,0.000381,0.423526,0.999793
val_cc,0.000381,0.423489,0.999793
val_cc,0.000380,0.423452,0.999793
val_cc,0.000380,0.423415,0.999793
val_cc,0.000380,0.423378,0.999793
val_cc,0.000380,0.423340,0.999793
val_cc,0.000379,0.423303,0.999793
val_cc,0.000379,0.423266,0.999793
val_cc,0.000379,0.423229,0.999793
val_cc,0.000378,0.423192,0.999793
val_cc,0.000378,0.423155,0.999793
val_cc,0.000378,0.423117,0.999793
val_cc,0.000378,0.423080,0.999793
val_cc,0.000378,0.423043,0.999793
val_cc,0.000378,0.423006,0.999793
val_cc,0.000378,0.422969,0.999793
val_cc,0.000377,0.422932,0.999793
val_cc,0.000377,0.422895,0.999793
val_cc,0.000377,0.422858,0.999793
val_cc,0.000377,0.422821,0.999793
val_cc,0.000377,0.422783,0.999793
val_cc,0.000376,0.422746,0.999793
val_cc,0.000376,0.422709,0.999793
val_cc,0.000376,0.422672,0.999793
val_cc,0.000376,0.422635,0.999793
val_cc,0.000375,0.422598,0.999793
val_cc,0.000375,0.422561,0.999793
val_cc,0.000374,0.422524,0.999793
val_cc,0.000374,0.422487,0.999793
val_cc,0.000374,0.422450,0.999793
val_cc,0.000374,0.422413,0.999793
val_cc,0.000374,0.422376,0.999793
val_cc,0.000374,0.422339,0.999793
val_cc,0.000374,0.422302,0.999793
val_cc,0.000373,0.422265,0.999793
val_cc,0.000373,0.422228,0.999793
val_cc,0.000373,0.422191,0.999793
val_cc,0.000373,0.422154,0.999793
val_cc,0.000373,0.422117,0.999793
val_cc,0.000373,0.422080,0.999793
val_cc,0.000372,0.422043,0.999793
val_cc,0.000372,0.422006,0.999793
val_cc,0.000372,0.421969,0.999793
val_cc,0.000372,0.421932,0.999793
val_cc,0.000371,0.421896,0.999793
val_cc,0.000371,0.421859,0.999793
val_cc,0.000371,0.421822,0.999793
val_cc,0.000371,0.421785,0.999793
val_cc,0.000371,0.421748,0.999793
val_cc,0.000371,0.421711,0.999793
val_cc,0.000371,0.421674,0.999793
val_cc,0.000370,0.421637,0.999793
val_cc,0.000370,0.421600,0.999793
val_cc,0.000370,0.421563,0.999793
val_cc,0.000370,0.421527,0.999793
val_cc,0.000369,0.421490,0.999793
val_cc,0.000369,0.421453,0.999793
val_cc,0.000369,0.421416,0.999793
val_cc,0.000369,0.421379,0.999793
val_cc,0.000369,0.421342,0.999793
val_cc,0.000369,0.421306,0.999793
val_cc,0.000369,0.421269,0.999793
val_cc,0.000368,0.421232,0.999793
val_cc,0.000368,0.421195,0.999793
val_cc,0.000368,0.421158,0.999793
val_cc,0.000368,0.421122,0.999793
val_cc,0.000368,0.421085,0.999793
val_cc,0.000368,0.421048,0.999793
val_cc,0.000367,0.421011,0.999793
val_cc,0.000367,0.420975,0.999793
val_cc,0.000367,0.420938,0.999793
val_cc,0.000367,0.420901,0.999793
val_cc,0.000367,0.420864,0.999793
val_cc,0.000367,0.420828,0.999793
val_cc,0.000367,0.420791,0.999793
val_cc,0.000367,0.420754,0.999793
val_cc,0.000367,0.420717,0.999793
val_cc,0.000367,0.420681,0.999793
val_cc,0.000367,0.420644,0.999793
val_cc,0.000366,0.420607,0.999793
val_cc,0.000366,0.420571,0.999793
val_cc,0.000366,0.420534,0.999793
val_cc,0.000366,0.420497,0.999793
val_cc,0.000366,0.420460,0.999793
val_cc,0.000365,0.420424,0.999793
val_cc,0.000365,0.420387,0.999793
val_cc,0.000365,0.420351,0.999793
val_cc,0.000365,0.420314,0.999793
val_cc,0.000365,0.420277,0.999793
val_cc,0.000364,0.420241,0.999793
val_cc,0.000364,0.420204,0.999793
val_cc,0.000364,0.420167,0.999793
val_cc,0.000364,0.420131,0.999793
val_cc,0.000364,0.420094,0.999793
val_cc,0.000364,0.420058,0.999793
val_cc,0.000364,0.420021,0.999793
val_cc,0.000363,0.419984,0.999793
val_cc,0.000363,0.419948,0.999793
val_cc,0.000362,0.419911,0.999793
val_cc,0.000362,0.419875,0.999793
val_cc,0.000362,0.419838,0.999793
val_cc,0.000362,0.419801,0.999793
val_cc,0.000362,0.419765,0.999793
val_cc,0.000361,0.419728,0.999793
val_cc,0.000361,0.419692,0.999793
val_cc,0.000361,0.419655,0.999793
val_cc,0.000361,0.419619,0.999793
val_cc,0.000361,0.419582,0.999793
val_cc,0.000361,0.419546,0.999793
val_cc,0.000360,0.419509,0.999793
val_cc,0.000360,0.419473,0.999793
val_cc,0.000360,0.419436,0.999793
val_cc,0.000360,0.419400,0.999793
val_cc,0.000360,0.419363,0.999793
val_cc,0.000360,0.419327,0.999793
val_cc,0.000360,0.419290,0.999793
val_cc,0.000359,0.419254,0.999793
val_cc,0.000359,0.419217,0.999793
val_cc,0.000358,0.419181,0.999793
val_cc,0.000358,0.419144,0.999793
val_cc,0.000358,0.419108,0.999793
val_cc,0.000358,0.419072,0.999793
val_cc,0.000357,0.419035,0.999793
val_cc,0.000357,0.418999,0.999793
val_cc,0.000356,0.418962,0.999793
val_cc,0.000356,0.418926,0.999793
val_cc,0.000356,0.418890,0.999793
val_cc,0.000356,0.418853,0.999793
val_cc,0.000355,0.418817,0.999793
val_cc,0.000355,0.418780,0.999793
val_cc,0.000355,0.418744,0.999793
val_cc,0.000355,0.418708,0.999793
val_cc,0.000354,0.418671,0.999793
val_cc,0.000354,0.418635,0.999793
val_cc,0.000354,0.418599,0.999793
val_cc,0.000354,0.418562,0.999793
val_cc,0.000354,0.418526,0.999793
val_cc,0.000354,0.418490,0.999793
val_cc,0.000354,0.418453,0.999793
val_cc,0.000353,0.418417,0.999793
val_cc,0.000353,0.418381,0.999793
val_cc,0.000353,0.418344,0.999793
val_cc,0.000352,0.418308,0.999793
val_cc,0.000352,0.418272,0.999793
val_cc,0.000352,0.418235,0.999793
val_cc,0.000352,0.418199,0.999793
val_cc,0.000351,0.418163,0.999793
val_cc,0.000351,0.418127,0.999793
val_cc,0.000351,0.418090,0.999793
val_cc,0.000351,0.418054,0.999793
val_cc,0.000351,0.418018,0.999793
val_cc,0.000351,0.417982,0.999793
val_cc,0.000351,0.417945,0.999793
val_cc,0.000351,0.417909,0.999793
val_cc,0.000351,0.417873,0.999793
val_cc,0.000351,0.417837,0.999793
val_cc,0.000350,0.417801,0.999793
val_cc,0.000350,0.417764,0.999793
val_cc,0.000350,0.417728,0.999793
val_cc,0.000349,0.417692,0.999793
val_cc,0.000349,0.417656,0.999793
val_cc,0.000349,0.417620,0.999793
val_cc,0.000349,0.417583,0.999793
val_cc,0.000349,0.417547,0.999793
val_cc,0.000349,0.417511,0.999793
val_cc,0.000349,0.417475,0.999793
val_cc,0.000349,0.417439,0.999793
val_cc,0.000348,0.417403,0.999793
val_cc,0.000348,0.417366,0.999793
val_cc,0.000348,0.417330,0.999793
val_cc,0.000348,0.417294,0.999793
val_cc,0.000348,0.417258,0.999793
val_cc,0.000348,0.417222,0.999793
val_cc,0.000348,0.417186,0.999793
val_cc,0.000348,0.417150,0.999793
val_cc,0.000348,0.417114,0.999793
val_cc,0.000348,0.417078,0.999793
val_cc,0.000348,0.417042,0.999793
val_cc,0.000347,0.417005,0.999793
val_cc,0.000347,0.416969,0.999793
val_cc,0.000347,0.416933,0.999793
val_cc,0.000347,0.416897,0.999793
val_cc,0.000346,0.416861,0.999793
val_cc,0.000346,0.416825,0.999793
val_cc,0.000346,0.416789,0.999793
val_cc,0.000346,0.416753,0.999793
val_cc,0.000346,0.416717,0.999793
val_cc,0.000346,0.416681,0.999793
val_cc,0.000346,0.416645,0.999793
val_cc,0.000346,0.416609,0.999793
val_cc,0.000345,0.416573,0.999793
val_cc,0.000345,0.416537,0.999793
val_cc,0.000345,0.416501,0.999793
val_cc,0.000344,0.416465,0.999793
val_cc,0.000344,0.416429,0.999793
val_cc,0.000344,0.416393,0.999793
val_cc,0.000344,0.416357,0.999793
val_cc,0.000344,0.416321,0.999793
val_cc,0.000344,0.416285,0.999793
val_cc,0.000343,0.416249,0.999793
val_cc,0.000343,0.416213,0.999793
val_cc,0.000343,0.416177,0.999793
val_cc,0.000343,0.416142,0.999793
val_cc,0.000343,0.416106,0.999793
val_cc,0.000343,0.416070,0.999793
val_cc,0.000342,0.416034,0.999793
val_cc,0.000342,0.415998,0.999793
val_cc,0.000342,0.415962,0.999793
val_cc,0.000341,0.415926,0.999793
val_cc,0.000341,0.415890,0.999793
val_cc,0.000341,0.415854,0.999793
val_cc,0.000341,0.415819,0.999793
val_cc,0.000341,0.415783,0.999793
val_cc,0.000341,0.415747,0.999793
val_cc,0.000340,0.415711,0.999793
val_cc,0.000340,0.415675,0.999793
val_cc,0.000340,0.415639,0.999793
val_cc,0.000340,0.415603,0.999793
val_cc,0.000339,0.415568,0.999793
val_cc,0.000339,0.415532,0.999793
val_cc,0.000339,0.415496,0.999793
val_cc,0.000339,0.415460,0.999793
val_cc,0.000339,0.415424,0.999793
val_cc,0.000339,0.415389,0.999793
val_cc,0.000339,0.415353,0.999793
val_cc,0.000338,0.415317,0.999793
val_cc,0.000338,0.415281,0.999793
val_cc,0.000338,0.415245,0.999793
val_cc,0.000338,0.415210,0.999793
val_cc,0.000338,0.415174,0.999793
val_cc,0.000338,0.415138,0.999793
val_cc,0.000338,0.415102,0.999793
val_cc,0.000338,0.415067,0.999793
val_cc,0.000338,0.415031,0.999793
val_cc,0.000337,0.414995,0.999793
val_cc,0.000337,0.414960,0.999793
val_cc,0.000337,0.414924,0.999793
val_cc,0.000337,0.414888,0.999793
val_cc,0.000337,0.414852,0.999793
val_cc,0.000337,0.414817,0.999793
val_cc,0.000337,0.414781,0.999793
val_cc,0.000336,0.414745,0.999793
val_cc,0.000336,0.414710,0.999793
val_cc,0.000336,0.414674,0.999793
val_cc,0.000336,0.414638,0.999793
val_cc,0.000335,0.414603,0.999793
val_cc,0.000335,0.414567,0.999793
val_cc,0.000335,0.414531,0.999793
val_cc,0.000335,0.414496,0.999793
val_cc,0.000335,0.414460,0.999793
val_cc,0.000335,0.414424,0.999793
val_cc,0.000335,0.414389,0.999793
val_cc,0.000335,0.414353,0.999793
val_cc,0.000334,0.414318,0.999793
val_cc,0.000334,0.414282,0.999793
val_cc,0.000334,0.414211,0.999793
val_cc,0.000334,0.414175,0.999793
val_cc,0.000334,0.414140,0.999793
val_cc,0.000333,0.414104,0.999793
val_cc,0.000333,0.414069,0.999793
val_cc,0.000333,0.414033,0.999793
val_cc,0.000333,0.413997,0.999793
val_cc,0.000333,0.413962,0.999793
val_cc,0.000333,0.413926,0.999793
val_cc,0.000332,0.413891,0.999793
val_cc,0.000332,0.413855,0.999793
val_cc,0.000332,0.413820,0.999793
val_cc,0.000332,0.413784,0.999793
val_cc,0.000332,0.413749,0.999793
val_cc,0.000331,0.413713,0.999793
val_cc,0.000331,0.413678,0.999793
val_cc,0.000331,0.413642,0.999793
val_cc,0.000331,0.413607,0.999793
val_cc,0.000330,0.413571,0.999793
val_cc,0.000330,0.413536,0.999793
val_cc,0.000330,0.413500,0.999793
val_cc,0.000330,0.413465,0.999793
val_cc,0.000330,0.413429,0.999793
val_cc,0.000329,0.413394,0.999793
val_cc,0.000329,0.413358,0.999793
val_cc,0.000329,0.413323,0.999793
val_cc,0.000329,0.413288,0.999793
val_cc,0.000329,0.413252,0.999793
val_cc,0.000329,0.413217,0.999793
val_cc,0.000329,0.413181,0.999793
val_cc,0.000329,0.413146,0.999793
val_cc,0.000328,0.413111,0.999793
val_cc,0.000328,0.413075,0.999793
val_cc,0.000328,0.413040,0.999793
val_cc,0.000328,0.413004,0.999793
val_cc,0.000327,0.412969,0.999793
val_cc,0.000327,0.412934,0.999793
val_cc,0.000327,0.412898,0.999793
val_cc,0.000327,0.412863,0.999793
val_cc,0.000327,0.412828,0.999793
val_cc,0.000326,0.412792,0.999793
val_cc,0.000326,0.412757,0.999793
val_cc,0.000326,0.412722,0.999793
val_cc,0.000326,0.412686,0.999793
val_cc,0.000326,0.412651,0.999793
val_cc,0.000325,0.412616,0.999793
val_cc,0.000325,0.412580,0.999793
val_cc,0.000325,0.412545,0.999793
val_cc,0.000325,0.412510,0.999793
val_cc,0.000325,0.412474,0.999793
val_cc,0.000325,0.412439,0.999793
val_cc,0.000324,0.412404,0.999793
val_cc,0.000324,0.412368,0.999793
val_cc,0.000323,0.412333,0.999793
val_cc,0.000323,0.412298,0.999793
val_cc,0.000323,0.412263,0.999793
val_cc,0.000323,0.412227,0.999793
val_cc,0.000323,0.412192,0.999793
val_cc,0.000323,0.412157,0.999793
val_cc,0.000323,0.412122,0.999793
val_cc,0.000323,0.412087,0.999793
val_cc,0.000323,0.412051,0.999793
val_cc,0.000323,0.412016,0.999793
val_cc,0.000323,0.411981,0.999793
val_cc,0.000322,0.411946,0.999793
val_cc,0.000322,0.411910,0.999793
val_cc,0.000322,0.411875,0.999793
val_cc,0.000322,0.411840,0.999793
val_cc,0.000322,0.411805,0.999793
val_cc,0.000322,0.411770,0.999793
val_cc,0.000322,0.411735,0.999793
val_cc,0.000322,0.411699,0.999793
val_cc,0.000322,0.411664,0.999793
val_cc,0.000321,0.411629,0.999793
val_cc,0.000321,0.411594,0.999793
val_cc,0.000321,0.411559,0.999793
val_cc,0.000321,0.411524,0.999793
val_cc,0.000321,0.411489,0.999793
val_cc,0.000321,0.411453,0.999793
val_cc,0.000321,0.411418,0.999793
val_cc,0.000321,0.411383,0.999793
val_cc,0.000320,0.411348,0.999793
val_cc,0.000320,0.411313,0.999793
val_cc,0.000320,0.411278,0.999793
val_cc,0.000320,0.411243,0.999793
val_cc,0.000320,0.411208,0.999793
val_cc,0.000320,0.411173,0.999793
val_cc,0.000320,0.411138,0.999793
val_cc,0.000320,0.411103,0.999793
val_cc,0.000319,0.411068,0.999793
val_cc,0.000319,0.411032,0.999793
val_cc,0.000319,0.410997,0.999793
val_cc,0.000318,0.410962,0.999793
val_cc,0.000318,0.410927,0.999793
val_cc,0.000318,0.410892,0.999793
val_cc,0.000317,0.410857,0.999793
val_cc,0.000317,0.410822,0.999793
val_cc,0.000317,0.410787,0.999793
val_cc,0.000317,0.410752,0.999793
val_cc,0.000317,0.410717,0.999793
val_cc,0.000317,0.410682,0.999793
val_cc,0.000316,0.410647,0.999793
val_cc,0.000316,0.410612,0.999793
val_cc,0.000316,0.410577,0.999793
val_cc,0.000316,0.410542,0.999793
val_cc,0.000316,0.410507,0.999793
val_cc,0.000316,0.410473,0.999793
val_cc,0.000316,0.410438,0.999793
val_cc,0.000316,0.410403,0.999793
val_cc,0.000316,0.410368,0.999793
val_cc,0.000315,0.410333,0.999793
val_cc,0.000314,0.410298,0.999793
val_cc,0.000314,0.410263,0.999793
val_cc,0.000314,0.410228,0.999793
val_cc,0.000314,0.410193,0.999793
val_cc,0.000314,0.410158,0.999793
val_cc,0.000314,0.410123,0.999793
val_cc,0.000314,0.410088,0.999793
val_cc,0.000313,0.410054,0.999793
val_cc,0.000313,0.410019,0.999793
val_cc,0.000313,0.409984,0.999793
val_cc,0.000313,0.409949,0.999793
val_cc,0.000313,0.409914,0.999793
val_cc,0.000312,0.409879,0.999793
val_cc,0.000312,0.409844,0.999793
val_cc,0.000312,0.409810,0.999793
val_cc,0.000311,0.409775,0.999793
val_cc,0.000311,0.409740,0.999793
val_cc,0.000311,0.409705,0.999793
val_cc,0.000311,0.409670,0.999793
val_cc,0.000311,0.409635,0.999793
val_cc,0.000311,0.409601,0.999793
val_cc,0.000311,0.409566,0.999793
val_cc,0.000311,0.409531,0.999793
val_cc,0.000311,0.409496,0.999793
val_cc,0.000311,0.409462,0.999793
val_cc,0.000310,0.409427,0.999793
val_cc,0.000310,0.409392,0.999793
val_cc,0.000310,0.409357,0.999793
val_cc,0.000310,0.409322,0.999793
val_cc,0.000310,0.409288,0.999793
val_cc,0.000309,0.409253,0.999793
val_cc,0.000309,0.409218,0.999793
val_cc,0.000308,0.409184,0.999793
val_cc,0.000308,0.409149,0.999793
val_cc,0.000308,0.409114,0.999793
val_cc,0.000308,0.409079,0.999793
val_cc,0.000307,0.409045,0.999793
val_cc,0.000307,0.409010,0.999793
val_cc,0.000307,0.408975,0.999793
val_cc,0.000307,0.408941,0.999793
val_cc,0.000307,0.408906,0.999793
val_cc,0.000307,0.408871,0.999793
val_cc,0.000307,0.408836,0.999793
val_cc,0.000307,0.408802,0.999793
val_cc,0.000307,0.408767,0.999793
val_cc,0.000307,0.408733,0.999793
val_cc,0.000306,0.408698,0.999793
val_cc,0.000306,0.408663,0.999793
val_cc,0.000306,0.408629,0.999793
val_cc,0.000306,0.408594,0.999793
val_cc,0.000306,0.408559,0.999793
val_cc,0.000305,0.408525,0.999793
val_cc,0.000305,0.408490,0.999793
val_cc,0.000305,0.408455,0.999793
val_cc,0.000305,0.408421,0.999793
val_cc,0.000305,0.408386,0.999793
val_cc,0.000305,0.408352,0.999793
val_cc,0.000305,0.408317,0.999793
val_cc,0.000305,0.408283,0.999793
val_cc,0.000304,0.408248,0.999793
val_cc,0.000304,0.408213,0.999793
val_cc,0.000304,0.408179,0.999793
val_cc,0.000304,0.408144,0.999793
val_cc,0.000304,0.408110,0.999793
val_cc,0.000304,0.408075,0.999793
val_cc,0.000303,0.408041,0.999793
val_cc,0.000303,0.408006,0.999793
val_cc,0.000303,0.407972,0.999793
val_cc,0.000303,0.407937,0.999793
val_cc,0.000303,0.407903,0.999793
val_cc,0.000303,0.407868,0.999793
val_cc,0.000303,0.407834,0.999793
val_cc,0.000303,0.407799,0.999793
val_cc,0.000303,0.407765,0.999793
val_cc,0.000302,0.407730,0.999793
val_cc,0.000302,0.407696,0.999793
val_cc,0.000302,0.407661,0.999793
val_cc,0.000302,0.407627,0.999793
val_cc,0.000302,0.407592,0.999793
val_cc,0.000302,0.407558,0.999793
val_cc,0.000301,0.407523,0.999793
val_cc,0.000301,0.407489,0.999793
val_cc,0.000301,0.407454,0.999793
val_cc,0.000301,0.407420,0.999793
val_cc,0.000300,0.407385,0.999793
val_cc,0.000300,0.407351,0.999793
val_cc,0.000300,0.407317,0.999793
val_cc,0.000300,0.407282,0.999793
val_cc,0.000300,0.407248,0.999793
val_cc,0.000300,0.407213,0.999793
val_cc,0.000299,0.407179,0.999793
val_cc,0.000299,0.407145,0.999793
val_cc,0.000299,0.407110,0.999793
val_cc,0.000299,0.407076,0.999793
val_cc,0.000299,0.407042,0.999793
val_cc,0.000299,0.407007,0.999793
val_cc,0.000299,0.406973,0.999793
val_cc,0.000299,0.406938,0.999793
val_cc,0.000299,0.406904,0.999793
val_cc,0.000299,0.406870,0.999793
val_cc,0.000298,0.406835,0.999793
val_cc,0.000298,0.406801,0.999793
val_cc,0.000298,0.406767,0.999793
val_cc,0.000298,0.406732,0.999793
val_cc,0.000298,0.406698,0.999793
val_cc,0.000298,0.406664,0.999793
val_cc,0.000298,0.406630,0.999793
val_cc,0.000297,0.406595,0.999793
val_cc,0.000297,0.406561,0.999793
val_cc,0.000297,0.406527,0.999793
val_cc,0.000297,0.406492,0.999793
val_cc,0.000297,0.406458,0.999793
val_cc,0.000296,0.406424,0.999793
val_cc,0.000296,0.406390,0.999793
val_cc,0.000296,0.406355,0.999793
val_cc,0.000296,0.406321,0.999793
val_cc,0.000296,0.406287,0.999793
val_cc,0.000296,0.406253,0.999793
val_cc,0.000295,0.406218,0.999793
val_cc,0.000295,0.406184,0.999793
val_cc,0.000295,0.406150,0.999793
val_cc,0.000295,0.406116,0.999793
val_cc,0.000295,0.406082,0.999793
val_cc,0.000295,0.406047,0.999793
val_cc,0.000295,0.406013,0.999793
val_cc,0.000294,0.405979,0.999793
val_cc,0.000294,0.405945,0.999793
val_cc,0.000294,0.405911,0.999793
val_cc,0.000294,0.405876,0.999793
val_cc,0.000294,0.405842,0.999793
val_cc,0.000294,0.405808,0.999793
val_cc,0.000294,0.405774,0.999793
val_cc,0.000294,0.405740,0.999793
val_cc,0.000294,0.405706,0.999793
val_cc,0.000294,0.405671,0.999793
val_cc,0.000293,0.405637,0.999793
val_cc,0.000293,0.405603,0.999793
val_cc,0.000293,0.405569,0.999793
val_cc,0.000293,0.405535,0.999793
val_cc,0.000292,0.405501,0.999793
val_cc,0.000292,0.405467,0.999793
val_cc,0.000292,0.405433,0.999793
val_cc,0.000292,0.405399,0.999793
val_cc,0.000292,0.405365,0.999793
val_cc,0.000291,0.405330,0.999793
val_cc,0.000291,0.405296,0.999793
val_cc,0.000291,0.405262,0.999793
val_cc,0.000291,0.405228,0.999793
val_cc,0.000291,0.405194,0.999793
val_cc,0.000291,0.405160,0.999793
val_cc,0.000291,0.405126,0.999793
val_cc,0.000290,0.405092,0.999793
val_cc,0.000290,0.405058,0.999793
val_cc,0.000290,0.405024,0.999793
val_cc,0.000290,0.404990,0.999793
val_cc,0.000290,0.404956,0.999793
val_cc,0.000290,0.404922,0.999793
val_cc,0.000290,0.404888,0.999793
val_cc,0.000289,0.404854,0.999793
val_cc,0.000289,0.404820,0.999793
val_cc,0.000289,0.404786,0.999793
val_cc,0.000289,0.404752,0.999793
val_cc,0.000288,0.404718,0.999793
val_cc,0.000288,0.404684,0.999793
val_cc,0.000288,0.404650,0.999793
val_cc,0.000288,0.404616,0.999793
val_cc,0.000288,0.404582,0.999793
val_cc,0.000288,0.404548,0.999793
val_cc,0.000288,0.404514,0.999793
val_cc,0.000287,0.404480,0.999793
val_cc,0.000287,0.404446,0.999793
val_cc,0.000287,0.404412,0.999793
val_cc,0.000287,0.404378,0.999793
val_cc,0.000287,0.404345,0.999793
val_cc,0.000287,0.404311,0.999793
val_cc,0.000287,0.404277,0.999793
val_cc,0.000287,0.404243,0.999793
val_cc,0.000287,0.404209,0.999793
val_cc,0.000287,0.404175,0.999793
val_cc,0.000287,0.404141,0.999793
val_cc,0.000286,0.404107,0.999793
val_cc,0.000286,0.404073,0.999793
val_cc,0.000286,0.404040,0.999793
val_cc,0.000286,0.404006,0.999793
val_cc,0.000285,0.403972,0.999793
val_cc,0.000285,0.403938,0.999793
val_cc,0.000285,0.403904,0.999793
val_cc,0.000285,0.403870,0.999793
val_cc,0.000285,0.403836,0.999793
val_cc,0.000284,0.403803,0.999793
val_cc,0.000284,0.403769,0.999793
val_cc,0.000284,0.403735,0.999793
val_cc,0.000284,0.403701,0.999793
val_cc,0.000284,0.403667,0.999793
val_cc,0.000284,0.403634,0.999793
val_cc,0.000284,0.403600,0.999793
val_cc,0.000284,0.403566,0.999793
val_cc,0.000283,0.403532,0.999793
val_cc,0.000283,0.403498,0.999793
val_cc,0.000283,0.403465,0.999793
val_cc,0.000283,0.403431,0.999793
val_cc,0.000282,0.403397,0.999793
val_cc,0.000282,0.403363,0.999793
val_cc,0.000282,0.403330,0.999793
val_cc,0.000282,0.403296,0.999793
val_cc,0.000282,0.403262,0.999793
val_cc,0.000282,0.403229,0.999793
val_cc,0.000282,0.403195,0.999793
val_cc,0.000282,0.403161,0.999793
val_cc,0.000281,0.403127,0.999793
val_cc,0.000281,0.403094,0.999793
val_cc,0.000281,0.403060,0.999793
val_cc,0.000281,0.403026,0.999793
val_cc,0.000281,0.402993,0.999793
val_cc,0.000281,0.402959,0.999793
val_cc,0.000281,0.402925,0.999793
val_cc,0.000281,0.402892,0.999793
val_cc,0.000280,0.402858,0.999793
val_cc,0.000280,0.402824,0.999793
val_cc,0.000280,0.402791,0.999793
val_cc,0.000280,0.402757,0.999793
val_cc,0.000280,0.402723,0.999793
val_cc,0.000280,0.402690,0.999793
val_cc,0.000280,0.402656,0.999793
val_cc,0.000280,0.402622,0.999793
val_cc,0.000280,0.402589,0.999793
val_cc,0.000280,0.402555,0.999793
val_cc,0.000279,0.402521,0.999793
val_cc,0.000279,0.402488,0.999793
val_cc,0.000279,0.402454,0.999793
val_cc,0.000279,0.402421,0.999793
val_cc,0.000279,0.402387,0.999793
val_cc,0.000279,0.402354,0.999793
val_cc,0.000279,0.402320,0.999793
val_cc,0.000278,0.402286,0.999793
val_cc,0.000278,0.402253,0.999793
val_cc,0.000278,0.402219,0.999793
val_cc,0.000278,0.402186,0.999793
val_cc,0.000278,0.402152,0.999793
val_cc,0.000278,0.402119,0.999793
val_cc,0.000278,0.402085,0.999793
val_cc,0.000278,0.402052,0.999793
val_cc,0.000278,0.402018,0.999793
val_cc,0.000277,0.401984,0.999793
val_cc,0.000277,0.401951,0.999793
val_cc,0.000277,0.401917,0.999793
val_cc,0.000277,0.401884,0.999793
val_cc,0.000277,0.401850,0.999793
val_cc,0.000277,0.401817,0.999793
val_cc,0.000276,0.401783,0.999793
val_cc,0.000276,0.401750,0.999793
val_cc,0.000276,0.401717,0.999793
val_cc,0.000276,0.401683,0.999793
val_cc,0.000276,0.401650,0.999793
val_cc,0.000275,0.401616,0.999793
val_cc,0.000275,0.401583,0.999793
val_cc,0.000275,0.401549,0.999793
val_cc,0.000275,0.401516,0.999793
val_cc,0.000275,0.401482,0.999793
val_cc,0.000275,0.401449,0.999793
val_cc,0.000275,0.401415,0.999793
val_cc,0.000275,0.401382,0.999793
val_cc,0.000275,0.401349,0.999793
val_cc,0.000274,0.401315,0.999793
val_cc,0.000274,0.401282,0.999793
val_cc,0.000273,0.401248,0.999793
val_cc,0.000273,0.401215,0.999793
val_cc,0.000273,0.401182,0.999793
val_cc,0.000272,0.401148,0.999793
val_cc,0.000272,0.401115,0.999793
val_cc,0.000272,0.401082,0.999793
val_cc,0.000272,0.401048,0.999793
val_cc,0.000272,0.401015,0.999793
val_cc,0.000272,0.400981,0.999793
val_cc,0.000272,0.400948,0.999793
val_cc,0.000271,0.400915,0.999793
val_cc,0.000271,0.400881,0.999793
val_cc,0.000271,0.400848,0.999793
val_cc,0.000271,0.400815,0.999793
val_cc,0.000271,0.400781,0.999793
val_cc,0.000270,0.400748,0.999793
val_cc,0.000270,0.400715,0.999793
val_cc,0.000270,0.400682,0.999793
val_cc,0.000270,0.400648,0.999793
val_cc,0.000270,0.400615,0.999793
val_cc,0.000270,0.400582,0.999793
val_cc,0.000270,0.400548,0.999793
val_cc,0.000270,0.400515,0.999793
val_cc,0.000270,0.400482,0.999793
val_cc,0.000269,0.400449,0.999793
val_cc,0.000269,0.400415,0.999793
val_cc,0.000269,0.400382,0.999793
val_cc,0.000268,0.400349,0.999793
val_cc,0.000268,0.400316,0.999793
val_cc,0.000268,0.400282,0.999793
val_cc,0.000268,0.400249,0.999793
val_cc,0.000268,0.400216,0.999793
val_cc,0.000268,0.400183,0.999793
val_cc,0.000268,0.400149,0.999793
val_cc,0.000267,0.400116,0.999793
val_cc,0.000267,0.400083,0.999793
val_cc,0.000267,0.400050,0.999793
val_cc,0.000267,0.400017,0.999793
val_cc,0.000267,0.399983,0.999793
val_cc,0.000267,0.399950,0.999793
val_cc,0.000267,0.399917,0.999793
val_cc,0.000267,0.399884,0.999793
val_cc,0.000267,0.399851,0.999793
val_cc,0.000266,0.399818,0.999793
val_cc,0.000266,0.399784,0.999793
val_cc,0.000266,0.399751,0.999793
val_cc,0.000266,0.399718,0.999793
val_cc,0.000266,0.399685,0.999793
val_cc,0.000266,0.399652,0.999793
val_cc,0.000266,0.399619,0.999793
val_cc,0.000266,0.399586,0.999793
val_cc,0.000266,0.399552,0.999793
val_cc,0.000266,0.399519,0.999793
val_cc,0.000266,0.399486,0.999793
val_cc,0.000266,0.399453,0.999793
val_cc,0.000265,0.399420,0.999793
val_cc,0.000265,0.399387,0.999793
val_cc,0.000265,0.399354,0.999793
val_cc,0.000265,0.399321,0.999793
val_cc,0.000265,0.399288,0.999793
val_cc,0.000265,0.399255,0.999793
val_cc,0.000264,0.399222,0.999793
val_cc,0.000264,0.399189,0.999793
val_cc,0.000264,0.399155,0.999793
val_cc,0.000264,0.399122,0.999793
val_cc,0.000264,0.399089,0.999793
val_cc,0.000263,0.399056,0.999793
val_cc,0.000263,0.399023,0.999793
val_cc,0.000263,0.398990,0.999793
val_cc,0.000263,0.398957,0.999793
val_cc,0.000263,0.398924,0.999793
val_cc,0.000263,0.398891,0.999793
val_cc,0.000262,0.398858,0.999793
val_cc,0.000262,0.398825,0.999793
val_cc,0.000262,0.398792,0.999793
val_cc,0.000262,0.398759,0.999793
val_cc,0.000262,0.398726,0.999793
val_cc,0.000262,0.398693,0.999793
val_cc,0.000262,0.398660,0.999793
val_cc,0.000262,0.398627,0.999793
val_cc,0.000262,0.398594,0.999793
val_cc,0.000262,0.398562,0.999793
val_cc,0.000262,0.398529,0.999793
val_cc,0.000262,0.398496,0.999793
val_cc,0.000262,0.398463,0.999793
val_cc,0.000261,0.398430,0.999793
val_cc,0.000261,0.398397,0.999793
val_cc,0.000261,0.398364,0.999793
val_cc,0.000261,0.398331,0.999793
val_cc,0.000260,0.398298,0.999793
val_cc,0.000260,0.398265,0.999793
val_cc,0.000260,0.398232,0.999793
val_cc,0.000260,0.398199,0.999793
val_cc,0.000260,0.398167,0.999793
val_cc,0.000260,0.398134,0.999793
val_cc,0.000260,0.398101,0.999793
val_cc,0.000260,0.398068,0.999793
val_cc,0.000260,0.398035,0.999793
val_cc,0.000260,0.398002,0.999793
val_cc,0.000260,0.397969,0.999793
val_cc,0.000260,0.397936,0.999793
val_cc,0.000259,0.397904,0.999793
val_cc,0.000259,0.397871,0.999793
val_cc,0.000259,0.397838,0.999793
val_cc,0.000259,0.397805,0.999793
val_cc,0.000259,0.397772,0.999793
val_cc,0.000259,0.397739,0.999793
val_cc,0.000259,0.397707,0.999793
val_cc,0.000258,0.397674,0.999793
val_cc,0.000258,0.397641,0.999793
val_cc,0.000258,0.397608,0.999793
val_cc,0.000258,0.397575,0.999793
val_cc,0.000258,0.397543,0.999793
val_cc,0.000258,0.397510,0.999793
val_cc,0.000258,0.397477,0.999793
val_cc,0.000258,0.397444,0.999793
val_cc,0.000258,0.397379,0.999793
val_cc,0.000258,0.397346,0.999793
val_cc,0.000258,0.397313,0.999793
val_cc,0.000258,0.397281,0.999793
val_cc,0.000257,0.397248,0.999793
val_cc,0.000257,0.397215,0.999793
val_cc,0.000257,0.397182,0.999793
val_cc,0.000257,0.397150,0.999793
val_cc,0.000257,0.397117,0.999793
val_cc,0.000257,0.397084,0.999793
val_cc,0.000256,0.397052,0.999793
val_cc,0.000256,0.397019,0.999793
val_cc,0.000256,0.396986,0.999793
val_cc,0.000256,0.396953,0.999793
val_cc,0.000255,0.396921,0.999793
val_cc,0.000255,0.396888,0.999793
val_cc,0.000255,0.396855,0.999793
val_cc,0.000255,0.396823,0.999793
val_cc,0.000255,0.396790,0.999793
val_cc,0.000255,0.396757,0.999793
val_cc,0.000255,0.396725,0.999793
val_cc,0.000255,0.396692,0.999793
val_cc,0.000254,0.396660,0.999793
val_cc,0.000254,0.396627,0.999793
val_cc,0.000254,0.396594,0.999793
val_cc,0.000254,0.396562,0.999793
val_cc,0.000254,0.396529,0.999793
val_cc,0.000254,0.396496,0.999793
val_cc,0.000254,0.396464,0.999793
val_cc,0.000253,0.396431,0.999793
val_cc,0.000253,0.396399,0.999793
val_cc,0.000253,0.396366,0.999793
val_cc,0.000253,0.396333,0.999793
val_cc,0.000253,0.396301,0.999793
val_cc,0.000253,0.396268,0.999793
val_cc,0.000252,0.396236,0.999793
val_cc,0.000252,0.396203,0.999793
val_cc,0.000252,0.396171,0.999793
val_cc,0.000252,0.396138,0.999793
val_cc,0.000252,0.396105,0.999793
val_cc,0.000252,0.396073,0.999793
val_cc,0.000252,0.396040,0.999793
val_cc,0.000252,0.396008,0.999793
val_cc,0.000252,0.395975,0.999793
val_cc,0.000252,0.395943,0.999793
val_cc,0.000251,0.395910,0.999793
val_cc,0.000251,0.395878,0.999793
val_cc,0.000251,0.395845,0.999793
val_cc,0.000251,0.395813,0.999793
val_cc,0.000251,0.395780,0.999793
val_cc,0.000251,0.395748,0.999793
val_cc,0.000251,0.395715,0.999793
val_cc,0.000251,0.395683,0.999793
val_cc,0.000251,0.395650,0.999793
val_cc,0.000250,0.395618,0.999793
val_cc,0.000250,0.395585,0.999793
val_cc,0.000250,0.395553,0.999793
val_cc,0.000250,0.395521,0.999793
val_cc,0.000250,0.395488,0.999793
val_cc,0.000250,0.395456,0.999793
val_cc,0.000250,0.395423,0.999793
val_cc,0.000250,0.395391,0.999793
val_cc,0.000250,0.395358,0.999793
val_cc,0.000249,0.395326,0.999793
val_cc,0.000249,0.395294,0.999793
val_cc,0.000249,0.395261,0.999793
val_cc,0.000249,0.395229,0.999793
val_cc,0.000249,0.395196,0.999793
val_cc,0.000248,0.395164,0.999793
val_cc,0.000248,0.395132,0.999793
val_cc,0.000248,0.395099,0.999793
val_cc,0.000248,0.395067,0.999793
val_cc,0.000248,0.395034,0.999793
val_cc,0.000248,0.395002,0.999793
val_cc,0.000248,0.394970,0.999793
val_cc,0.000248,0.394937,0.999793
val_cc,0.000248,0.394905,0.999793
val_cc,0.000248,0.394873,0.999793
val_cc,0.000248,0.394840,0.999793
val_cc,0.000247,0.394808,0.999793
val_cc,0.000247,0.394776,0.999793
val_cc,0.000247,0.394743,0.999793
val_cc,0.000247,0.394711,0.999793
val_cc,0.000247,0.394679,0.999793
val_cc,0.000247,0.394646,0.999793
val_cc,0.000247,0.394614,0.999793
val_cc,0.000247,0.394582,0.999793
val_cc,0.000247,0.394549,0.999793
val_cc,0.000246,0.394517,0.999793
val_cc,0.000246,0.394485,0.999793
val_cc,0.000246,0.394453,0.999793
val_cc,0.000246,0.394420,0.999793
val_cc,0.000246,0.394388,0.999793
val_cc,0.000246,0.394356,0.999793
val_cc,0.000246,0.394324,0.999793
val_cc,0.000246,0.394291,0.999793
val_cc,0.000245,0.394259,0.999793
val_cc,0.000245,0.394227,0.999793
val_cc,0.000245,0.394195,0.999793
val_cc,0.000245,0.394162,0.999793
val_cc,0.000245,0.394130,0.999793
val_cc,0.000245,0.394098,0.999793
val_cc,0.000245,0.394066,0.999793
val_cc,0.000245,0.394034,0.999793
val_cc,0.000245,0.394001,0.999793
val_cc,0.000245,0.393969,0.999793
val_cc,0.000245,0.393937,0.999793
val_cc,0.000244,0.393905,0.999793
val_cc,0.000244,0.393873,0.999793
val_cc,0.000244,0.393840,0.999793
val_cc,0.000244,0.393808,0.999793
val_cc,0.000244,0.393776,0.999793
val_cc,0.000244,0.393744,0.999793
val_cc,0.000244,0.393712,0.999793
val_cc,0.000244,0.393680,0.999793
val_cc,0.000243,0.393647,0.999793
val_cc,0.000243,0.393615,0.999793
val_cc,0.000243,0.393583,0.999793
val_cc,0.000243,0.393551,0.999793
val_cc,0.000242,0.393519,0.999793
val_cc,0.000242,0.393487,0.999793
val_cc,0.000242,0.393455,0.999793
val_cc,0.000242,0.393423,0.999793
val_cc,0.000242,0.393390,0.999793
val_cc,0.000242,0.393358,0.999793
val_cc,0.000242,0.393326,0.999793
val_cc,0.000242,0.393294,0.999793
val_cc,0.000242,0.393262,0.999793
val_cc,0.000242,0.393230,0.999793
val_cc,0.000241,0.393198,0.999793
val_cc,0.000241,0.393166,0.999793
val_cc,0.000240,0.393134,0.999793
val_cc,0.000240,0.393102,0.999793
val_cc,0.000240,0.393070,0.999793
val_cc,0.000240,0.393038,0.999793
val_cc,0.000240,0.393006,0.999793
val_cc,0.000240,0.392974,0.999793
val_cc,0.000240,0.392942,0.999793
val_cc,0.000239,0.392910,0.999793
val_cc,0.000239,0.392878,0.999793
val_cc,0.000239,0.392846,0.999793
val_cc,0.000239,0.392813,0.999793
val_cc,0.000239,0.392781,0.999793
val_cc,0.000239,0.392749,0.999793
val_cc,0.000239,0.392717,0.999793
val_cc,0.000239,0.392686,0.999793
val_cc,0.000239,0.392654,0.999793
val_cc,0.000239,0.392622,0.999793
val_cc,0.000239,0.392590,0.999793
val_cc,0.000239,0.392558,0.999793
val_cc,0.000238,0.392526,0.999793
val_cc,0.000238,0.392494,0.999793
val_cc,0.000238,0.392462,0.999793
val_cc,0.000238,0.392430,0.999793
val_cc,0.000237,0.392398,0.999793
val_cc,0.000237,0.392366,0.999793
val_cc,0.000237,0.392334,0.999793
val_cc,0.000237,0.392302,0.999793
val_cc,0.000237,0.392270,0.999793
val_cc,0.000237,0.392238,0.999793
val_cc,0.000237,0.392206,0.999793
val_cc,0.000236,0.392174,0.999793
val_cc,0.000236,0.392143,0.999793
val_cc,0.000236,0.392111,0.999793
val_cc,0.000236,0.392079,0.999793
val_cc,0.000236,0.392047,0.999793
val_cc,0.000236,0.392015,0.999793
val_cc,0.000236,0.391983,0.999793
val_cc,0.000235,0.391951,0.999793
val_cc,0.000235,0.391919,0.999793
val_cc,0.000235,0.391887,0.999793
val_cc,0.000235,0.391856,0.999793
val_cc,0.000235,0.391824,0.999793
val_cc,0.000235,0.391792,0.999793
val_cc,0.000235,0.391760,0.999793
val_cc,0.000235,0.391728,0.999793
val_cc,0.000234,0.391696,0.999793
val_cc,0.000234,0.391665,0.999793
val_cc,0.000234,0.391633,0.999793
val_cc,0.000234,0.391601,0.999793
val_cc,0.000234,0.391569,0.999793
val_cc,0.000234,0.391537,0.999793
val_cc,0.000234,0.391506,0.999793
val_cc,0.000234,0.391474,0.999793
val_cc,0.000234,0.391442,0.999793
val_cc,0.000234,0.391410,0.999793
val_cc,0.000234,0.391378,0.999793
val_cc,0.000233,0.391347,0.999793
val_cc,0.000233,0.391315,0.999793
val_cc,0.000233,0.391283,0.999793
val_cc,0.000233,0.391251,0.999793
val_cc,0.000233,0.391220,0.999793
val_cc,0.000233,0.391188,0.999793
val_cc,0.000233,0.391156,0.999793
val_cc,0.000233,0.391124,0.999793
val_cc,0.000233,0.391093,0.999793
val_cc,0.000233,0.391061,0.999793
val_cc,0.000232,0.391029,0.999793
val_cc,0.000232,0.390998,0.999793
val_cc,0.000232,0.390966,0.999793
val_cc,0.000232,0.390934,0.999793
val_cc,0.000232,0.390902,0.999793
val_cc,0.000232,0.390871,0.999793
val_cc,0.000232,0.390839,0.999793
val_cc,0.000232,0.390807,0.999793
val_cc,0.000232,0.390776,0.999793
val_cc,0.000231,0.390744,0.999793
val_cc,0.000231,0.390712,0.999793
val_cc,0.000231,0.390681,0.999793
val_cc,0.000231,0.390649,0.999793
val_cc,0.000231,0.390617,0.999793
val_cc,0.000231,0.390586,0.999793
val_cc,0.000231,0.390554,0.999793
val_cc,0.000231,0.390522,0.999793
val_cc,0.000231,0.390491,0.999793
val_cc,0.000231,0.390459,0.999793
val_cc,0.000231,0.390428,0.999793
val_cc,0.000230,0.390396,0.999793
val_cc,0.000230,0.390364,0.999793
val_cc,0.000230,0.390333,0.999793
val_cc,0.000230,0.390301,0.999793
val_cc,0.000230,0.390270,0.999793
val_cc,0.000229,0.390238,0.999793
val_cc,0.000229,0.390206,0.999793
val_cc,0.000229,0.390175,0.999793
val_cc,0.000229,0.390143,0.999793
val_cc,0.000228,0.390112,0.999793
val_cc,0.000228,0.390080,0.999793
val_cc,0.000228,0.390049,0.999793
val_cc,0.000228,0.390017,0.999793
val_cc,0.000228,0.389985,0.999793
val_cc,0.000227,0.389954,0.999793
val_cc,0.000227,0.389922,0.999793
val_cc,0.000227,0.389891,0.999793
val_cc,0.000227,0.389859,0.999793
val_cc,0.000227,0.389828,0.999793
val_cc,0.000227,0.389796,0.999793
val_cc,0.000227,0.389765,0.999793
val_cc,0.000226,0.389733,0.999793
val_cc,0.000226,0.389702,0.999793
val_cc,0.000226,0.389670,0.999793
val_cc,0.000226,0.389639,0.999793
val_cc,0.000226,0.389607,0.999793
val_cc,0.000226,0.389576,0.999793
val_cc,0.000226,0.389544,0.999793
val_cc,0.000225,0.389450,0.999793
val_cc,0.000225,0.389418,0.999793
val_cc,0.000225,0.389387,0.999793
val_cc,0.000225,0.389356,0.999793
val_cc,0.000225,0.389324,0.999793
val_cc,0.000225,0.389293,0.999793
val_cc,0.000225,0.389261,0.999793
val_cc,0.000225,0.389230,0.999793
val_cc,0.000225,0.389198,0.999793
val_cc,0.000225,0.389167,0.999793
val_cc,0.000225,0.389136,0.999793
val_cc,0.000225,0.389104,0.999793
val_cc,0.000225,0.389073,0.999793
val_cc,0.000224,0.389041,0.999793
val_cc,0.000224,0.389010,0.999793
val_cc,0.000224,0.388979,0.999793
val_cc,0.000224,0.388947,0.999793
val_cc,0.000224,0.388916,0.999793
val_cc,0.000224,0.388884,0.999793
val_cc,0.000224,0.388853,0.999793
val_cc,0.000224,0.388822,0.999793
val_cc,0.000224,0.388790,0.999793
val_cc,0.000224,0.388759,0.999793
val_cc,0.000224,0.388728,0.999793
val_cc,0.000224,0.388696,0.999793
val_cc,0.000223,0.388665,0.999793
val_cc,0.000223,0.388634,0.999793
val_cc,0.000223,0.388602,0.999793
val_cc,0.000223,0.388571,0.999793
val_cc,0.000222,0.388540,0.999793
val_cc,0.000222,0.388508,0.999793
val_cc,0.000222,0.388477,0.999793
val_cc,0.000222,0.388446,0.999793
val_cc,0.000222,0.388414,0.999793
val_cc,0.000222,0.388383,0.999793
val_cc,0.000222,0.388352,0.999793
val_cc,0.000222,0.388321,0.999793
val_cc,0.000222,0.388289,0.999793
val_cc,0.000222,0.388258,0.999793
val_cc,0.000222,0.388227,0.999793
val_cc,0.000222,0.388196,0.999793
val_cc,0.000222,0.388164,0.999793
val_cc,0.000222,0.388133,0.999793
val_cc,0.000222,0.388102,0.999793
val_cc,0.000221,0.388071,0.999793
val_cc,0.000221,0.388039,0.999793
val_cc,0.000221,0.388008,0.999793
val_cc,0.000221,0.387977,0.999793
val_cc,0.000221,0.387946,0.999793
val_cc,0.000221,0.387914,0.999793
val_cc,0.000220,0.387883,0.999793
val_cc,0.000220,0.387852,0.999793
val_cc,0.000220,0.387821,0.999793
val_cc,0.000220,0.387790,0.999793
val_cc,0.000220,0.387758,0.999793
val_cc,0.000220,0.387727,0.999793
val_cc,0.000220,0.387696,0.999793
val_cc,0.000219,0.387665,0.999793
val_cc,0.000219,0.387634,0.999793
val_cc,0.000219,0.387603,0.999793
val_cc,0.000219,0.387571,0.999793
val_cc,0.000219,0.387540,0.999793
val_cc,0.000219,0.387509,0.999793
val_cc,0.000218,0.387478,0.999793
val_cc,0.000218,0.387447,0.999793
val_cc,0.000218,0.387416,0.999793
val_cc,0.000218,0.387384,0.999793
val_cc,0.000218,0.387353,0.999793
val_cc,0.000218,0.387322,0.999793
val_cc,0.000217,0.387291,0.999793
val_cc,0.000217,0.387260,0.999793
val_cc,0.000217,0.387229,0.999793
val_cc,0.000217,0.387198,0.999793
val_cc,0.000217,0.387167,0.999793
val_cc,0.000217,0.387136,0.999793
val_cc,0.000217,0.387105,0.999793
val_cc,0.000217,0.387073,0.999793
val_cc,0.000217,0.387042,0.999793
val_cc,0.000217,0.387011,0.999793
val_cc,0.000217,0.386980,0.999793
val_cc,0.000217,0.386949,0.999793
val_cc,0.000216,0.386918,0.999793
val_cc,0.000216,0.386887,0.999793
val_cc,0.000216,0.386856,0.999793
val_cc,0.000216,0.386825,0.999793
val_cc,0.000216,0.386794,0.999793
val_cc,0.000216,0.386763,0.999793
val_cc,0.000216,0.386732,0.999793
val_cc,0.000216,0.386701,0.999793
val_cc,0.000215,0.386670,0.999793
val_cc,0.000215,0.386639,0.999793
val_cc,0.000215,0.386608,0.999793
val_cc,0.000215,0.386577,0.999793
val_cc,0.000214,0.386546,0.999793
val_cc,0.000214,0.386515,0.999793
val_cc,0.000214,0.386484,0.999793
val_cc,0.000214,0.386453,0.999793
val_cc,0.000214,0.386422,0.999793
val_cc,0.000214,0.386391,0.999793
val_cc,0.000214,0.386360,0.999793
val_cc,0.000213,0.386329,0.999793
val_cc,0.000213,0.386298,0.999793
val_cc,0.000213,0.386267,0.999793
val_cc,0.000213,0.386236,0.999793
val_cc,0.000213,0.386205,0.999793
val_cc,0.000213,0.386174,0.999793
val_cc,0.000213,0.386143,0.999793
val_cc,0.000212,0.386112,0.999793
val_cc,0.000212,0.386082,0.999793
val_cc,0.000212,0.386051,0.999793
val_cc,0.000212,0.386020,0.999793
val_cc,0.000212,0.385989,0.999793
val_cc,0.000212,0.385958,0.999793
val_cc,0.000212,0.385927,0.999793
val_cc,0.000212,0.385896,0.999793
val_cc,0.000212,0.385865,0.999793
val_cc,0.000212,0.385834,0.999793
val_cc,0.000212,0.385803,0.999793
val_cc,0.000212,0.385773,0.999793
val_cc,0.000211,0.385742,0.999793
val_cc,0.000211,0.385711,0.999793
val_cc,0.000211,0.385680,0.999793
val_cc,0.000211,0.385649,0.999793
val_cc,0.000211,0.385618,0.999793
val_cc,0.000211,0.385587,0.999793
val_cc,0.000211,0.385557,0.999793
val_cc,0.000211,0.385526,0.999793
val_cc,0.000211,0.385495,0.999793
val_cc,0.000211,0.385464,0.999793
val_cc,0.000211,0.385433,0.999793
val_cc,0.000211,0.385403,0.999793
val_cc,0.000211,0.385372,0.999793
val_cc,0.000211,0.385341,0.999793
val_cc,0.000211,0.385310,0.999793
val_cc,0.000210,0.385279,0.999793
val_cc,0.000210,0.385249,0.999793
val_cc,0.000210,0.385218,0.999793
val_cc,0.000210,0.385187,0.999793
val_cc,0.000210,0.385156,0.999793
val_cc,0.000210,0.385125,0.999793
val_cc,0.000210,0.385095,0.999793
val_cc,0.000210,0.385064,0.999793
val_cc,0.000210,0.385033,0.999793
val_cc,0.000209,0.385002,0.999793
val_cc,0.000209,0.384972,0.999793
val_cc,0.000209,0.384941,0.999793
val_cc,0.000209,0.384910,0.999793
val_cc,0.000209,0.384879,0.999793
val_cc,0.000209,0.384849,0.999793
val_cc,0.000209,0.384818,0.999793
val_cc,0.000208,0.384787,0.999793
val_cc,0.000208,0.384757,0.999793
val_cc,0.000208,0.384726,0.999793
val_cc,0.000208,0.384695,0.999793
val_cc,0.000208,0.384664,0.999793
val_cc,0.000208,0.384634,0.999793
val_cc,0.000208,0.384603,0.999793
val_cc,0.000208,0.384572,0.999793
val_cc,0.000208,0.384542,0.999793
val_cc,0.000208,0.384511,0.999793
val_cc,0.000208,0.384480,0.999793
val_cc,0.000207,0.384450,0.999793
val_cc,0.000207,0.384419,0.999793
val_cc,0.000207,0.384388,0.999793
val_cc,0.000207,0.384358,0.999793
val_cc,0.000207,0.384327,0.999793
val_cc,0.000207,0.384297,0.999793
val_cc,0.000207,0.384266,0.999793
val_cc,0.000207,0.384235,0.999793
val_cc,0.000207,0.384205,0.999793
val_cc,0.000207,0.384174,0.999793
val_cc,0.000207,0.384143,0.999793
val_cc,0.000207,0.384113,0.999793
val_cc,0.000207,0.384082,0.999793
val_cc,0.000206,0.384052,0.999793
val_cc,0.000206,0.384021,0.999793
val_cc,0.000206,0.383990,0.999793
val_cc,0.000206,0.383960,0.999793
val_cc,0.000206,0.383929,0.999793
val_cc,0.000206,0.383899,0.999793
val_cc,0.000206,0.383868,0.999793
val_cc,0.000206,0.383838,0.999793
val_cc,0.000206,0.383807,0.999793
val_cc,0.000206,0.383776,0.999793
val_cc,0.000206,0.383746,0.999793
val_cc,0.000206,0.383715,0.999793
val_cc,0.000206,0.383685,0.999793
val_cc,0.000205,0.383654,0.999793
val_cc,0.000205,0.383624,0.999793
val_cc,0.000205,0.383593,0.999793
val_cc,0.000205,0.383563,0.999793
val_cc,0.000205,0.383532,0.999793
val_cc,0.000204,0.383502,0.999793
val_cc,0.000204,0.383471,0.999793
val_cc,0.000204,0.383441,0.999793
val_cc,0.000204,0.383410,0.999793
val_cc,0.000204,0.383380,0.999793
val_cc,0.000204,0.383349,0.999793
val_cc,0.000203,0.383319,0.999793
val_cc,0.000203,0.383288,0.999793
val_cc,0.000203,0.383258,0.999793
val_cc,0.000203,0.383227,0.999793
val_cc,0.000202,0.383197,0.999793
val_cc,0.000202,0.383166,0.999793
val_cc,0.000202,0.383136,0.999793
val_cc,0.000202,0.383106,0.999793
val_cc,0.000202,0.383075,0.999793
val_cc,0.000202,0.383045,0.999793
val_cc,0.000202,0.382984,0.999793
val_cc,0.000202,0.382953,0.999793
val_cc,0.000201,0.382923,0.999793
val_cc,0.000201,0.382893,0.999793
val_cc,0.000201,0.382862,0.999793
val_cc,0.000201,0.382832,0.999793
val_cc,0.000201,0.382801,0.999793
val_cc,0.000201,0.382771,0.999793
val_cc,0.000201,0.382741,0.999793
val_cc,0.000201,0.382710,0.999793
val_cc,0.000201,0.382680,0.999793
val_cc,0.000201,0.382649,0.999793
val_cc,0.000201,0.382619,0.999793
val_cc,0.000201,0.382589,0.999793
val_cc,0.000201,0.382558,0.999793
val_cc,0.000201,0.382528,0.999793
val_cc,0.000201,0.382498,0.999793
val_cc,0.000201,0.382467,0.999793
val_cc,0.000200,0.382437,0.999793
val_cc,0.000200,0.382407,0.999793
val_cc,0.000200,0.382376,0.999793
val_cc,0.000200,0.382346,0.999793
val_cc,0.000200,0.382316,0.999793
val_cc,0.000200,0.382285,0.999793
val_cc,0.000200,0.382255,0.999793
val_cc,0.000200,0.382225,0.999793
val_cc,0.000200,0.382194,0.999793
val_cc,0.000200,0.382164,0.999793
val_cc,0.000199,0.382134,0.999793
val_cc,0.000199,0.382104,0.999793
val_cc,0.000199,0.382073,0.999793
val_cc,0.000199,0.382043,0.999793
val_cc,0.000199,0.382013,0.999793
val_cc,0.000199,0.381982,0.999793
val_cc,0.000199,0.381952,0.999793
val_cc,0.000199,0.381922,0.999793
val_cc,0.000199,0.381892,0.999793
val_cc,0.000199,0.381861,0.999793
val_cc,0.000199,0.381831,0.999793
val_cc,0.000199,0.381801,0.999793
val_cc,0.000199,0.381771,0.999793
val_cc,0.000199,0.381740,0.999793
val_cc,0.000199,0.381710,0.999793
val_cc,0.000199,0.381680,0.999793
val_cc,0.000198,0.381650,0.999793
val_cc,0.000198,0.381620,0.999793
val_cc,0.000198,0.381589,0.999793
val_cc,0.000198,0.381559,0.999793
val_cc,0.000198,0.381529,0.999793
val_cc,0.000198,0.381499,0.999793
val_cc,0.000198,0.381469,0.999793
val_cc,0.000198,0.381438,0.999793
val_cc,0.000198,0.381408,0.999793
val_cc,0.000198,0.381378,0.999793
val_cc,0.000198,0.381348,0.999793
val_cc,0.000198,0.381318,0.999793
val_cc,0.000197,0.381288,0.999793
val_cc,0.000197,0.381257,0.999793
val_cc,0.000197,0.381227,0.999793
val_cc,0.000197,0.381197,0.999793
val_cc,0.000197,0.381167,0.999793
val_cc,0.000197,0.381137,0.999793
val_cc,0.000197,0.381107,0.999793
val_cc,0.000197,0.381077,0.999793
val_cc,0.000197,0.381046,0.999793
val_cc,0.000197,0.381016,0.999793
val_cc,0.000197,0.380986,0.999793
val_cc,0.000197,0.380956,0.999793
val_cc,0.000196,0.380926,0.999793
val_cc,0.000196,0.380896,0.999793
val_cc,0.000196,0.380866,0.999793
val_cc,0.000196,0.380836,0.999793
val_cc,0.000196,0.380806,0.999793
val_cc,0.000196,0.380776,0.999793
val_cc,0.000196,0.380746,0.999793
val_cc,0.000196,0.380715,0.999793
val_cc,0.000195,0.380685,0.999793
val_cc,0.000195,0.380655,0.999793
val_cc,0.000195,0.380625,0.999793
val_cc,0.000195,0.380595,0.999793
val_cc,0.000195,0.380565,0.999793
val_cc,0.000195,0.380535,0.999793
val_cc,0.000194,0.380505,0.999793
val_cc,0.000194,0.380475,0.999793
val_cc,0.000194,0.380445,0.999793
val_cc,0.000194,0.380415,0.999793
val_cc,0.000194,0.380385,0.999793
val_cc,0.000194,0.380355,0.999793
val_cc,0.000193,0.380325,0.999793
val_cc,0.000193,0.380295,0.999793
val_cc,0.000193,0.380265,0.999793
val_cc,0.000193,0.380235,0.999793
val_cc,0.000193,0.380205,0.999793
val_cc,0.000193,0.380175,0.999793
val_cc,0.000193,0.380145,0.999793
val_cc,0.000193,0.380115,0.999793
val_cc,0.000193,0.380085,0.999793
val_cc,0.000192,0.380055,0.999793
val_cc,0.000192,0.380025,0.999793
val_cc,0.000192,0.379995,0.999793
val_cc,0.000192,0.379965,0.999793
val_cc,0.000192,0.379935,0.999793
val_cc,0.000192,0.379905,0.999793
val_cc,0.000192,0.379876,0.999793
val_cc,0.000192,0.379846,0.999793
val_cc,0.000192,0.379816,0.999793
val_cc,0.000192,0.379786,0.999793
val_cc,0.000192,0.379756,0.999793
val_cc,0.000192,0.379726,0.999793
val_cc,0.000192,0.379696,0.999793
val_cc,0.000192,0.379666,0.999793
val_cc,0.000191,0.379636,0.999793
val_cc,0.000191,0.379606,0.999793
val_cc,0.000191,0.379576,0.999793
val_cc,0.000191,0.379547,0.999793
val_cc,0.000191,0.379517,0.999793
val_cc,0.000191,0.379487,0.999793
val_cc,0.000191,0.379457,0.999793
val_cc,0.000191,0.379427,0.999793
val_cc,0.000191,0.379397,0.999793
val_cc,0.000191,0.379367,0.999793
val_cc,0.000191,0.379337,0.999793
val_cc,0.000190,0.379308,0.999793
val_cc,0.000190,0.379278,0.999793
val_cc,0.000190,0.379248,0.999793
val_cc,0.000190,0.379218,0.999793
val_cc,0.000190,0.379188,0.999793
val_cc,0.000190,0.379158,0.999793
val_cc,0.000190,0.379129,0.999793
val_cc,0.000190,0.379099,0.999793
val_cc,0.000190,0.379069,0.999793
val_cc,0.000190,0.379039,0.999793
val_cc,0.000190,0.379009,0.999793
val_cc,0.000190,0.378980,0.999793
val_cc,0.000190,0.378950,0.999793
val_cc,0.000189,0.378920,0.999793
val_cc,0.000189,0.378890,0.999793
val_cc,0.000189,0.378861,0.999793
val_cc,0.000189,0.378831,0.999793
val_cc,0.000189,0.378801,0.999793
val_cc,0.000189,0.378771,0.999793
val_cc,0.000189,0.378741,0.999793
val_cc,0.000189,0.378712,0.999793
val_cc,0.000189,0.378682,0.999793
val_cc,0.000189,0.378652,0.999793
val_cc,0.000189,0.378622,0.999793
val_cc,0.000188,0.378593,0.999793
val_cc,0.000188,0.378563,0.999793
val_cc,0.000188,0.378533,0.999793
val_cc,0.000188,0.378504,0.999793
val_cc,0.000188,0.378474,0.999793
val_cc,0.000188,0.378444,0.999793
val_cc,0.000188,0.378414,0.999793
val_cc,0.000188,0.378385,0.999793
val_cc,0.000188,0.378355,0.999793
val_cc,0.000188,0.378325,0.999793
val_cc,0.000188,0.378296,0.999793
val_cc,0.000188,0.378266,0.999793
val_cc,0.000188,0.378236,0.999793
val_cc,0.000187,0.378207,0.999793
val_cc,0.000187,0.378177,0.999793
val_cc,0.000187,0.378147,0.999793
val_cc,0.000187,0.378118,0.999793
val_cc,0.000187,0.378088,0.999793
val_cc,0.000187,0.378058,0.999793
val_cc,0.000187,0.378029,0.999793
val_cc,0.000186,0.377999,0.999793
val_cc,0.000186,0.377969,0.999793
val_cc,0.000186,0.377940,0.999793
val_cc,0.000186,0.377910,0.999793
val_cc,0.000186,0.377881,0.999793
val_cc,0.000186,0.377851,0.999793
val_cc,0.000186,0.377821,0.999793
val_cc,0.000186,0.377792,0.999793
val_cc,0.000185,0.377762,0.999793
val_cc,0.000185,0.377733,0.999793
val_cc,0.000185,0.377703,0.999793
val_cc,0.000185,0.377673,0.999793
val_cc,0.000185,0.377644,0.999793
val_cc,0.000185,0.377614,0.999793
val_cc,0.000185,0.377585,0.999793
val_cc,0.000185,0.377555,0.999793
val_cc,0.000185,0.377525,0.999793
val_cc,0.000185,0.377496,0.999793
val_cc,0.000185,0.377466,0.999793
val_cc,0.000185,0.377437,0.999793
val_cc,0.000185,0.377407,0.999793
val_cc,0.000184,0.377378,0.999793
val_cc,0.000184,0.377348,0.999793
val_cc,0.000184,0.377319,0.999793
val_cc,0.000184,0.377289,0.999793
val_cc,0.000184,0.377260,0.999793
val_cc,0.000184,0.377230,0.999793
val_cc,0.000184,0.377201,0.999793
val_cc,0.000183,0.377171,0.999793
val_cc,0.000183,0.377142,0.999793
val_cc,0.000183,0.377112,0.999793
val_cc,0.000183,0.377083,0.999793
val_cc,0.000183,0.377053,0.999793
val_cc,0.000183,0.377024,0.999793
val_cc,0.000183,0.376994,0.999793
val_cc,0.000183,0.376965,0.999793
val_cc,0.000183,0.376935,0.999793
val_cc,0.000183,0.376906,0.999793
val_cc,0.000183,0.376876,0.999793
val_cc,0.000183,0.376847,0.999793
val_cc,0.000183,0.376817,0.999793
val_cc,0.000183,0.376788,0.999793
val_cc,0.000182,0.376758,0.999793
val_cc,0.000182,0.376729,0.999793
val_cc,0.000182,0.376699,0.999793
val_cc,0.000182,0.376670,0.999793
val_cc,0.000182,0.376641,0.999793
val_cc,0.000182,0.376611,0.999793
val_cc,0.000182,0.376582,0.999793
val_cc,0.000181,0.376552,0.999793
val_cc,0.000181,0.376523,0.999793
val_cc,0.000181,0.376494,0.999793
val_cc,0.000181,0.376464,0.999793
val_cc,0.000181,0.376435,0.999793
val_cc,0.000181,0.376405,0.999793
val_cc,0.000181,0.376376,0.999793
val_cc,0.000181,0.376347,0.999793
val_cc,0.000181,0.376317,0.999793
val_cc,0.000181,0.376288,0.999793
val_cc,0.000181,0.376258,0.999793
val_cc,0.000181,0.376229,0.999793
val_cc,0.000181,0.376200,0.999793
val_cc,0.000181,0.376170,0.999793
val_cc,0.000181,0.376141,0.999793
val_cc,0.000180,0.376112,0.999793
val_cc,0.000180,0.376082,0.999793
val_cc,0.000180,0.376053,0.999793
val_cc,0.000180,0.376024,0.999793
val_cc,0.000180,0.375994,0.999793
val_cc,0.000180,0.375965,0.999793
val_cc,0.000180,0.375936,0.999793
val_cc,0.000180,0.375906,0.999793
val_cc,0.000180,0.375877,0.999793
val_cc,0.000180,0.375848,0.999793
val_cc,0.000180,0.375819,0.999793
val_cc,0.000179,0.375789,0.999793
val_cc,0.000179,0.375760,0.999793
val_cc,0.000179,0.375731,0.999793
val_cc,0.000179,0.375701,0.999793
val_cc,0.000179,0.375672,0.999793
val_cc,0.000179,0.375643,0.999793
val_cc,0.000179,0.375614,0.999793
val_cc,0.000179,0.375584,0.999793
val_cc,0.000179,0.375555,0.999793
val_cc,0.000178,0.375526,0.999793
val_cc,0.000178,0.375497,0.999793
val_cc,0.000178,0.375467,0.999793
val_cc,0.000178,0.375438,0.999793
val_cc,0.000178,0.375409,0.999793
val_cc,0.000178,0.375380,0.999793
val_cc,0.000178,0.375350,0.999793
val_cc,0.000178,0.375321,0.999793
val_cc,0.000178,0.375292,0.999793
val_cc,0.000178,0.375263,0.999793
val_cc,0.000177,0.375233,0.999793
val_cc,0.000177,0.375204,0.999793
val_cc,0.000177,0.375175,0.999793
val_cc,0.000177,0.375146,0.999793
val_cc,0.000177,0.375117,0.999793
val_cc,0.000177,0.375088,0.999793
val_cc,0.000177,0.375058,0.999793
val_cc,0.000177,0.375029,0.999793
val_cc,0.000177,0.375000,0.999793
val_cc,0.000177,0.374971,0.999793
val_cc,0.000177,0.374942,0.999793
val_cc,0.000176,0.374913,0.999793
val_cc,0.000176,0.374883,0.999793
val_cc,0.000176,0.374854,0.999793
val_cc,0.000176,0.374825,0.999793
val_cc,0.000176,0.374796,0.999793
val_cc,0.000176,0.374767,0.999793
val_cc,0.000176,0.374738,0.999793
val_cc,0.000176,0.374709,0.999793
val_cc,0.000176,0.374679,0.999793
val_cc,0.000176,0.374650,0.999793
val_cc,0.000175,0.374621,0.999793
val_cc,0.000175,0.374592,0.999793
val_cc,0.000175,0.374563,0.999793
val_cc,0.000175,0.374534,0.999793
val_cc,0.000175,0.374505,0.999793
val_cc,0.000175,0.374476,0.999793
val_cc,0.000175,0.374447,0.999793
val_cc,0.000175,0.374418,0.999793
val_cc,0.000175,0.374388,0.999793
val_cc,0.000175,0.374359,0.999793
val_cc,0.000174,0.374330,0.999793
val_cc,0.000174,0.374301,0.999793
val_cc,0.000174,0.374272,0.999793
val_cc,0.000174,0.374243,0.999793
val_cc,0.000173,0.374214,0.999793
val_cc,0.000173,0.374185,0.999793
val_cc,0.000173,0.374156,0.999793
val_cc,0.000173,0.374127,0.999793
val_cc,0.000173,0.374098,0.999793
val_cc,0.000173,0.374069,0.999793
val_cc,0.000173,0.374040,0.999793
val_cc,0.000173,0.374011,0.999793
val_cc,0.000173,0.373982,0.999793
val_cc,0.000173,0.373953,0.999793
val_cc,0.000173,0.373924,0.999793
val_cc,0.000172,0.373895,0.999793
val_cc,0.000172,0.373866,0.999793
val_cc,0.000172,0.373837,0.999793
val_cc,0.000172,0.373808,0.999793
val_cc,0.000172,0.373779,0.999793
val_cc,0.000172,0.373750,0.999793
val_cc,0.000172,0.373721,0.999793
val_cc,0.000172,0.373692,0.999793
val_cc,0.000172,0.373663,0.999793
val_cc,0.000172,0.373634,0.999793
val_cc,0.000172,0.373605,0.999793
val_cc,0.000172,0.373576,0.999793
val_cc,0.000172,0.373547,0.999793
val_cc,0.000172,0.373518,0.999793
val_cc,0.000172,0.373489,0.999793
val_cc,0.000172,0.373460,0.999793
val_cc,0.000171,0.373431,0.999793
val_cc,0.000171,0.373403,0.999793
val_cc,0.000171,0.373374,0.999793
val_cc,0.000171,0.373345,0.999793
val_cc,0.000171,0.373316,0.999793
val_cc,0.000171,0.373287,0.999793
val_cc,0.000170,0.373258,0.999793
val_cc,0.000170,0.373229,0.999793
val_cc,0.000170,0.373200,0.999793
val_cc,0.000170,0.373171,0.999793
val_cc,0.000170,0.373142,0.999793
val_cc,0.000170,0.373114,0.999793
val_cc,0.000170,0.373085,0.999793
val_cc,0.000170,0.373056,0.999793
val_cc,0.000170,0.373027,0.999793
val_cc,0.000170,0.372998,0.999793
val_cc,0.000170,0.372969,0.999793
val_cc,0.000170,0.372940,0.999793
val_cc,0.000170,0.372912,0.999793
val_cc,0.000170,0.372883,0.999793
val_cc,0.000170,0.372854,0.999793
val_cc,0.000170,0.372825,0.999793
val_cc,0.000169,0.372796,0.999793
val_cc,0.000169,0.372767,0.999793
val_cc,0.000169,0.372739,0.999793
val_cc,0.000169,0.372710,0.999793
val_cc,0.000169,0.372681,0.999793
val_cc,0.000169,0.372652,0.999793
val_cc,0.000169,0.372623,0.999793
val_cc,0.000169,0.372594,0.999793
val_cc,0.000169,0.372566,0.999793
val_cc,0.000169,0.372537,0.999793
val_cc,0.000169,0.372508,0.999793
val_cc,0.000169,0.372479,0.999793
val_cc,0.000169,0.372451,0.999793
val_cc,0.000169,0.372422,0.999793
val_cc,0.000169,0.372393,0.999793
val_cc,0.000168,0.372364,0.999793
val_cc,0.000168,0.372335,0.999793
val_cc,0.000168,0.372307,0.999793
val_cc,0.000168,0.372278,0.999793
val_cc,0.000168,0.372249,0.999793
val_cc,0.000168,0.372221,0.999793
val_cc,0.000168,0.372192,0.999793
val_cc,0.000168,0.372163,0.999793
val_cc,0.000167,0.372134,0.999793
val_cc,0.000167,0.372106,0.999793
val_cc,0.000167,0.372077,0.999793
val_cc,0.000167,0.372048,0.999793
val_cc,0.000167,0.372019,0.999793
val_cc,0.000167,0.371991,0.999793
val_cc,0.000167,0.371962,0.999793
val_cc,0.000167,0.371933,0.999793
val_cc,0.000167,0.371905,0.999793
val_cc,0.000167,0.371876,0.999793
val_cc,0.000167,0.371847,0.999793
val_cc,0.000167,0.371819,0.999793
val_cc,0.000166,0.371790,0.999793
val_cc,0.000166,0.371761,0.999793
val_cc,0.000166,0.371733,0.999793
val_cc,0.000166,0.371704,0.999793
val_cc,0.000166,0.371675,0.999793
val_cc,0.000166,0.371647,0.999793
val_cc,0.000166,0.371618,0.999793
val_cc,0.000166,0.371589,0.999793
val_cc,0.000166,0.371561,0.999793
val_cc,0.000166,0.371532,0.999793
val_cc,0.000166,0.371503,0.999793
val_cc,0.000166,0.371475,0.999793
val_cc,0.000166,0.371446,0.999793
val_cc,0.000165,0.371418,0.999793
val_cc,0.000165,0.371389,0.999793
val_cc,0.000165,0.371360,0.999793
val_cc,0.000165,0.371332,0.999793
val_cc,0.000165,0.371303,0.999793
val_cc,0.000165,0.371275,0.999793
val_cc,0.000165,0.371246,0.999793
val_cc,0.000165,0.371217,0.999793
val_cc,0.000165,0.371189,0.999793
val_cc,0.000165,0.371160,0.999793
val_cc,0.000165,0.371132,0.999793
val_cc,0.000165,0.371103,0.999793
val_cc,0.000164,0.371075,0.999793
val_cc,0.000164,0.371046,0.999793
val_cc,0.000164,0.371017,0.999793
val_cc,0.000164,0.370989,0.999793
val_cc,0.000164,0.370960,0.999793
val_cc,0.000164,0.370932,0.999793
val_cc,0.000164,0.370903,0.999793
val_cc,0.000164,0.370875,0.999793
val_cc,0.000164,0.370846,0.999793
val_cc,0.000164,0.370818,0.999793
val_cc,0.000164,0.370789,0.999793
val_cc,0.000164,0.370761,0.999793
val_cc,0.000164,0.370732,0.999793
val_cc,0.000164,0.370704,0.999793
val_cc,0.000164,0.370675,0.999793
val_cc,0.000164,0.370647,0.999793
val_cc,0.000164,0.370618,0.999793
val_cc,0.000164,0.370590,0.999793
val_cc,0.000163,0.370561,0.999793
val_cc,0.000163,0.370533,0.999793
val_cc,0.000163,0.370504,0.999793
val_cc,0.000163,0.370476,0.999793
val_cc,0.000163,0.370447,0.999793
val_cc,0.000163,0.370419,0.999793
val_cc,0.000163,0.370390,0.999793
val_cc,0.000162,0.370362,0.999793
val_cc,0.000162,0.370333,0.999793
val_cc,0.000162,0.370305,0.999793
val_cc,0.000162,0.370276,0.999793
val_cc,0.000162,0.370248,0.999793
val_cc,0.000162,0.370220,0.999793
val_cc,0.000162,0.370191,0.999793
val_cc,0.000162,0.370163,0.999793
val_cc,0.000162,0.370134,0.999793
val_cc,0.000162,0.370106,0.999793
val_cc,0.000162,0.370078,0.999793
val_cc,0.000161,0.370049,0.999793
val_cc,0.000161,0.370021,0.999793
val_cc,0.000161,0.369992,0.999793
val_cc,0.000161,0.369964,0.999793
val_cc,0.000161,0.369936,0.999793
val_cc,0.000161,0.369907,0.999793
val_cc,0.000161,0.369879,0.999793
val_cc,0.000161,0.369850,0.999793
val_cc,0.000161,0.369822,0.999793
val_cc,0.000161,0.369794,0.999793
val_cc,0.000160,0.369765,0.999793
val_cc,0.000160,0.369737,0.999793
val_cc,0.000160,0.369709,0.999793
val_cc,0.000160,0.369680,0.999793
val_cc,0.000159,0.369652,0.999793
val_cc,0.000159,0.369624,0.999793
val_cc,0.000159,0.369595,0.999793
val_cc,0.000159,0.369567,0.999793
val_cc,0.000159,0.369539,0.999793
val_cc,0.000159,0.369510,0.999793
val_cc,0.000159,0.369482,0.999793
val_cc,0.000159,0.369454,0.999793
val_cc,0.000159,0.369425,0.999793
val_cc,0.000159,0.369397,0.999793
val_cc,0.000159,0.369369,0.999793
val_cc,0.000159,0.369340,0.999793
val_cc,0.000159,0.369312,0.999793
val_cc,0.000159,0.369284,0.999793
val_cc,0.000159,0.369256,0.999793
val_cc,0.000159,0.369227,0.999793
val_cc,0.000158,0.369199,0.999793
val_cc,0.000158,0.369171,0.999793
val_cc,0.000158,0.369142,0.999793
val_cc,0.000158,0.369114,0.999793
val_cc,0.000158,0.369086,0.999793
val_cc,0.000158,0.369058,0.999793
val_cc,0.000158,0.369029,0.999793
val_cc,0.000158,0.369001,0.999793
val_cc,0.000158,0.368973,0.999793
val_cc,0.000158,0.368945,0.999793
val_cc,0.000158,0.368916,0.999793
val_cc,0.000157,0.368888,0.999793
val_cc,0.000157,0.368860,0.999793
val_cc,0.000157,0.368832,0.999793
val_cc,0.000157,0.368804,0.999793
val_cc,0.000157,0.368775,0.999793
val_cc,0.000157,0.368747,0.999793
val_cc,0.000157,0.368719,0.999793
val_cc,0.000157,0.368691,0.999793
val_cc,0.000157,0.368663,0.999793
val_cc,0.000157,0.368634,0.999793
val_cc,0.000157,0.368606,0.999793
val_cc,0.000157,0.368578,0.999793
val_cc,0.000157,0.368550,0.999793
val_cc,0.000156,0.368522,0.999793
val_cc,0.000156,0.368493,0.999793
val_cc,0.000156,0.368465,0.999793
val_cc,0.000156,0.368437,0.999793
val_cc,0.000156,0.368409,0.999793
val_cc,0.000156,0.368381,0.999793
val_cc,0.000156,0.368353,0.999793
val_cc,0.000156,0.368325,0.999793
val_cc,0.000155,0.368296,0.999793
val_cc,0.000155,0.368268,0.999793
val_cc,0.000155,0.368240,0.999793
val_cc,0.000155,0.368212,0.999793
val_cc,0.000155,0.368184,0.999793
val_cc,0.000155,0.368156,0.999793
val_cc,0.000155,0.368128,0.999793
val_cc,0.000155,0.368100,0.999793
val_cc,0.000155,0.368071,0.999793
val_cc,0.000155,0.368043,0.999793
val_cc,0.000155,0.368015,0.999793
val_cc,0.000155,0.367987,0.999793
val_cc,0.000155,0.367959,0.999793
val_cc,0.000155,0.367931,0.999793
val_cc,0.000154,0.367903,0.999793
val_cc,0.000154,0.367875,0.999793
val_cc,0.000154,0.367847,0.999793
val_cc,0.000154,0.367819,0.999793
val_cc,0.000154,0.367791,0.999793
val_cc,0.000154,0.367763,0.999793
val_cc,0.000154,0.367735,0.999793
val_cc,0.000154,0.367707,0.999793
val_cc,0.000154,0.367678,0.999793
val_cc,0.000154,0.367650,0.999793
val_cc,0.000154,0.367622,0.999793
val_cc,0.000154,0.367594,0.999793
val_cc,0.000154,0.367566,0.999793
val_cc,0.000154,0.367538,0.999793
val_cc,0.000153,0.367510,0.999793
val_cc,0.000153,0.367482,0.999793
val_cc,0.000153,0.367454,0.999793
val_cc,0.000153,0.367426,0.999793
val_cc,0.000153,0.367398,0.999793
val_cc,0.000153,0.367370,0.999793
val_cc,0.000153,0.367342,0.999793
val_cc,0.000153,0.367314,0.999793
val_cc,0.000153,0.367286,0.999793
val_cc,0.000153,0.367258,0.999793
val_cc,0.000153,0.367230,0.999793
val_cc,0.000153,0.367202,0.999793
val_cc,0.000152,0.367174,0.999793
val_cc,0.000152,0.367146,0.999793
val_cc,0.000152,0.367118,0.999793
val_cc,0.000152,0.367091,0.999793
val_cc,0.000152,0.367063,0.999793
val_cc,0.000152,0.367035,0.999793
val_cc,0.000152,0.367007,0.999793
val_cc,0.000152,0.366979,0.999793
val_cc,0.000152,0.366951,0.999793
val_cc,0.000151,0.366923,0.999793
val_cc,0.000151,0.366895,0.999793
val_cc,0.000151,0.366867,0.999793
val_cc,0.000151,0.366839,0.999793
val_cc,0.000151,0.366811,0.999793
val_cc,0.000151,0.366783,0.999793
val_cc,0.000151,0.366755,0.999793
val_cc,0.000151,0.366728,0.999793
val_cc,0.000151,0.366700,0.999793
val_cc,0.000151,0.366672,0.999793
val_cc,0.000151,0.366644,0.999793
val_cc,0.000151,0.366616,0.999793
val_cc,0.000150,0.366588,0.999793
val_cc,0.000150,0.366560,0.999793
val_cc,0.000150,0.366532,0.999793
val_cc,0.000150,0.366504,0.999793
val_cc,0.000150,0.366477,0.999793
val_cc,0.000150,0.366449,0.999793
val_cc,0.000150,0.366421,0.999793
val_cc,0.000150,0.366393,0.999793
val_cc,0.000150,0.366365,0.999793
val_cc,0.000150,0.366337,0.999793
val_cc,0.000150,0.366310,0.999793
val_cc,0.000149,0.366282,0.999793
val_cc,0.000149,0.366254,0.999793
val_cc,0.000149,0.366226,0.999793
val_cc,0.000149,0.366198,0.999793
val_cc,0.000149,0.366170,0.999793
val_cc,0.000149,0.366143,0.999793
val_cc,0.000149,0.366115,0.999793
val_cc,0.000149,0.366087,0.999793
val_cc,0.000149,0.366059,0.999793
val_cc,0.000149,0.366031,0.999793
val_cc,0.000149,0.366004,0.999793
val_cc,0.000148,0.365976,0.999793
val_cc,0.000148,0.365948,0.999793
val_cc,0.000148,0.365920,0.999793
val_cc,0.000148,0.365893,0.999793
val_cc,0.000148,0.365865,0.999793
val_cc,0.000148,0.365837,0.999793
val_cc,0.000148,0.365809,0.999793
val_cc,0.000148,0.365781,0.999793
val_cc,0.000148,0.365754,0.999793
val_cc,0.000148,0.365726,0.999793
val_cc,0.000148,0.365698,0.999793
val_cc,0.000147,0.365671,0.999793
val_cc,0.000147,0.365643,0.999793
val_cc,0.000147,0.365615,0.999793
val_cc,0.000147,0.365587,0.999793
val_cc,0.000147,0.365560,0.999793
val_cc,0.000147,0.365532,0.999793
val_cc,0.000147,0.365504,0.999793
val_cc,0.000147,0.365476,0.999793
val_cc,0.000147,0.365449,0.999793
val_cc,0.000147,0.365421,0.999793
val_cc,0.000147,0.365393,0.999793
val_cc,0.000147,0.365366,0.999793
val_cc,0.000147,0.365338,0.999793
val_cc,0.000146,0.365310,0.999793
val_cc,0.000146,0.365283,0.999793
val_cc,0.000146,0.365255,0.999793
val_cc,0.000146,0.365227,0.999793
val_cc,0.000146,0.365200,0.999793
val_cc,0.000146,0.365172,0.999793
val_cc,0.000146,0.365144,0.999793
val_cc,0.000146,0.365117,0.999793
val_cc,0.000146,0.365089,0.999793
val_cc,0.000146,0.365061,0.999793
val_cc,0.000146,0.365034,0.999793
val_cc,0.000146,0.365006,0.999793
val_cc,0.000146,0.364978,0.999793
val_cc,0.000146,0.364951,0.999793
val_cc,0.000146,0.364923,0.999793
val_cc,0.000145,0.364896,0.999793
val_cc,0.000145,0.364868,0.999793
val_cc,0.000145,0.364840,0.999793
val_cc,0.000145,0.364813,0.999793
val_cc,0.000145,0.364785,0.999793
val_cc,0.000145,0.364758,0.999793
val_cc,0.000145,0.364730,0.999793
val_cc,0.000145,0.364702,0.999793
val_cc,0.000144,0.364675,0.999793
val_cc,0.000144,0.364647,0.999793
val_cc,0.000144,0.364620,0.999793
val_cc,0.000144,0.364592,0.999793
val_cc,0.000144,0.364564,0.999793
val_cc,0.000144,0.364537,0.999793
val_cc,0.000144,0.364509,0.999793
val_cc,0.000144,0.364482,0.999793
val_cc,0.000144,0.364454,0.999793
val_cc,0.000143,0.364427,0.999793
val_cc,0.000143,0.364399,0.999793
val_cc,0.000143,0.364372,0.999793
val_cc,0.000143,0.364344,0.999793
val_cc,0.000143,0.364316,0.999793
val_cc,0.000143,0.364289,0.999793
val_cc,0.000142,0.364261,0.999793
val_cc,0.000142,0.364234,0.999793
val_cc,0.000142,0.364206,0.999793
val_cc,0.000142,0.364179,0.999793
val_cc,0.000142,0.364151,0.999793
val_cc,0.000142,0.364124,0.999793
val_cc,0.000142,0.364096,0.999793
val_cc,0.000142,0.364069,0.999793
val_cc,0.000142,0.364041,0.999793
val_cc,0.000142,0.364014,0.999793
val_cc,0.000142,0.363986,0.999793
val_cc,0.000142,0.363959,0.999793
val_cc,0.000141,0.363931,0.999793
val_cc,0.000141,0.363904,0.999793
val_cc,0.000141,0.363877,0.999793
val_cc,0.000141,0.363849,0.999793
val_cc,0.000141,0.363822,0.999793
val_cc,0.000141,0.363794,0.999793
val_cc,0.000140,0.363767,0.999793
val_cc,0.000140,0.363739,0.999793
val_cc,0.000140,0.363712,0.999793
val_cc,0.000140,0.363684,0.999793
val_cc,0.000140,0.363657,0.999793
val_cc,0.000140,0.363630,0.999793
val_cc,0.000140,0.363602,0.999793
val_cc,0.000140,0.363575,0.999793
val_cc,0.000140,0.363547,0.999793
val_cc,0.000140,0.363520,0.999793
val_cc,0.000140,0.363492,0.999793
val_cc,0.000140,0.363465,0.999793
val_cc,0.000139,0.363438,0.999793
val_cc,0.000139,0.363410,0.999793
val_cc,0.000139,0.363383,0.999793
val_cc,0.000139,0.363355,0.999793
val_cc,0.000139,0.363328,0.999793
val_cc,0.000139,0.363301,0.999793
val_cc,0.000139,0.363273,0.999793
val_cc,0.000139,0.363246,0.999793
val_cc,0.000139,0.363219,0.999793
val_cc,0.000139,0.363191,0.999793
val_cc,0.000139,0.363164,0.999793
val_cc,0.000139,0.363136,0.999793
val_cc,0.000139,0.363109,0.999793
val_cc,0.000138,0.363082,0.999793
val_cc,0.000138,0.363054,0.999793
val_cc,0.000138,0.363027,0.999793
val_cc,0.000138,0.363000,0.999793
val_cc,0.000138,0.362972,0.999793
val_cc,0.000138,0.362945,0.999793
val_cc,0.000138,0.362918,0.999793
val_cc,0.000138,0.362890,0.999793
val_cc,0.000138,0.362863,0.999793
val_cc,0.000138,0.362836,0.999793
val_cc,0.000138,0.362809,0.999793
val_cc,0.000137,0.362781,0.999793
val_cc,0.000137,0.362754,0.999793
val_cc,0.000137,0.362727,0.999793
val_cc,0.000137,0.362699,0.999793
val_cc,0.000137,0.362672,0.999793
val_cc,0.000137,0.362645,0.999793
val_cc,0.000137,0.362618,0.999793
val_cc,0.000137,0.362590,0.999793
val_cc,0.000137,0.362563,0.999793
val_cc,0.000137,0.362536,0.999793
val_cc,0.000136,0.362508,0.999793
val_cc,0.000136,0.362481,0.999793
val_cc,0.000136,0.362454,0.999793
val_cc,0.000136,0.362427,0.999793
val_cc,0.000136,0.362399,0.999793
val_cc,0.000136,0.362372,0.999793
val_cc,0.000136,0.362345,0.999793
val_cc,0.000136,0.362318,0.999793
val_cc,0.000135,0.362291,0.999793
val_cc,0.000135,0.362263,0.999793
val_cc,0.000135,0.362236,0.999793
val_cc,0.000135,0.362209,0.999793
val_cc,0.000135,0.362182,0.999793
val_cc,0.000135,0.362154,0.999793
val_cc,0.000135,0.362127,0.999793
val_cc,0.000135,0.362100,0.999793
val_cc,0.000135,0.362073,0.999793
val_cc,0.000135,0.362046,0.999793
val_cc,0.000134,0.362018,0.999793
val_cc,0.000134,0.361991,0.999793
val_cc,0.000134,0.361964,0.999793
val_cc,0.000134,0.361937,0.999793
val_cc,0.000134,0.361910,0.999793
val_cc,0.000134,0.361883,0.999793
val_cc,0.000134,0.361855,0.999793
val_cc,0.000134,0.361828,0.999793
val_cc,0.000134,0.361801,0.999793
val_cc,0.000134,0.361774,0.999793
val_cc,0.000134,0.361747,0.999793
val_cc,0.000134,0.361720,0.999793
val_cc,0.000134,0.361693,0.999793
val_cc,0.000134,0.361665,0.999793
val_cc,0.000133,0.361638,0.999793
val_cc,0.000133,0.361611,0.999793
val_cc,0.000133,0.361584,0.999793
val_cc,0.000133,0.361557,0.999793
val_cc,0.000133,0.361530,0.999793
val_cc,0.000133,0.361503,0.999793
val_cc,0.000133,0.361476,0.999793
val_cc,0.000133,0.361448,0.999793
val_cc,0.000133,0.361421,0.999793
val_cc,0.000132,0.361394,0.999793
val_cc,0.000132,0.361367,0.999793
val_cc,0.000132,0.361340,0.999793
val_cc,0.000132,0.361313,0.999793
val_cc,0.000132,0.361286,0.999793
val_cc,0.000132,0.361259,0.999793
val_cc,0.000132,0.361232,0.999793
val_cc,0.000132,0.361205,0.999793
val_cc,0.000132,0.361178,0.999793
val_cc,0.000132,0.361151,0.999793
val_cc,0.000132,0.361124,0.999793
val_cc,0.000132,0.361097,0.999793
val_cc,0.000132,0.361070,0.999793
val_cc,0.000132,0.361042,0.999793
val_cc,0.000132,0.361015,0.999793
val_cc,0.000132,0.360988,0.999793
val_cc,0.000131,0.360961,0.999793
val_cc,0.000131,0.360934,0.999793
val_cc,0.000131,0.360907,0.999793
val_cc,0.000131,0.360880,0.999793
val_cc,0.000131,0.360853,0.999793
val_cc,0.000131,0.360826,0.999793
val_cc,0.000131,0.360799,0.999793
val_cc,0.000131,0.360772,0.999793
val_cc,0.000131,0.360745,0.999793
val_cc,0.000131,0.360718,0.999793
val_cc,0.000131,0.360691,0.999793
val_cc,0.000131,0.360664,0.999793
val_cc,0.000130,0.360637,0.999793
val_cc,0.000130,0.360610,0.999793
val_cc,0.000130,0.360583,0.999793
val_cc,0.000130,0.360556,0.999793
val_cc,0.000130,0.360529,0.999793
val_cc,0.000130,0.360503,0.999793
val_cc,0.000130,0.360476,0.999793
val_cc,0.000130,0.360449,0.999793
val_cc,0.000130,0.360422,0.999793
val_cc,0.000130,0.360395,0.999793
val_cc,0.000130,0.360368,0.999793
val_cc,0.000130,0.360341,0.999793
val_cc,0.000129,0.360314,0.999793
val_cc,0.000129,0.360287,0.999793
val_cc,0.000129,0.360260,0.999793
val_cc,0.000129,0.360233,0.999793
val_cc,0.000129,0.360206,0.999793
val_cc,0.000129,0.360179,0.999793
val_cc,0.000129,0.360152,0.999793
val_cc,0.000129,0.360125,0.999793
val_cc,0.000129,0.360099,0.999793
val_cc,0.000129,0.360072,0.999793
val_cc,0.000129,0.360045,0.999793
val_cc,0.000129,0.360018,0.999793
val_cc,0.000129,0.359991,0.999793
val_cc,0.000129,0.359964,0.999793
val_cc,0.000128,0.359937,0.999793
val_cc,0.000128,0.359910,0.999793
val_cc,0.000128,0.359884,0.999793
val_cc,0.000128,0.359857,0.999793
val_cc,0.000128,0.359830,0.999793
val_cc,0.000128,0.359803,0.999793
val_cc,0.000128,0.359776,0.999793
val_cc,0.000128,0.359749,0.999793
val_cc,0.000128,0.359722,0.999793
val_cc,0.000128,0.359696,0.999793
val_cc,0.000128,0.359669,0.999793
val_cc,0.000128,0.359642,0.999793
val_cc,0.000128,0.359615,0.999793
val_cc,0.000127,0.359588,0.999793
val_cc,0.000127,0.359561,0.999793
val_cc,0.000127,0.359535,0.999793
val_cc,0.000127,0.359508,0.999793
val_cc,0.000127,0.359481,0.999793
val_cc,0.000127,0.359454,0.999793
val_cc,0.000127,0.359427,0.999793
val_cc,0.000127,0.359401,0.999793
val_cc,0.000127,0.359374,0.999793
val_cc,0.000127,0.359347,0.999793
val_cc,0.000127,0.359320,0.999793
val_cc,0.000127,0.359293,0.999793
val_cc,0.000127,0.359267,0.999793
val_cc,0.000127,0.359240,0.999793
val_cc,0.000126,0.359213,0.999793
val_cc,0.000126,0.359186,0.999793
val_cc,0.000126,0.359160,0.999793
val_cc,0.000126,0.359133,0.999793
val_cc,0.000126,0.359106,0.999793
val_cc,0.000126,0.359079,0.999793
val_cc,0.000126,0.359053,0.999793
val_cc,0.000126,0.359026,0.999793
val_cc,0.000126,0.358999,0.999793
val_cc,0.000126,0.358972,0.999793
val_cc,0.000126,0.358946,0.999793
val_cc,0.000126,0.358919,0.999793
val_cc,0.000125,0.358892,0.999793
val_cc,0.000125,0.358866,0.999793
val_cc,0.000125,0.358839,0.999793
val_cc,0.000125,0.358812,0.999793
val_cc,0.000125,0.358785,0.999793
val_cc,0.000125,0.358759,0.999793
val_cc,0.000125,0.358732,0.999793
val_cc,0.000125,0.358705,0.999793
val_cc,0.000125,0.358679,0.999793
val_cc,0.000125,0.358652,0.999793
val_cc,0.000125,0.358625,0.999793
val_cc,0.000125,0.358599,0.999793
val_cc,0.000125,0.358572,0.999793
val_cc,0.000125,0.358545,0.999793
val_cc,0.000125,0.358519,0.999793
val_cc,0.000125,0.358492,0.999793
val_cc,0.000125,0.358465,0.999793
val_cc,0.000125,0.358439,0.999793
val_cc,0.000124,0.358412,0.999793
val_cc,0.000124,0.358385,0.999793
val_cc,0.000124,0.358359,0.999793
val_cc,0.000124,0.358332,0.999793
val_cc,0.000124,0.358305,0.999793
val_cc,0.000124,0.358279,0.999793
val_cc,0.000124,0.358252,0.999793
val_cc,0.000124,0.358226,0.999793
val_cc,0.000124,0.358199,0.999793
val_cc,0.000124,0.358172,0.999793
val_cc,0.000124,0.358146,0.999793
val_cc,0.000124,0.358119,0.999793
val_cc,0.000124,0.358093,0.999793
val_cc,0.000123,0.358066,0.999793
val_cc,0.000123,0.358039,0.999793
val_cc,0.000123,0.358013,0.999793
val_cc,0.000123,0.357986,0.999793
val_cc,0.000123,0.357960,0.999793
val_cc,0.000123,0.357933,0.999793
val_cc,0.000123,0.357906,0.999793
val_cc,0.000123,0.357880,0.999793
val_cc,0.000123,0.357853,0.999793
val_cc,0.000123,0.357827,0.999793
val_cc,0.000123,0.357800,0.999793
val_cc,0.000122,0.357774,0.999793
val_cc,0.000122,0.357747,0.999793
val_cc,0.000122,0.357721,0.999793
val_cc,0.000122,0.357694,0.999793
val_cc,0.000122,0.357667,0.999793
val_cc,0.000122,0.357641,0.999793
val_cc,0.000122,0.357614,0.999793
val_cc,0.000122,0.357588,0.999793
val_cc,0.000122,0.357561,0.999793
val_cc,0.000122,0.357535,0.999793
val_cc,0.000121,0.357508,0.999793
val_cc,0.000121,0.357482,0.999793
val_cc,0.000121,0.357455,0.999793
val_cc,0.000121,0.357429,0.999793
val_cc,0.000121,0.357402,0.999793
val_cc,0.000121,0.357376,0.999793
val_cc,0.000121,0.357349,0.999793
val_cc,0.000121,0.357323,0.999793
val_cc,0.000121,0.357296,0.999793
val_cc,0.000121,0.357270,0.999793
val_cc,0.000121,0.357243,0.999793
val_cc,0.000121,0.357217,0.999793
val_cc,0.000121,0.357190,0.999793
val_cc,0.000121,0.357164,0.999793
val_cc,0.000121,0.357138,0.999793
val_cc,0.000120,0.357111,0.999793
val_cc,0.000120,0.357085,0.999793
val_cc,0.000120,0.357058,0.999793
val_cc,0.000120,0.357032,0.999793
val_cc,0.000120,0.357005,0.999793
val_cc,0.000120,0.356979,0.999793
val_cc,0.000120,0.356952,0.999793
val_cc,0.000120,0.356926,0.999793
val_cc,0.000120,0.356900,0.999793
val_cc,0.000120,0.356873,0.999793
val_cc,0.000120,0.356847,0.999793
val_cc,0.000120,0.356820,0.999793
val_cc,0.000119,0.356794,0.999793
val_cc,0.000119,0.356768,0.999793
val_cc,0.000119,0.356741,0.999793
val_cc,0.000119,0.356715,0.999793
val_cc,0.000119,0.356688,0.999793
val_cc,0.000119,0.356662,0.999793
val_cc,0.000119,0.356636,0.999793
val_cc,0.000119,0.356609,0.999793
val_cc,0.000119,0.356583,0.999793
val_cc,0.000119,0.356556,0.999793
val_cc,0.000119,0.356530,0.999793
val_cc,0.000119,0.356504,0.999793
val_cc,0.000119,0.356477,0.999793
val_cc,0.000118,0.356451,0.999793
val_cc,0.000118,0.356425,0.999793
val_cc,0.000118,0.356398,0.999793
val_cc,0.000118,0.356372,0.999793
val_cc,0.000118,0.356346,0.999793
val_cc,0.000118,0.356319,0.999793
val_cc,0.000118,0.356293,0.999793
val_cc,0.000118,0.356267,0.999793
val_cc,0.000118,0.356240,0.999793
val_cc,0.000118,0.356214,0.999793
val_cc,0.000118,0.356188,0.999793
val_cc,0.000118,0.356161,0.999793
val_cc,0.000118,0.356135,0.999793
val_cc,0.000117,0.356109,0.999793
val_cc,0.000117,0.356082,0.999793
val_cc,0.000117,0.356056,0.999793
val_cc,0.000117,0.356030,0.999793
val_cc,0.000117,0.356004,0.999793
val_cc,0.000117,0.355977,0.999793
val_cc,0.000117,0.355951,0.999793
val_cc,0.000117,0.355925,0.999793
val_cc,0.000117,0.355898,0.999793
val_cc,0.000117,0.355872,0.999793
val_cc,0.000117,0.355846,0.999793
val_cc,0.000117,0.355820,0.999793
val_cc,0.000117,0.355793,0.999793
val_cc,0.000116,0.355767,0.999793
val_cc,0.000116,0.355741,0.999793
val_cc,0.000116,0.355715,0.999793
val_cc,0.000116,0.355688,0.999793
val_cc,0.000116,0.355662,0.999793
val_cc,0.000116,0.355636,0.999793
val_cc,0.000116,0.355610,0.999793
val_cc,0.000116,0.355583,0.999793
val_cc,0.000116,0.355557,0.999793
val_cc,0.000116,0.355531,0.999793
val_cc,0.000116,0.355505,0.999793
val_cc,0.000116,0.355479,0.999793
val_cc,0.000116,0.355452,0.999793
val_cc,0.000116,0.355426,0.999793
val_cc,0.000116,0.355400,0.999793
val_cc,0.000116,0.355374,0.999793
val_cc,0.000116,0.355348,0.999793
val_cc,0.000116,0.355321,0.999793
val_cc,0.000116,0.355295,0.999793
val_cc,0.000115,0.355269,0.999793
val_cc,0.000115,0.355243,0.999793
val_cc,0.000115,0.355217,0.999793
val_cc,0.000115,0.355190,0.999793
val_cc,0.000115,0.355164,0.999793
val_cc,0.000115,0.355138,0.999793
val_cc,0.000115,0.355112,0.999793
val_cc,0.000115,0.355086,0.999793
val_cc,0.000115,0.355060,0.999793
val_cc,0.000115,0.355034,0.999793
val_cc,0.000115,0.355007,0.999793
val_cc,0.000115,0.354981,0.999793
val_cc,0.000115,0.354955,0.999793
val_cc,0.000115,0.354929,0.999793
val_cc,0.000115,0.354903,0.999793
val_cc,0.000114,0.354877,0.999793
val_cc,0.000114,0.354851,0.999793
val_cc,0.000114,0.354824,0.999793
val_cc,0.000114,0.354798,0.999793
val_cc,0.000114,0.354772,0.999793
val_cc,0.000114,0.354746,0.999793
val_cc,0.000114,0.354720,0.999793
val_cc,0.000114,0.354694,0.999793
val_cc,0.000114,0.354668,0.999793
val_cc,0.000114,0.354642,0.999793
val_cc,0.000114,0.354616,0.999793
val_cc,0.000114,0.354590,0.999793
val_cc,0.000113,0.354564,0.999793
val_cc,0.000113,0.354537,0.999793
val_cc,0.000113,0.354511,0.999793
val_cc,0.000113,0.354485,0.999793
val_cc,0.000113,0.354459,0.999793
val_cc,0.000113,0.354433,0.999793
val_cc,0.000113,0.354407,0.999793
val_cc,0.000113,0.354381,0.999793
val_cc,0.000113,0.354355,0.999793
val_cc,0.000113,0.354329,0.999793
val_cc,0.000112,0.354303,0.999793
val_cc,0.000112,0.354277,0.999793
val_cc,0.000112,0.354251,0.999793
val_cc,0.000112,0.354225,0.999793
val_cc,0.000112,0.354199,0.999793
val_cc,0.000112,0.354173,0.999793
val_cc,0.000112,0.354147,0.999793
val_cc,0.000112,0.354121,0.999793
val_cc,0.000112,0.354095,0.999793
val_cc,0.000112,0.354069,0.999793
val_cc,0.000112,0.354043,0.999793
val_cc,0.000112,0.354017,0.999793
val_cc,0.000112,0.353991,0.999793
val_cc,0.000112,0.353965,0.999793
val_cc,0.000112,0.353939,0.999793
val_cc,0.000112,0.353913,0.999793
val_cc,0.000112,0.353887,0.999793
val_cc,0.000112,0.353861,0.999793
val_cc,0.000111,0.353835,0.999793
val_cc,0.000111,0.353809,0.999793
val_cc,0.000111,0.353783,0.999793
val_cc,0.000111,0.353757,0.999793
val_cc,0.000111,0.353731,0.999793
val_cc,0.000111,0.353705,0.999793
val_cc,0.000111,0.353679,0.999793
val_cc,0.000111,0.353653,0.999793
val_cc,0.000111,0.353627,0.999793
val_cc,0.000111,0.353601,0.999793
val_cc,0.000111,0.353575,0.999793
val_cc,0.000111,0.353549,0.999793
val_cc,0.000111,0.353524,0.999793
val_cc,0.000111,0.353498,0.999793
val_cc,0.000111,0.353472,0.999793
val_cc,0.000111,0.353446,0.999793
val_cc,0.000110,0.353420,0.999793
val_cc,0.000110,0.353394,0.999793
val_cc,0.000110,0.353368,0.999793
val_cc,0.000110,0.353342,0.999793
val_cc,0.000110,0.353316,0.999793
val_cc,0.000110,0.353290,0.999793
val_cc,0.000110,0.353264,0.999793
val_cc,0.000110,0.353239,0.999793
val_cc,0.000110,0.353213,0.999793
val_cc,0.000110,0.353187,0.999793
val_cc,0.000109,0.353161,0.999793
val_cc,0.000109,0.353135,0.999793
val_cc,0.000109,0.353109,0.999793
val_cc,0.000109,0.353083,0.999793
val_cc,0.000109,0.353057,0.999793
val_cc,0.000109,0.353032,0.999793
val_cc,0.000109,0.353006,0.999793
val_cc,0.000109,0.352980,0.999793
val_cc,0.000109,0.352954,0.999793
val_cc,0.000109,0.352928,0.999793
val_cc,0.000109,0.352902,0.999793
val_cc,0.000109,0.352877,0.999793
val_cc,0.000108,0.352851,0.999793
val_cc,0.000108,0.352825,0.999793
val_cc,0.000108,0.352799,0.999793
val_cc,0.000108,0.352773,0.999793
val_cc,0.000108,0.352747,0.999793
val_cc,0.000108,0.352722,0.999793
val_cc,0.000108,0.352696,0.999793
val_cc,0.000108,0.352670,0.999793
val_cc,0.000108,0.352644,0.999793
val_cc,0.000108,0.352618,0.999793
val_cc,0.000108,0.352593,0.999793
val_cc,0.000108,0.352567,0.999793
val_cc,0.000108,0.352541,0.999793
val_cc,0.000108,0.352515,0.999793
val_cc,0.000108,0.352490,0.999793
val_cc,0.000107,0.352464,0.999793
val_cc,0.000107,0.352438,0.999793
val_cc,0.000107,0.352412,0.999793
val_cc,0.000107,0.352387,0.999793
val_cc,0.000107,0.352361,0.999793
val_cc,0.000107,0.352335,0.999793
val_cc,0.000107,0.352309,0.999793
val_cc,0.000107,0.352284,0.999793
val_cc,0.000107,0.352258,0.999793
val_cc,0.000107,0.352232,0.999793
val_cc,0.000107,0.352206,0.999793
val_cc,0.000107,0.352181,0.999793
val_cc,0.000106,0.352155,0.999793
val_cc,0.000106,0.352129,0.999793
val_cc,0.000106,0.352103,0.999793
val_cc,0.000106,0.352078,0.999793
val_cc,0.000106,0.352052,0.999793
val_cc,0.000106,0.352026,0.999793
val_cc,0.000106,0.352001,0.999793
val_cc,0.000106,0.351975,0.999793
val_cc,0.000106,0.351949,0.999793
val_cc,0.000106,0.351923,0.999793
val_cc,0.000106,0.351898,0.999793
val_cc,0.000106,0.351872,0.999793
val_cc,0.000106,0.351846,0.999793
val_cc,0.000106,0.351821,0.999793
val_cc,0.000106,0.351795,0.999793
val_cc,0.000106,0.351769,0.999793
val_cc,0.000105,0.351744,0.999793
val_cc,0.000105,0.351718,0.999793
val_cc,0.000105,0.351692,0.999793
val_cc,0.000105,0.351667,0.999793
val_cc,0.000105,0.351641,0.999793
val_cc,0.000105,0.351615,0.999793
val_cc,0.000105,0.351590,0.999793
val_cc,0.000105,0.351564,0.999793
val_cc,0.000105,0.351539,0.999793
val_cc,0.000104,0.351513,0.999793
val_cc,0.000104,0.351487,0.999793
val_cc,0.000104,0.351462,0.999793
val_cc,0.000104,0.351436,0.999793
val_cc,0.000104,0.351410,0.999793
val_cc,0.000104,0.351385,0.999793
val_cc,0.000104,0.351359,0.999793
val_cc,0.000104,0.351334,0.999793
val_cc,0.000104,0.351308,0.999793
val_cc,0.000104,0.351282,0.999793
val_cc,0.000104,0.351257,0.999793
val_cc,0.000103,0.351231,0.999793
val_cc,0.000103,0.351206,0.999793
val_cc,0.000103,0.351180,0.999793
val_cc,0.000103,0.351154,0.999793
val_cc,0.000103,0.351129,0.999793
val_cc,0.000103,0.351103,0.999793
val_cc,0.000103,0.351078,0.999793
val_cc,0.000103,0.351052,0.999793
val_cc,0.000103,0.351027,0.999793
val_cc,0.000103,0.351001,0.999793
val_cc,0.000103,0.350976,0.999793
val_cc,0.000103,0.350950,0.999793
val_cc,0.000103,0.350924,0.999793
val_cc,0.000103,0.350899,0.999793
val_cc,0.000103,0.350873,0.999793
val_cc,0.000103,0.350848,0.999793
val_cc,0.000103,0.350822,0.999793
val_cc,0.000103,0.350797,0.999793
val_cc,0.000103,0.350771,0.999793
val_cc,0.000103,0.350746,0.999793
val_cc,0.000102,0.350720,0.999793
val_cc,0.000102,0.350695,0.999793
val_cc,0.000102,0.350669,0.999793
val_cc,0.000102,0.350644,0.999793
val_cc,0.000102,0.350618,0.999793
val_cc,0.000102,0.350593,0.999793
val_cc,0.000102,0.350567,0.999793
val_cc,0.000102,0.350542,0.999793
val_cc,0.000102,0.350516,0.999793
val_cc,0.000102,0.350491,0.999793
val_cc,0.000102,0.350465,0.999793
val_cc,0.000102,0.350440,0.999793
val_cc,0.000102,0.350414,0.999793
val_cc,0.000102,0.350389,0.999793
val_cc,0.000102,0.350363,0.999793
val_cc,0.000102,0.350338,0.999793
val_cc,0.000102,0.350312,0.999793
val_cc,0.000102,0.350287,0.999793
val_cc,0.000102,0.350262,0.999793
val_cc,0.000102,0.350236,0.999793
val_cc,0.000102,0.350211,0.999793
val_cc,0.000102,0.350185,0.999793
val_cc,0.000102,0.350160,0.999793
val_cc,0.000101,0.350134,0.999793
val_cc,0.000101,0.350109,0.999793
val_cc,0.000101,0.350084,0.999793
val_cc,0.000101,0.350058,0.999793
val_cc,0.000101,0.350033,0.999793
val_cc,0.000101,0.350007,0.999793
val_cc,0.000101,0.349982,0.999793
val_cc,0.000101,0.349956,0.999793
val_cc,0.000101,0.349931,0.999793
val_cc,0.000101,0.349906,0.999793
val_cc,0.000101,0.349880,0.999793
val_cc,0.000101,0.349855,0.999793
val_cc,0.000101,0.349829,0.999793
val_cc,0.000101,0.349804,0.999793
val_cc,0.000101,0.349779,0.999793
val_cc,0.000101,0.349753,0.999793
val_cc,0.000101,0.349728,0.999793
val_cc,0.000101,0.349703,0.999793
val_cc,0.000101,0.349677,0.999793
val_cc,0.000101,0.349652,0.999793
val_cc,0.000101,0.349627,0.999793
val_cc,0.000101,0.349601,0.999793
val_cc,0.000100,0.349576,0.999793
val_cc,0.000100,0.349550,0.999793
val_cc,0.000100,0.349525,0.999793
val_cc,0.000100,0.349500,0.999793
val_cc,0.000100,0.349474,0.999793
val_cc,0.000100,0.349449,0.999793
val_cc,0.000100,0.349424,0.999793
val_cc,0.000100,0.349398,0.999793
val_cc,0.000100,0.349373,0.999793
val_cc,0.000100,0.349348,0.999793
val_cc,0.000100,0.349323,0.999793
val_cc,0.000100,0.349297,0.999793
val_cc,0.000099,0.349272,0.999793
val_cc,0.000099,0.349247,0.999793
val_cc,0.000099,0.349221,0.999793
val_cc,0.000099,0.349196,0.999793
val_cc,0.000099,0.349171,0.999793
val_cc,0.000099,0.349145,0.999793
val_cc,0.000099,0.349120,0.999793
val_cc,0.000099,0.349095,0.999793
val_cc,0.000099,0.349070,0.999793
val_cc,0.000099,0.349044,0.999793
val_cc,0.000099,0.349019,0.999793
val_cc,0.000099,0.348994,0.999793
val_cc,0.000099,0.348969,0.999793
val_cc,0.000099,0.348943,0.999793
val_cc,0.000099,0.348918,0.999793
val_cc,0.000098,0.348893,0.999793
val_cc,0.000098,0.348868,0.999793
val_cc,0.000098,0.348842,0.999793
val_cc,0.000098,0.348817,0.999793
val_cc,0.000098,0.348792,0.999793
val_cc,0.000098,0.348767,0.999793
val_cc,0.000098,0.348741,0.999793
val_cc,0.000098,0.348716,0.999793
val_cc,0.000098,0.348691,0.999793
val_cc,0.000098,0.348666,0.999793
val_cc,0.000098,0.348640,0.999793
val_cc,0.000098,0.348615,0.999793
val_cc,0.000097,0.348590,0.999793
val_cc,0.000097,0.348565,0.999793
val_cc,0.000097,0.348540,0.999793
val_cc,0.000097,0.348514,0.999793
val_cc,0.000097,0.348489,0.999793
val_cc,0.000097,0.348464,0.999793
val_cc,0.000097,0.348439,0.999793
val_cc,0.000097,0.348414,0.999793
val_cc,0.000097,0.348388,0.999793
val_cc,0.000097,0.348363,0.999793
val_cc,0.000097,0.348338,0.999793
val_cc,0.000097,0.348313,0.999793
val_cc,0.000097,0.348288,0.999793
val_cc,0.000097,0.348263,0.999793
val_cc,0.000097,0.348238,0.999793
val_cc,0.000097,0.348212,0.999793
val_cc,0.000097,0.348187,0.999793
val_cc,0.000096,0.348162,0.999793
val_cc,0.000096,0.348137,0.999793
val_cc,0.000096,0.348112,0.999793
val_cc,0.000096,0.348087,0.999793
val_cc,0.000096,0.348062,0.999793
val_cc,0.000096,0.348036,0.999793
val_cc,0.000096,0.348011,0.999793
val_cc,0.000096,0.347986,0.999793
val_cc,0.000096,0.347961,0.999793
val_cc,0.000096,0.347936,0.999793
val_cc,0.000096,0.347911,0.999793
val_cc,0.000096,0.347886,0.999793
val_cc,0.000096,0.347861,0.999793
val_cc,0.000096,0.347835,0.999793
val_cc,0.000096,0.347810,0.999793
val_cc,0.000095,0.347785,0.999793
val_cc,0.000095,0.347760,0.999793
val_cc,0.000095,0.347735,0.999793
val_cc,0.000095,0.347710,0.999793
val_cc,0.000095,0.347685,0.999793
val_cc,0.000095,0.347660,0.999793
val_cc,0.000095,0.347635,0.999793
val_cc,0.000095,0.347610,0.999793
val_cc,0.000095,0.347585,0.999793
val_cc,0.000094,0.347560,0.999793
val_cc,0.000094,0.347535,0.999793
val_cc,0.000094,0.347510,0.999793
val_cc,0.000094,0.347485,0.999793
val_cc,0.000094,0.347459,0.999793
val_cc,0.000094,0.347434,0.999793
val_cc,0.000094,0.347409,0.999793
val_cc,0.000094,0.347384,0.999793
val_cc,0.000094,0.347359,0.999793
val_cc,0.000094,0.347334,0.999793
val_cc,0.000094,0.347309,0.999793
val_cc,0.000094,0.347284,0.999793
val_cc,0.000094,0.347259,0.999793
val_cc,0.000094,0.347234,0.999793
val_cc,0.000094,0.347209,0.999793
val_cc,0.000093,0.347184,0.999793
val_cc,0.000093,0.347159,0.999793
val_cc,0.000093,0.347134,0.999793
val_cc,0.000093,0.347109,0.999793
val_cc,0.000093,0.347084,0.999793
val_cc,0.000093,0.347059,0.999793
val_cc,0.000093,0.347034,0.999793
val_cc,0.000093,0.347009,0.999793
val_cc,0.000093,0.346984,0.999793
val_cc,0.000093,0.346959,0.999793
val_cc,0.000093,0.346934,0.999793
val_cc,0.000093,0.346909,0.999793
val_cc,0.000093,0.346884,0.999793
val_cc,0.000093,0.346859,0.999793
val_cc,0.000092,0.346835,0.999793
val_cc,0.000092,0.346810,0.999793
val_cc,0.000092,0.346785,0.999793
val_cc,0.000092,0.346760,0.999793
val_cc,0.000092,0.346735,0.999793
val_cc,0.000092,0.346710,0.999793
val_cc,0.000092,0.346685,0.999793
val_cc,0.000092,0.346660,0.999793
val_cc,0.000092,0.346635,0.999793
val_cc,0.000092,0.346610,0.999793
val_cc,0.000092,0.346585,0.999793
val_cc,0.000092,0.346560,0.999793
val_cc,0.000092,0.346535,0.999793
val_cc,0.000092,0.346510,0.999793
val_cc,0.000092,0.346486,0.999793
val_cc,0.000092,0.346461,0.999793
val_cc,0.000092,0.346436,0.999793
val_cc,0.000091,0.346411,0.999793
val_cc,0.000091,0.346386,0.999793
val_cc,0.000091,0.346361,0.999793
val_cc,0.000091,0.346336,0.999793
val_cc,0.000091,0.346311,0.999793
val_cc,0.000091,0.346286,0.999793
val_cc,0.000091,0.346262,0.999793
val_cc,0.000091,0.346237,0.999793
val_cc,0.000091,0.346212,0.999793
val_cc,0.000091,0.346187,0.999793
val_cc,0.000091,0.346162,0.999793
val_cc,0.000091,0.346137,0.999793
val_cc,0.000091,0.346112,0.999793
val_cc,0.000091,0.346088,0.999793
val_cc,0.000091,0.346063,0.999793
val_cc,0.000091,0.346038,0.999793
val_cc,0.000091,0.346013,0.999793
val_cc,0.000091,0.345988,0.999793
val_cc,0.000090,0.345963,0.999793
val_cc,0.000090,0.345939,0.999793
val_cc,0.000090,0.345914,0.999793
val_cc,0.000090,0.345889,0.999793
val_cc,0.000090,0.345864,0.999793
val_cc,0.000090,0.345839,0.999793
val_cc,0.000090,0.345815,0.999793
val_cc,0.000090,0.345790,0.999793
val_cc,0.000090,0.345765,0.999793
val_cc,0.000090,0.345740,0.999793
val_cc,0.000090,0.345715,0.999793
val_cc,0.000090,0.345691,0.999793
val_cc,0.000090,0.345666,0.999793
val_cc,0.000090,0.345641,0.999793
val_cc,0.000090,0.345616,0.999793
val_cc,0.000090,0.345591,0.999793
val_cc,0.000090,0.345567,0.999793
val_cc,0.000090,0.345542,0.999793
val_cc,0.000090,0.345517,0.999793
val_cc,0.000089,0.345492,0.999793
val_cc,0.000089,0.345468,0.999793
val_cc,0.000089,0.345443,0.999793
val_cc,0.000089,0.345418,0.999793
val_cc,0.000089,0.345393,0.999793
val_cc,0.000089,0.345369,0.999793
val_cc,0.000089,0.345344,0.999793
val_cc,0.000089,0.345319,0.999793
val_cc,0.000089,0.345294,0.999793
val_cc,0.000089,0.345270,0.999793
val_cc,0.000089,0.345245,0.999793
val_cc,0.000089,0.345220,0.999793
val_cc,0.000089,0.345195,0.999793
val_cc,0.000089,0.345171,0.999793
val_cc,0.000089,0.345146,0.999793
val_cc,0.000089,0.345121,0.999793
val_cc,0.000089,0.345097,0.999793
val_cc,0.000089,0.345072,0.999793
val_cc,0.000089,0.345047,0.999793
val_cc,0.000089,0.345023,0.999793
val_cc,0.000089,0.344998,0.999793
val_cc,0.000088,0.344973,0.999793
val_cc,0.000088,0.344948,0.999793
val_cc,0.000088,0.344924,0.999793
val_cc,0.000088,0.344899,0.999793
val_cc,0.000088,0.344874,0.999793
val_cc,0.000088,0.344850,0.999793
val_cc,0.000088,0.344825,0.999793
val_cc,0.000088,0.344800,0.999793
val_cc,0.000088,0.344776,0.999793
val_cc,0.000088,0.344751,0.999793
val_cc,0.000088,0.344726,0.999793
val_cc,0.000088,0.344702,0.999793
val_cc,0.000088,0.344677,0.999793
val_cc,0.000088,0.344653,0.999793
val_cc,0.000088,0.344628,0.999793
val_cc,0.000088,0.344603,0.999793
val_cc,0.000088,0.344579,0.999793
val_cc,0.000087,0.344554,0.999793
val_cc,0.000087,0.344529,0.999793
val_cc,0.000087,0.344505,0.999793
val_cc,0.000087,0.344480,0.999793
val_cc,0.000087,0.344456,0.999793
val_cc,0.000087,0.344431,0.999793
val_cc,0.000087,0.344406,0.999793
val_cc,0.000087,0.344382,0.999793
val_cc,0.000087,0.344357,0.999793
val_cc,0.000087,0.344333,0.999793
val_cc,0.000087,0.344308,0.999793
val_cc,0.000087,0.344283,0.999793
val_cc,0.000087,0.344259,0.999793
val_cc,0.000087,0.344234,0.999793
val_cc,0.000087,0.344210,0.999793
val_cc,0.000086,0.344185,0.999793
val_cc,0.000086,0.344160,0.999793
val_cc,0.000086,0.344136,0.999793
val_cc,0.000086,0.344111,0.999793
val_cc,0.000086,0.344087,0.999793
val_cc,0.000086,0.344062,0.999793
val_cc,0.000086,0.344038,0.999793
val_cc,0.000086,0.344013,0.999793
val_cc,0.000086,0.343989,0.999793
val_cc,0.000086,0.343964,0.999793
val_cc,0.000086,0.343940,0.999793
val_cc,0.000086,0.343915,0.999793
val_cc,0.000086,0.343890,0.999793
val_cc,0.000086,0.343866,0.999793
val_cc,0.000086,0.343841,0.999793
val_cc,0.000086,0.343817,0.999793
val_cc,0.000086,0.343792,0.999793
val_cc,0.000086,0.343768,0.999793
val_cc,0.000086,0.343743,0.999793
val_cc,0.000086,0.343719,0.999793
val_cc,0.000086,0.343694,0.999793
val_cc,0.000085,0.343670,0.999793
val_cc,0.000085,0.343645,0.999793
val_cc,0.000085,0.343621,0.999793
val_cc,0.000085,0.343596,0.999793
val_cc,0.000085,0.343572,0.999793
val_cc,0.000085,0.343547,0.999793
val_cc,0.000085,0.343523,0.999793
val_cc,0.000085,0.343498,0.999793
val_cc,0.000085,0.343474,0.999793
val_cc,0.000085,0.343449,0.999793
val_cc,0.000085,0.343425,0.999793
val_cc,0.000085,0.343401,0.999793
val_cc,0.000085,0.343376,0.999793
val_cc,0.000085,0.343352,0.999793
val_cc,0.000085,0.343327,0.999793
val_cc,0.000085,0.343303,0.999793
val_cc,0.000085,0.343278,0.999793
val_cc,0.000085,0.343254,0.999793
val_cc,0.000085,0.343229,0.999793
val_cc,0.000085,0.343205,0.999793
val_cc,0.000084,0.343181,0.999793
val_cc,0.000084,0.343156,0.999793
val_cc,0.000084,0.343132,0.999793
val_cc,0.000084,0.343107,0.999793
val_cc,0.000084,0.343083,0.999793
val_cc,0.000084,0.343058,0.999793
val_cc,0.000084,0.343034,0.999793
val_cc,0.000084,0.343010,0.999793
val_cc,0.000084,0.342985,0.999793
val_cc,0.000084,0.342961,0.999793
val_cc,0.000084,0.342936,0.999793
val_cc,0.000084,0.342912,0.999793
val_cc,0.000084,0.342888,0.999793
val_cc,0.000084,0.342863,0.999793
val_cc,0.000084,0.342839,0.999793
val_cc,0.000084,0.342814,0.999793
val_cc,0.000084,0.342790,0.999793
val_cc,0.000083,0.342766,0.999793
val_cc,0.000083,0.342741,0.999793
val_cc,0.000083,0.342717,0.999793
val_cc,0.000083,0.342693,0.999793
val_cc,0.000083,0.342668,0.999793
val_cc,0.000083,0.342644,0.999793
val_cc,0.000083,0.342620,0.999793
val_cc,0.000083,0.342595,0.999793
val_cc,0.000083,0.342571,0.999793
val_cc,0.000083,0.342547,0.999793
val_cc,0.000083,0.342522,0.999793
val_cc,0.000083,0.342498,0.999793
val_cc,0.000083,0.342474,0.999793
val_cc,0.000083,0.342449,0.999793
val_cc,0.000082,0.342425,0.999793
val_cc,0.000082,0.342401,0.999793
val_cc,0.000082,0.342376,0.999793
val_cc,0.000082,0.342352,0.999793
val_cc,0.000082,0.342328,0.999793
val_cc,0.000082,0.342303,0.999793
val_cc,0.000082,0.342279,0.999793
val_cc,0.000082,0.342255,0.999793
val_cc,0.000082,0.342230,0.999793
val_cc,0.000082,0.342206,0.999793
val_cc,0.000082,0.342182,0.999793
val_cc,0.000082,0.342158,0.999793
val_cc,0.000082,0.342133,0.999793
val_cc,0.000082,0.342109,0.999793
val_cc,0.000082,0.342085,0.999793
val_cc,0.000082,0.342060,0.999793
val_cc,0.000082,0.342036,0.999793
val_cc,0.000082,0.342012,0.999793
val_cc,0.000082,0.341988,0.999793
val_cc,0.000081,0.341963,0.999793
val_cc,0.000081,0.341939,0.999793
val_cc,0.000081,0.341915,0.999793
val_cc,0.000081,0.341891,0.999793
val_cc,0.000081,0.341866,0.999793
val_cc,0.000081,0.341842,0.999793
val_cc,0.000081,0.341818,0.999793
val_cc,0.000081,0.341794,0.999793
val_cc,0.000081,0.341769,0.999793
val_cc,0.000081,0.341745,0.999793
val_cc,0.000081,0.341721,0.999793
val_cc,0.000081,0.341697,0.999793
val_cc,0.000080,0.341673,0.999793
val_cc,0.000080,0.341648,0.999793
val_cc,0.000080,0.341624,0.999793
val_cc,0.000080,0.341600,0.999793
val_cc,0.000080,0.341576,0.999793
val_cc,0.000080,0.341552,0.999793
val_cc,0.000080,0.341527,0.999793
val_cc,0.000080,0.341503,0.999793
val_cc,0.000080,0.341479,0.999793
val_cc,0.000080,0.341455,0.999793
val_cc,0.000080,0.341431,0.999793
val_cc,0.000080,0.341406,0.999793
val_cc,0.000080,0.341382,0.999793
val_cc,0.000080,0.341358,0.999793
val_cc,0.000080,0.341334,0.999793
val_cc,0.000080,0.341310,0.999793
val_cc,0.000080,0.341286,0.999793
val_cc,0.000080,0.341261,0.999793
val_cc,0.000080,0.341237,0.999793
val_cc,0.000080,0.341213,0.999793
val_cc,0.000080,0.341189,0.999793
val_cc,0.000080,0.341165,0.999793
val_cc,0.000080,0.341141,0.999793
val_cc,0.000080,0.341117,0.999793
val_cc,0.000080,0.341092,0.999793
val_cc,0.000080,0.341068,0.999793
val_cc,0.000080,0.341044,0.999793
val_cc,0.000080,0.341020,0.999793
val_cc,0.000079,0.340996,0.999793
val_cc,0.000079,0.340972,0.999793
val_cc,0.000079,0.340948,0.999793
val_cc,0.000079,0.340924,0.999793
val_cc,0.000079,0.340899,0.999793
val_cc,0.000079,0.340875,0.999793
val_cc,0.000079,0.340851,0.999793
val_cc,0.000079,0.340827,0.999793
val_cc,0.000079,0.340803,0.999793
val_cc,0.000079,0.340779,0.999793
val_cc,0.000079,0.340755,0.999793
val_cc,0.000079,0.340731,0.999793
val_cc,0.000079,0.340707,0.999793
val_cc,0.000079,0.340683,0.999793
val_cc,0.000079,0.340659,0.999793
val_cc,0.000079,0.340634,0.999793
val_cc,0.000079,0.340610,0.999793
val_cc,0.000079,0.340586,0.999793
val_cc,0.000079,0.340562,0.999793
val_cc,0.000079,0.340538,0.999793
val_cc,0.000079,0.340514,0.999793
val_cc,0.000078,0.340490,0.999793
val_cc,0.000078,0.340466,0.999793
val_cc,0.000078,0.340442,0.999793
val_cc,0.000078,0.340418,0.999793
val_cc,0.000078,0.340394,0.999793
val_cc,0.000078,0.340370,0.999793
val_cc,0.000078,0.340346,0.999793
val_cc,0.000078,0.340322,0.999793
val_cc,0.000078,0.340298,0.999793
val_cc,0.000078,0.340274,0.999793
val_cc,0.000078,0.340250,0.999793
val_cc,0.000078,0.340226,0.999793
val_cc,0.000077,0.340202,0.999793
val_cc,0.000077,0.340178,0.999793
val_cc,0.000077,0.340154,0.999793
val_cc,0.000077,0.340130,0.999793
val_cc,0.000077,0.340106,0.999793
val_cc,0.000077,0.340082,0.999793
val_cc,0.000077,0.340058,0.999793
val_cc,0.000077,0.340034,0.999793
val_cc,0.000077,0.340010,0.999793
val_cc,0.000077,0.339986,0.999793
val_cc,0.000077,0.339962,0.999793
val_cc,0.000077,0.339938,0.999793
val_cc,0.000077,0.339914,0.999793
val_cc,0.000077,0.339890,0.999793
val_cc,0.000077,0.339866,0.999793
val_cc,0.000077,0.339842,0.999793
val_cc,0.000077,0.339818,0.999793
val_cc,0.000077,0.339794,0.999793
val_cc,0.000077,0.339770,0.999793
val_cc,0.000077,0.339746,0.999793
val_cc,0.000076,0.339722,0.999793
val_cc,0.000076,0.339698,0.999793
val_cc,0.000076,0.339674,0.999793
val_cc,0.000076,0.339651,0.999793
val_cc,0.000076,0.339627,0.999793
val_cc,0.000076,0.339603,0.999793
val_cc,0.000076,0.339579,0.999793
val_cc,0.000076,0.339555,0.999793
val_cc,0.000076,0.339531,0.999793
val_cc,0.000076,0.339507,0.999793
val_cc,0.000076,0.339483,0.999793
val_cc,0.000076,0.339459,0.999793
val_cc,0.000076,0.339435,0.999793
val_cc,0.000076,0.339411,0.999793
val_cc,0.000076,0.339388,0.999793
val_cc,0.000076,0.339364,0.999793
val_cc,0.000076,0.339340,0.999793
val_cc,0.000075,0.339316,0.999793
val_cc,0.000075,0.339292,0.999793
val_cc,0.000075,0.339268,0.999793
val_cc,0.000075,0.339244,0.999793
val_cc,0.000075,0.339220,0.999793
val_cc,0.000075,0.339197,0.999793
val_cc,0.000075,0.339173,0.999793
val_cc,0.000075,0.339149,0.999793
val_cc,0.000075,0.339125,0.999793
val_cc,0.000075,0.339101,0.999793
val_cc,0.000075,0.339077,0.999793
val_cc,0.000075,0.339053,0.999793
val_cc,0.000075,0.339030,0.999793
val_cc,0.000075,0.339006,0.999793
val_cc,0.000075,0.338982,0.999793
val_cc,0.000075,0.338958,0.999793
val_cc,0.000075,0.338934,0.999793
val_cc,0.000075,0.338910,0.999793
val_cc,0.000075,0.338887,0.999793
val_cc,0.000075,0.338863,0.999793
val_cc,0.000075,0.338839,0.999793
val_cc,0.000075,0.338815,0.999793
val_cc,0.000075,0.338791,0.999793
val_cc,0.000075,0.338767,0.999793
val_cc,0.000075,0.338744,0.999793
val_cc,0.000074,0.338720,0.999793
val_cc,0.000074,0.338696,0.999793
val_cc,0.000074,0.338672,0.999793
val_cc,0.000074,0.338648,0.999793
val_cc,0.000074,0.338625,0.999793
val_cc,0.000074,0.338601,0.999793
val_cc,0.000074,0.338577,0.999793
val_cc,0.000074,0.338553,0.999793
val_cc,0.000074,0.338530,0.999793
val_cc,0.000074,0.338506,0.999793
val_cc,0.000074,0.338482,0.999793
val_cc,0.000074,0.338458,0.999793
val_cc,0.000074,0.338435,0.999793
val_cc,0.000074,0.338411,0.999793
val_cc,0.000074,0.338387,0.999793
val_cc,0.000074,0.338363,0.999793
val_cc,0.000074,0.338340,0.999793
val_cc,0.000074,0.338316,0.999793
val_cc,0.000074,0.338292,0.999793
val_cc,0.000074,0.338268,0.999793
val_cc,0.000074,0.338245,0.999793
val_cc,0.000074,0.338221,0.999793
val_cc,0.000073,0.338197,0.999793
val_cc,0.000073,0.338173,0.999793
val_cc,0.000073,0.338150,0.999793
val_cc,0.000073,0.338126,0.999793
val_cc,0.000073,0.338102,0.999793
val_cc,0.000073,0.338079,0.999793
val_cc,0.000073,0.338055,0.999793
val_cc,0.000073,0.338031,0.999793
val_cc,0.000073,0.338007,0.999793
val_cc,0.000073,0.337984,0.999793
val_cc,0.000073,0.337960,0.999793
val_cc,0.000073,0.337936,0.999793
val_cc,0.000073,0.337913,0.999793
val_cc,0.000073,0.337889,0.999793
val_cc,0.000073,0.337865,0.999793
val_cc,0.000073,0.337842,0.999793
val_cc,0.000073,0.337818,0.999793
val_cc,0.000073,0.337794,0.999793
val_cc,0.000073,0.337771,0.999793
val_cc,0.000073,0.337747,0.999793
val_cc,0.000073,0.337723,0.999793
val_cc,0.000072,0.337700,0.999793
val_cc,0.000072,0.337676,0.999793
val_cc,0.000072,0.337652,0.999793
val_cc,0.000072,0.337629,0.999793
val_cc,0.000072,0.337605,0.999793
val_cc,0.000072,0.337581,0.999793
val_cc,0.000072,0.337558,0.999793
val_cc,0.000072,0.337534,0.999793
val_cc,0.000072,0.337511,0.999793
val_cc,0.000072,0.337487,0.999793
val_cc,0.000072,0.337463,0.999793
val_cc,0.000072,0.337440,0.999793
val_cc,0.000072,0.337416,0.999793
val_cc,0.000072,0.337392,0.999793
val_cc,0.000072,0.337369,0.999793
val_cc,0.000072,0.337345,0.999793
val_cc,0.000072,0.337322,0.999793
val_cc,0.000072,0.337298,0.999793
val_cc,0.000072,0.337274,0.999793
val_cc,0.000072,0.337251,0.999793
val_cc,0.000072,0.337227,0.999793
val_cc,0.000071,0.337204,0.999793
val_cc,0.000071,0.337180,0.999793
val_cc,0.000071,0.337156,0.999793
val_cc,0.000071,0.337133,0.999793
val_cc,0.000071,0.337109,0.999793
val_cc,0.000071,0.337086,0.999793
val_cc,0.000071,0.337062,0.999793
val_cc,0.000071,0.337039,0.999793
val_cc,0.000071,0.337015,0.999793
val_cc,0.000071,0.336991,0.999793
val_cc,0.000071,0.336968,0.999793
val_cc,0.000071,0.336944,0.999793
val_cc,0.000071,0.336921,0.999793
val_cc,0.000071,0.336897,0.999793
val_cc,0.000071,0.336874,0.999793
val_cc,0.000071,0.336850,0.999793
val_cc,0.000070,0.336827,0.999793
val_cc,0.000070,0.336803,0.999793
val_cc,0.000070,0.336780,0.999793
val_cc,0.000070,0.336756,0.999793
val_cc,0.000070,0.336733,0.999793
val_cc,0.000070,0.336709,0.999793
val_cc,0.000070,0.336686,0.999793
val_cc,0.000070,0.336662,0.999793
val_cc,0.000070,0.336639,0.999793
val_cc,0.000070,0.336615,0.999793
val_cc,0.000070,0.336591,0.999793
val_cc,0.000070,0.336568,0.999793
val_cc,0.000070,0.336545,0.999793
val_cc,0.000070,0.336521,0.999793
val_cc,0.000070,0.336498,0.999793
val_cc,0.000070,0.336474,0.999793
val_cc,0.000070,0.336451,0.999793
val_cc,0.000070,0.336427,0.999793
val_cc,0.000070,0.336404,0.999793
val_cc,0.000070,0.336380,0.999793
val_cc,0.000070,0.336357,0.999793
val_cc,0.000070,0.336333,0.999793
val_cc,0.000070,0.336310,0.999793
val_cc,0.000070,0.336286,0.999793
val_cc,0.000070,0.336263,0.999793
val_cc,0.000070,0.336239,0.999793
val_cc,0.000069,0.336216,0.999793
val_cc,0.000069,0.336192,0.999793
val_cc,0.000069,0.336169,0.999793
val_cc,0.000069,0.336146,0.999793
val_cc,0.000069,0.336122,0.999793
val_cc,0.000069,0.336099,0.999793
val_cc,0.000069,0.336075,0.999793
val_cc,0.000069,0.336052,0.999793
val_cc,0.000069,0.336028,0.999793
val_cc,0.000069,0.336005,0.999793
val_cc,0.000069,0.335982,0.999793
val_cc,0.000069,0.335958,0.999793
val_cc,0.000069,0.335935,0.999793
val_cc,0.000069,0.335911,0.999793
val_cc,0.000069,0.335888,0.999793
val_cc,0.000069,0.335865,0.999793
val_cc,0.000069,0.335841,0.999793
val_cc,0.000069,0.335818,0.999793
val_cc,0.000069,0.335794,0.999793
val_cc,0.000069,0.335771,0.999793
val_cc,0.000068,0.335748,0.999793
val_cc,0.000068,0.335724,0.999793
val_cc,0.000068,0.335701,0.999793
val_cc,0.000068,0.335677,0.999793
val_cc,0.000068,0.335654,0.999793
val_cc,0.000068,0.335631,0.999793
val_cc,0.000068,0.335607,0.999793
val_cc,0.000068,0.335584,0.999793
val_cc,0.000068,0.335561,0.999793
val_cc,0.000068,0.335537,0.999793
val_cc,0.000068,0.335514,0.999793
val_cc,0.000068,0.335491,0.999793
val_cc,0.000068,0.335467,0.999793
val_cc,0.000068,0.335444,0.999793
val_cc,0.000068,0.335421,0.999793
val_cc,0.000068,0.335397,0.999793
val_cc,0.000068,0.335374,0.999793
val_cc,0.000068,0.335351,0.999793
val_cc,0.000068,0.335327,0.999793
val_cc,0.000068,0.335304,0.999793
val_cc,0.000068,0.335281,0.999793
val_cc,0.000068,0.335257,0.999793
val_cc,0.000068,0.335234,0.999793
val_cc,0.000068,0.335211,0.999793
val_cc,0.000068,0.335187,0.999793
val_cc,0.000067,0.335164,0.999793
val_cc,0.000067,0.335141,0.999793
val_cc,0.000067,0.335117,0.999793
val_cc,0.000067,0.335094,0.999793
val_cc,0.000067,0.335071,0.999793
val_cc,0.000067,0.335048,0.999793
val_cc,0.000067,0.335024,0.999793
val_cc,0.000067,0.335001,0.999793
val_cc,0.000067,0.334978,0.999793
val_cc,0.000067,0.334954,0.999793
val_cc,0.000067,0.334931,0.999793
val_cc,0.000067,0.334908,0.999793
val_cc,0.000067,0.334885,0.999793
val_cc,0.000067,0.334861,0.999793
val_cc,0.000066,0.334838,0.999793
val_cc,0.000066,0.334815,0.999793
val_cc,0.000066,0.334792,0.999793
val_cc,0.000066,0.334768,0.999793
val_cc,0.000066,0.334745,0.999793
val_cc,0.000066,0.334722,0.999793
val_cc,0.000066,0.334699,0.999793
val_cc,0.000066,0.334675,0.999793
val_cc,0.000066,0.334652,0.999793
val_cc,0.000066,0.334629,0.999793
val_cc,0.000066,0.334606,0.999793
val_cc,0.000066,0.334583,0.999793
val_cc,0.000065,0.334559,0.999793
val_cc,0.000065,0.334536,0.999793
val_cc,0.000065,0.334513,0.999793
val_cc,0.000065,0.334490,0.999793
val_cc,0.000065,0.334466,0.999793
val_cc,0.000065,0.334443,0.999793
val_cc,0.000065,0.334420,0.999793
val_cc,0.000065,0.334397,0.999793
val_cc,0.000065,0.334374,0.999793
val_cc,0.000065,0.334351,0.999793
val_cc,0.000065,0.334327,0.999793
val_cc,0.000065,0.334304,0.999793
val_cc,0.000065,0.334281,0.999793
val_cc,0.000065,0.334258,0.999793
val_cc,0.000065,0.334235,0.999793
val_cc,0.000065,0.334211,0.999793
val_cc,0.000065,0.334188,0.999793
val_cc,0.000065,0.334165,0.999793
val_cc,0.000065,0.334142,0.999793
val_cc,0.000065,0.334119,0.999793
val_cc,0.000064,0.334096,0.999793
val_cc,0.000064,0.334072,0.999793
val_cc,0.000064,0.334049,0.999793
val_cc,0.000064,0.334026,0.999793
val_cc,0.000064,0.334003,0.999793
val_cc,0.000064,0.333980,0.999793
val_cc,0.000064,0.333957,0.999793
val_cc,0.000064,0.333934,0.999793
val_cc,0.000064,0.333911,0.999793
val_cc,0.000064,0.333887,0.999793
val_cc,0.000064,0.333864,0.999793
val_cc,0.000064,0.333841,0.999793
val_cc,0.000064,0.333818,0.999793
val_cc,0.000064,0.333795,0.999793
val_cc,0.000064,0.333772,0.999793
val_cc,0.000064,0.333749,0.999793
val_cc,0.000064,0.333726,0.999793
val_cc,0.000064,0.333702,0.999793
val_cc,0.000064,0.333679,0.999793
val_cc,0.000064,0.333656,0.999793
val_cc,0.000064,0.333633,0.999793
val_cc,0.000064,0.333610,0.999793
val_cc,0.000064,0.333587,0.999793
val_cc,0.000063,0.333564,0.999793
val_cc,0.000063,0.333541,0.999793
val_cc,0.000063,0.333518,0.999793
val_cc,0.000063,0.333495,0.999793
val_cc,0.000063,0.333472,0.999793
val_cc,0.000063,0.333449,0.999793
val_cc,0.000063,0.333426,0.999793
val_cc,0.000063,0.333402,0.999793
val_cc,0.000063,0.333379,0.999793
val_cc,0.000063,0.333356,0.999793
val_cc,0.000063,0.333333,0.999793
val_cc,0.000063,0.333310,0.999793
val_cc,0.000063,0.333287,0.999793
val_cc,0.000063,0.333264,0.999793
val_cc,0.000063,0.333241,0.999793
val_cc,0.000063,0.333218,0.999793
val_cc,0.000063,0.333195,0.999793
val_cc,0.000063,0.333172,0.999793
val_cc,0.000063,0.333149,0.999793
val_cc,0.000063,0.333126,0.999793
val_cc,0.000063,0.333103,0.999793
val_cc,0.000063,0.333080,0.999793
val_cc,0.000063,0.333057,0.999793
val_cc,0.000063,0.333034,0.999793
val_cc,0.000063,0.333011,0.999793
val_cc,0.000063,0.332988,0.999793
val_cc,0.000063,0.332965,0.999793
val_cc,0.000063,0.332942,0.999793
val_cc,0.000062,0.332919,0.999793
val_cc,0.000062,0.332896,0.999793
val_cc,0.000062,0.332873,0.999793
val_cc,0.000062,0.332850,0.999793
val_cc,0.000062,0.332827,0.999793
val_cc,0.000062,0.332804,0.999793
val_cc,0.000062,0.332781,0.999793
val_cc,0.000062,0.332758,0.999793
val_cc,0.000062,0.332735,0.999793
val_cc,0.000062,0.332712,0.999793
val_cc,0.000062,0.332689,0.999793
val_cc,0.000062,0.332666,0.999793
val_cc,0.000062,0.332643,0.999793
val_cc,0.000062,0.332620,0.999793
val_cc,0.000062,0.332597,0.999793
val_cc,0.000062,0.332575,0.999793
val_cc,0.000062,0.332552,0.999793
val_cc,0.000062,0.332529,0.999793
val_cc,0.000061,0.332506,0.999793
val_cc,0.000061,0.332483,0.999793
val_cc,0.000061,0.332460,0.999793
val_cc,0.000061,0.332437,0.999793
val_cc,0.000061,0.332414,0.999793
val_cc,0.000061,0.332391,0.999793
val_cc,0.000061,0.332368,0.999793
val_cc,0.000061,0.332345,0.999793
val_cc,0.000061,0.332322,0.999793
val_cc,0.000061,0.332299,0.999793
val_cc,0.000061,0.332277,0.999793
val_cc,0.000061,0.332254,0.999793
val_cc,0.000061,0.332231,0.999793
val_cc,0.000061,0.332208,0.999793
val_cc,0.000061,0.332185,0.999793
val_cc,0.000061,0.332162,0.999793
val_cc,0.000061,0.332139,0.999793
val_cc,0.000061,0.332116,0.999793
val_cc,0.000061,0.332093,0.999793
val_cc,0.000060,0.332071,0.999793
val_cc,0.000060,0.332048,0.999793
val_cc,0.000060,0.332025,0.999793
val_cc,0.000060,0.332002,0.999793
val_cc,0.000060,0.331979,0.999793
val_cc,0.000060,0.331956,0.999793
val_cc,0.000060,0.331933,0.999793
val_cc,0.000060,0.331910,0.999793
val_cc,0.000060,0.331888,0.999793
val_cc,0.000060,0.331865,0.999793
val_cc,0.000060,0.331842,0.999793
val_cc,0.000060,0.331819,0.999793
val_cc,0.000060,0.331796,0.999793
val_cc,0.000060,0.331773,0.999793
val_cc,0.000060,0.331751,0.999793
val_cc,0.000060,0.331728,0.999793
val_cc,0.000060,0.331705,0.999793
val_cc,0.000060,0.331682,0.999793
val_cc,0.000060,0.331659,0.999793
val_cc,0.000059,0.331637,0.999793
val_cc,0.000059,0.331614,0.999793
val_cc,0.000059,0.331591,0.999793
val_cc,0.000059,0.331568,0.999793
val_cc,0.000059,0.331545,0.999793
val_cc,0.000059,0.331522,0.999793
val_cc,0.000059,0.331500,0.999793
val_cc,0.000059,0.331477,0.999793
val_cc,0.000059,0.331454,0.999793
val_cc,0.000059,0.331431,0.999793
val_cc,0.000059,0.331409,0.999793
val_cc,0.000059,0.331386,0.999793
val_cc,0.000059,0.331363,0.999793
val_cc,0.000059,0.331340,0.999793
val_cc,0.000059,0.331317,0.999793
val_cc,0.000059,0.331295,0.999793
val_cc,0.000059,0.331272,0.999793
val_cc,0.000059,0.331249,0.999793
val_cc,0.000059,0.331226,0.999793
val_cc,0.000059,0.331204,0.999793
val_cc,0.000059,0.331181,0.999793
val_cc,0.000059,0.331158,0.999793
val_cc,0.000059,0.331135,0.999793
val_cc,0.000059,0.331113,0.999793
val_cc,0.000059,0.331090,0.999793
val_cc,0.000059,0.331067,0.999793
val_cc,0.000059,0.331044,0.999793
val_cc,0.000059,0.331022,0.999793
val_cc,0.000059,0.330999,0.999793
val_cc,0.000059,0.330976,0.999793
val_cc,0.000059,0.330954,0.999793
val_cc,0.000059,0.330931,0.999793
val_cc,0.000059,0.330908,0.999793
val_cc,0.000059,0.330885,0.999793
val_cc,0.000058,0.330863,0.999793
val_cc,0.000058,0.330840,0.999793
val_cc,0.000058,0.330817,0.999793
val_cc,0.000058,0.330795,0.999793
val_cc,0.000058,0.330772,0.999793
val_cc,0.000058,0.330749,0.999793
val_cc,0.000058,0.330726,0.999793
val_cc,0.000058,0.330704,0.999793
val_cc,0.000058,0.330681,0.999793
val_cc,0.000058,0.330658,0.999793
val_cc,0.000058,0.330636,0.999793
val_cc,0.000058,0.330613,0.999793
val_cc,0.000058,0.330590,0.999793
val_cc,0.000058,0.330568,0.999793
val_cc,0.000058,0.330545,0.999793
val_cc,0.000058,0.330522,0.999793
val_cc,0.000058,0.330500,0.999793
val_cc,0.000058,0.330477,0.999793
val_cc,0.000058,0.330454,0.999793
val_cc,0.000058,0.330432,0.999793
val_cc,0.000058,0.330409,0.999793
val_cc,0.000058,0.330387,0.999793
val_cc,0.000058,0.330364,0.999793
val_cc,0.000058,0.330341,0.999793
val_cc,0.000058,0.330319,0.999793
val_cc,0.000058,0.330296,0.999793
val_cc,0.000058,0.330273,0.999793
val_cc,0.000058,0.330251,0.999793
val_cc,0.000058,0.330228,0.999793
val_cc,0.000058,0.330205,0.999793
val_cc,0.000058,0.330183,0.999793
val_cc,0.000057,0.330160,0.999793
val_cc,0.000057,0.330138,0.999793
val_cc,0.000057,0.330115,0.999793
val_cc,0.000057,0.330092,0.999793
val_cc,0.000057,0.330070,0.999793
val_cc,0.000057,0.330047,0.999793
val_cc,0.000057,0.330025,0.999793
val_cc,0.000057,0.330002,0.999793
val_cc,0.000057,0.329979,0.999793
val_cc,0.000057,0.329957,0.999793
val_cc,0.000057,0.329934,0.999793
val_cc,0.000057,0.329912,0.999793
val_cc,0.000057,0.329889,0.999793
val_cc,0.000057,0.329867,0.999793
val_cc,0.000057,0.329844,0.999793
val_cc,0.000057,0.329821,0.999793
val_cc,0.000057,0.329799,0.999793
val_cc,0.000057,0.329776,0.999793
val_cc,0.000057,0.329754,0.999793
val_cc,0.000057,0.329731,0.999793
val_cc,0.000057,0.329709,0.999793
val_cc,0.000057,0.329686,0.999793
val_cc,0.000056,0.329664,0.999793
val_cc,0.000056,0.329641,0.999793
val_cc,0.000056,0.329618,0.999793
val_cc,0.000056,0.329596,0.999793
val_cc,0.000056,0.329573,0.999793
val_cc,0.000056,0.329551,0.999793
val_cc,0.000056,0.329528,0.999793
val_cc,0.000056,0.329506,0.999793
val_cc,0.000056,0.329483,0.999793
val_cc,0.000056,0.329461,0.999793
val_cc,0.000056,0.329438,0.999793
val_cc,0.000056,0.329416,0.999793
val_cc,0.000056,0.329393,0.999793
val_cc,0.000056,0.329371,0.999793
val_cc,0.000056,0.329348,0.999793
val_cc,0.000056,0.329326,0.999793
val_cc,0.000056,0.329303,0.999793
val_cc,0.000056,0.329281,0.999793
val_cc,0.000055,0.329258,0.999793
val_cc,0.000055,0.329236,0.999793
val_cc,0.000055,0.329213,0.999793
val_cc,0.000055,0.329191,0.999793
val_cc,0.000055,0.329168,0.999793
val_cc,0.000055,0.329146,0.999793
val_cc,0.000055,0.329123,0.999793
val_cc,0.000055,0.329101,0.999793
val_cc,0.000055,0.329078,0.999793
val_cc,0.000055,0.329056,0.999793
val_cc,0.000055,0.329034,0.999793
val_cc,0.000055,0.329011,0.999793
val_cc,0.000055,0.328989,0.999793
val_cc,0.000055,0.328966,0.999793
val_cc,0.000055,0.328944,0.999793
val_cc,0.000055,0.328921,0.999793
val_cc,0.000055,0.328899,0.999793
val_cc,0.000055,0.328876,0.999793
val_cc,0.000055,0.328854,0.999793
val_cc,0.000055,0.328832,0.999793
val_cc,0.000055,0.328809,0.999793
val_cc,0.000055,0.328787,0.999793
val_cc,0.000055,0.328764,0.999793
val_cc,0.000055,0.328742,0.999793
val_cc,0.000055,0.328719,0.999793
val_cc,0.000055,0.328697,0.999793
val_cc,0.000055,0.328675,0.999793
val_cc,0.000055,0.328652,0.999793
val_cc,0.000054,0.328630,0.999793
val_cc,0.000054,0.328607,0.999793
val_cc,0.000054,0.328585,0.999793
val_cc,0.000054,0.328563,0.999793
val_cc,0.000054,0.328540,0.999793
val_cc,0.000054,0.328518,0.999793
val_cc,0.000054,0.328496,0.999793
val_cc,0.000054,0.328473,0.999793
val_cc,0.000054,0.328451,0.999793
val_cc,0.000054,0.328428,0.999793
val_cc,0.000054,0.328406,0.999793
val_cc,0.000054,0.328384,0.999793
val_cc,0.000054,0.328361,0.999793
val_cc,0.000054,0.328339,0.999793
val_cc,0.000054,0.328317,0.999793
val_cc,0.000054,0.328294,0.999793
val_cc,0.000054,0.328272,0.999793
val_cc,0.000054,0.328249,0.999793
val_cc,0.000054,0.328227,0.999793
val_cc,0.000054,0.328205,0.999793
val_cc,0.000054,0.328182,0.999793
val_cc,0.000054,0.328160,0.999793
val_cc,0.000054,0.328138,0.999793
val_cc,0.000054,0.328115,0.999793
val_cc,0.000053,0.328093,0.999793
val_cc,0.000053,0.328071,0.999793
val_cc,0.000053,0.328048,0.999793
val_cc,0.000053,0.328026,0.999793
val_cc,0.000053,0.328004,0.999793
val_cc,0.000053,0.327981,0.999793
val_cc,0.000053,0.327959,0.999793
val_cc,0.000053,0.327937,0.999793
val_cc,0.000053,0.327915,0.999793
val_cc,0.000053,0.327892,0.999793
val_cc,0.000053,0.327870,0.999793
val_cc,0.000053,0.327848,0.999793
val_cc,0.000053,0.327825,0.999793
val_cc,0.000053,0.327803,0.999793
val_cc,0.000053,0.327781,0.999793
val_cc,0.000053,0.327759,0.999793
val_cc,0.000053,0.327736,0.999793
val_cc,0.000053,0.327714,0.999793
val_cc,0.000053,0.327692,0.999793
val_cc,0.000053,0.327669,0.999793
val_cc,0.000053,0.327647,0.999793
val_cc,0.000053,0.327625,0.999793
val_cc,0.000053,0.327603,0.999793
val_cc,0.000052,0.327580,0.999793
val_cc,0.000052,0.327558,0.999793
val_cc,0.000052,0.327536,0.999793
val_cc,0.000052,0.327514,0.999793
val_cc,0.000052,0.327491,0.999793
val_cc,0.000052,0.327469,0.999793
val_cc,0.000052,0.327447,0.999793
val_cc,0.000052,0.327425,0.999793
val_cc,0.000052,0.327402,0.999793
val_cc,0.000052,0.327380,0.999793
val_cc,0.000052,0.327358,0.999793
val_cc,0.000052,0.327336,0.999793
val_cc,0.000052,0.327313,0.999793
val_cc,0.000052,0.327291,0.999793
val_cc,0.000052,0.327269,0.999793
val_cc,0.000052,0.327247,0.999793
val_cc,0.000052,0.327225,0.999793
val_cc,0.000052,0.327202,0.999793
val_cc,0.000052,0.327180,0.999793
val_cc,0.000052,0.327158,0.999793
val_cc,0.000052,0.327136,0.999793
val_cc,0.000052,0.327114,0.999793
val_cc,0.000052,0.327091,0.999793
val_cc,0.000052,0.327069,0.999793
val_cc,0.000051,0.327047,0.999793
val_cc,0.000051,0.327025,0.999793
val_cc,0.000051,0.327003,0.999793
val_cc,0.000051,0.326980,0.999793
val_cc,0.000051,0.326958,0.999793
val_cc,0.000051,0.326936,0.999793
val_cc,0.000051,0.326914,0.999793
val_cc,0.000051,0.326892,0.999793
val_cc,0.000051,0.326870,0.999793
val_cc,0.000051,0.326847,0.999793
val_cc,0.000051,0.326825,0.999793
val_cc,0.000051,0.326803,0.999793
val_cc,0.000051,0.326781,0.999793
val_cc,0.000051,0.326759,0.999793
val_cc,0.000051,0.326737,0.999793
val_cc,0.000051,0.326715,0.999793
val_cc,0.000051,0.326692,0.999793
val_cc,0.000051,0.326670,0.999793
val_cc,0.000051,0.326648,0.999793
val_cc,0.000050,0.326626,0.999793
val_cc,0.000050,0.326604,0.999793
val_cc,0.000050,0.326582,0.999793
val_cc,0.000050,0.326560,0.999793
val_cc,0.000050,0.326538,0.999793
val_cc,0.000050,0.326515,0.999793
val_cc,0.000050,0.326493,0.999793
val_cc,0.000050,0.326471,0.999793
val_cc,0.000050,0.326449,0.999793
val_cc,0.000050,0.326427,0.999793
val_cc,0.000050,0.326405,0.999793
val_cc,0.000050,0.326383,0.999793
val_cc,0.000050,0.326361,0.999793
val_cc,0.000050,0.326339,0.999793
val_cc,0.000050,0.326317,0.999793
val_cc,0.000050,0.326294,0.999793
val_cc,0.000050,0.326272,0.999793
val_cc,0.000050,0.326250,0.999793
val_cc,0.000050,0.326228,0.999793
val_cc,0.000050,0.326206,0.999793
val_cc,0.000050,0.326184,0.999793
val_cc,0.000050,0.326162,0.999793
val_cc,0.000050,0.326140,0.999793
val_cc,0.000050,0.326118,0.999793
val_cc,0.000050,0.326096,0.999793
val_cc,0.000050,0.326074,0.999793
val_cc,0.000050,0.326052,0.999793
val_cc,0.000050,0.326030,0.999793
val_cc,0.000050,0.326008,0.999793
val_cc,0.000050,0.325986,0.999793
val_cc,0.000050,0.325963,0.999793
val_cc,0.000050,0.325941,0.999793
val_cc,0.000050,0.325919,0.999793
val_cc,0.000050,0.325897,0.999793
val_cc,0.000050,0.325875,0.999793
val_cc,0.000049,0.325853,0.999793
val_cc,0.000049,0.325831,0.999793
val_cc,0.000049,0.325809,0.999793
val_cc,0.000049,0.325787,0.999793
val_cc,0.000049,0.325765,0.999793
val_cc,0.000049,0.325743,0.999793
val_cc,0.000049,0.325721,0.999793
val_cc,0.000049,0.325699,0.999793
val_cc,0.000049,0.325677,0.999793
val_cc,0.000049,0.325655,0.999793
val_cc,0.000049,0.325633,0.999793
val_cc,0.000049,0.325611,0.999793
val_cc,0.000049,0.325589,0.999793
val_cc,0.000049,0.325567,0.999793
val_cc,0.000049,0.325545,0.999793
val_cc,0.000049,0.325523,0.999793
val_cc,0.000049,0.325501,0.999793
val_cc,0.000049,0.325479,0.999793
val_cc,0.000049,0.325457,0.999793
val_cc,0.000049,0.325435,0.999793
val_cc,0.000049,0.325413,0.999793
val_cc,0.000049,0.325391,0.999793
val_cc,0.000048,0.325370,0.999793
val_cc,0.000048,0.325348,0.999793
val_cc,0.000048,0.325326,0.999793
val_cc,0.000048,0.325304,0.999793
val_cc,0.000048,0.325282,0.999793
val_cc,0.000048,0.325260,0.999793
val_cc,0.000048,0.325238,0.999793
val_cc,0.000048,0.325216,0.999793
val_cc,0.000048,0.325194,0.999793
val_cc,0.000048,0.325172,0.999793
val_cc,0.000048,0.325150,0.999793
val_cc,0.000048,0.325128,0.999793
val_cc,0.000048,0.325106,0.999793
val_cc,0.000048,0.325084,0.999793
val_cc,0.000048,0.325062,0.999793
val_cc,0.000048,0.325040,0.999793
val_cc,0.000048,0.325019,0.999793
val_cc,0.000048,0.324997,0.999793
val_cc,0.000048,0.324975,0.999793
val_cc,0.000048,0.324953,0.999793
val_cc,0.000048,0.324931,0.999793
val_cc,0.000048,0.324909,0.999793
val_cc,0.000048,0.324887,0.999793
val_cc,0.000048,0.324865,0.999793
val_cc,0.000048,0.324843,0.999793
val_cc,0.000048,0.324821,0.999793
val_cc,0.000048,0.324800,0.999793
val_cc,0.000048,0.324778,0.999793
val_cc,0.000048,0.324756,0.999793
val_cc,0.000048,0.324734,0.999793
val_cc,0.000048,0.324712,0.999793
val_cc,0.000048,0.324690,0.999793
val_cc,0.000048,0.324668,0.999793
val_cc,0.000048,0.324646,0.999793
val_cc,0.000048,0.324625,0.999793
val_cc,0.000048,0.324603,0.999793
val_cc,0.000048,0.324581,0.999793
val_cc,0.000047,0.324559,0.999793
val_cc,0.000047,0.324537,0.999793
val_cc,0.000047,0.324515,0.999793
val_cc,0.000047,0.324494,0.999793
val_cc,0.000047,0.324472,0.999793
val_cc,0.000047,0.324450,0.999793
val_cc,0.000047,0.324428,0.999793
val_cc,0.000047,0.324406,0.999793
val_cc,0.000047,0.324384,0.999793
val_cc,0.000047,0.324363,0.999793
val_cc,0.000047,0.324341,0.999793
val_cc,0.000047,0.324319,0.999793
val_cc,0.000047,0.324297,0.999793
val_cc,0.000047,0.324275,0.999793
val_cc,0.000047,0.324253,0.999793
val_cc,0.000047,0.324232,0.999793
val_cc,0.000046,0.324210,0.999793
val_cc,0.000046,0.324188,0.999793
val_cc,0.000046,0.324166,0.999793
val_cc,0.000046,0.324144,0.999793
val_cc,0.000046,0.324123,0.999793
val_cc,0.000046,0.324101,0.999793
val_cc,0.000046,0.324079,0.999793
val_cc,0.000046,0.324057,0.999793
val_cc,0.000046,0.324035,0.999793
val_cc,0.000046,0.324014,0.999793
val_cc,0.000046,0.323992,0.999793
val_cc,0.000046,0.323970,0.999793
val_cc,0.000046,0.323948,0.999793
val_cc,0.000046,0.323927,0.999793
val_cc,0.000046,0.323905,0.999793
val_cc,0.000046,0.323883,0.999793
val_cc,0.000046,0.323861,0.999793
val_cc,0.000046,0.323840,0.999793
val_cc,0.000046,0.323818,0.999793
val_cc,0.000046,0.323796,0.999793
val_cc,0.000046,0.323774,0.999793
val_cc,0.000046,0.323753,0.999793
val_cc,0.000046,0.323731,0.999793
val_cc,0.000046,0.323709,0.999793
val_cc,0.000046,0.323687,0.999793
val_cc,0.000046,0.323666,0.999793
val_cc,0.000046,0.323644,0.999793
val_cc,0.000046,0.323622,0.999793
val_cc,0.000046,0.323600,0.999793
val_cc,0.000046,0.323579,0.999793
val_cc,0.000046,0.323557,0.999793
val_cc,0.000046,0.323535,0.999793
val_cc,0.000046,0.323514,0.999793
val_cc,0.000045,0.323492,0.999793
val_cc,0.000045,0.323470,0.999793
val_cc,0.000045,0.323449,0.999793
val_cc,0.000045,0.323427,0.999793
val_cc,0.000045,0.323405,0.999793
val_cc,0.000045,0.323383,0.999793
val_cc,0.000045,0.323362,0.999793
val_cc,0.000045,0.323340,0.999793
val_cc,0.000045,0.323318,0.999793
val_cc,0.000045,0.323297,0.999793
val_cc,0.000045,0.323275,0.999793
val_cc,0.000045,0.323253,0.999793
val_cc,0.000045,0.323232,0.999793
val_cc,0.000045,0.323210,0.999793
val_cc,0.000045,0.323188,0.999793
val_cc,0.000045,0.323167,0.999793
val_cc,0.000045,0.323145,0.999793
val_cc,0.000045,0.323123,0.999793
val_cc,0.000045,0.323102,0.999793
val_cc,0.000045,0.323080,0.999793
val_cc,0.000045,0.323058,0.999793
val_cc,0.000045,0.323037,0.999793
val_cc,0.000045,0.323015,0.999793
val_cc,0.000045,0.322993,0.999793
val_cc,0.000045,0.322972,0.999793
val_cc,0.000045,0.322950,0.999793
val_cc,0.000045,0.322929,0.999793
val_cc,0.000044,0.322907,0.999793
val_cc,0.000044,0.322885,0.999793
val_cc,0.000044,0.322864,0.999793
val_cc,0.000044,0.322842,0.999793
val_cc,0.000044,0.322820,0.999793
val_cc,0.000044,0.322799,0.999793
val_cc,0.000044,0.322777,0.999793
val_cc,0.000044,0.322756,0.999793
val_cc,0.000044,0.322734,0.999793
val_cc,0.000044,0.322712,0.999793
val_cc,0.000044,0.322691,0.999793
val_cc,0.000044,0.322669,0.999793
val_cc,0.000044,0.322648,0.999793
val_cc,0.000044,0.322626,0.999793
val_cc,0.000044,0.322604,0.999793
val_cc,0.000044,0.322583,0.999793
val_cc,0.000044,0.322561,0.999793
val_cc,0.000044,0.322540,0.999793
val_cc,0.000044,0.322518,0.999793
val_cc,0.000044,0.322496,0.999793
val_cc,0.000044,0.322475,0.999793
val_cc,0.000044,0.322453,0.999793
val_cc,0.000044,0.322432,0.999793
val_cc,0.000044,0.322410,0.999793
val_cc,0.000044,0.322389,0.999793
val_cc,0.000044,0.322367,0.999793
val_cc,0.000044,0.322346,0.999793
val_cc,0.000044,0.322324,0.999793
val_cc,0.000044,0.322302,0.999793
val_cc,0.000044,0.322281,0.999793
val_cc,0.000044,0.322259,0.999793
val_cc,0.000044,0.322238,0.999793
val_cc,0.000044,0.322216,0.999793
val_cc,0.000043,0.322195,0.999793
val_cc,0.000043,0.322173,0.999793
val_cc,0.000043,0.322152,0.999793
val_cc,0.000043,0.322130,0.999793
val_cc,0.000043,0.322109,0.999793
val_cc,0.000043,0.322087,0.999793
val_cc,0.000043,0.322066,0.999793
val_cc,0.000043,0.322044,0.999793
val_cc,0.000043,0.322023,0.999793
val_cc,0.000043,0.322001,0.999793
val_cc,0.000043,0.321980,0.999793
val_cc,0.000043,0.321958,0.999793
val_cc,0.000043,0.321937,0.999793
val_cc,0.000043,0.321915,0.999793
val_cc,0.000043,0.321894,0.999793
val_cc,0.000043,0.321872,0.999793
val_cc,0.000043,0.321851,0.999793
val_cc,0.000043,0.321829,0.999793
val_cc,0.000043,0.321808,0.999793
val_cc,0.000043,0.321786,0.999793
val_cc,0.000043,0.321765,0.999793
val_cc,0.000043,0.321743,0.999793
val_cc,0.000043,0.321722,0.999793
val_cc,0.000043,0.321700,0.999793
val_cc,0.000043,0.321679,0.999793
val_cc,0.000043,0.321657,0.999793
val_cc,0.000043,0.321636,0.999793
val_cc,0.000043,0.321614,0.999793
val_cc,0.000042,0.321593,0.999793
val_cc,0.000042,0.321572,0.999793
val_cc,0.000042,0.321550,0.999793
val_cc,0.000042,0.321529,0.999793
val_cc,0.000042,0.321507,0.999793
val_cc,0.000042,0.321486,0.999793
val_cc,0.000042,0.321464,0.999793
val_cc,0.000042,0.321443,0.999793
val_cc,0.000042,0.321421,0.999793
val_cc,0.000042,0.321400,0.999793
val_cc,0.000042,0.321379,0.999793
val_cc,0.000042,0.321357,0.999793
val_cc,0.000042,0.321336,0.999793
val_cc,0.000042,0.321314,0.999793
val_cc,0.000042,0.321293,0.999793
val_cc,0.000042,0.321271,0.999793
val_cc,0.000042,0.321250,0.999793
val_cc,0.000042,0.321229,0.999793
val_cc,0.000042,0.321207,0.999793
val_cc,0.000042,0.321186,0.999793
val_cc,0.000042,0.321164,0.999793
val_cc,0.000042,0.321143,0.999793
val_cc,0.000042,0.321122,0.999793
val_cc,0.000042,0.321100,0.999793
val_cc,0.000042,0.321079,0.999793
val_cc,0.000042,0.321058,0.999793
val_cc,0.000042,0.321036,0.999793
val_cc,0.000042,0.321015,0.999793
val_cc,0.000042,0.320993,0.999793
val_cc,0.000042,0.320972,0.999793
val_cc,0.000042,0.320951,0.999793
val_cc,0.000042,0.320929,0.999793
val_cc,0.000042,0.320908,0.999793
val_cc,0.000042,0.320887,0.999793
val_cc,0.000041,0.320865,0.999793
val_cc,0.000041,0.320844,0.999793
val_cc,0.000041,0.320823,0.999793
val_cc,0.000041,0.320801,0.999793
val_cc,0.000041,0.320780,0.999793
val_cc,0.000041,0.320758,0.999793
val_cc,0.000041,0.320737,0.999793
val_cc,0.000041,0.320716,0.999793
val_cc,0.000041,0.320694,0.999793
val_cc,0.000041,0.320673,0.999793
val_cc,0.000041,0.320652,0.999793
val_cc,0.000041,0.320630,0.999793
val_cc,0.000041,0.320609,0.999793
val_cc,0.000041,0.320588,0.999793
val_cc,0.000041,0.320567,0.999793
val_cc,0.000041,0.320545,0.999793
val_cc,0.000041,0.320524,0.999793
val_cc,0.000041,0.320503,0.999793
val_cc,0.000041,0.320481,0.999793
val_cc,0.000041,0.320460,0.999793
val_cc,0.000041,0.320439,0.999793
val_cc,0.000041,0.320417,0.999793
val_cc,0.000041,0.320396,0.999793
val_cc,0.000041,0.320375,0.999793
val_cc,0.000041,0.320354,0.999793
val_cc,0.000041,0.320332,0.999793
val_cc,0.000041,0.320311,0.999793
val_cc,0.000041,0.320290,0.999793
val_cc,0.000041,0.320268,0.999793
val_cc,0.000041,0.320247,0.999793
val_cc,0.000041,0.320226,0.999793
val_cc,0.000041,0.320205,0.999793
val_cc,0.000041,0.320183,0.999793
val_cc,0.000041,0.320162,0.999793
val_cc,0.000041,0.320141,0.999793
val_cc,0.000041,0.320120,0.999793
val_cc,0.000041,0.320098,0.999793
val_cc,0.000041,0.320077,0.999793
val_cc,0.000041,0.320056,0.999793
val_cc,0.000041,0.320035,0.999793
val_cc,0.000041,0.320013,0.999793
val_cc,0.000041,0.319992,0.999793
val_cc,0.000041,0.319971,0.999793
val_cc,0.000041,0.319950,0.999793
val_cc,0.000041,0.319928,0.999793
val_cc,0.000040,0.319907,0.999793
val_cc,0.000040,0.319886,0.999793
val_cc,0.000040,0.319865,0.999793
val_cc,0.000040,0.319843,0.999793
val_cc,0.000040,0.319822,0.999793
val_cc,0.000040,0.319801,0.999793
val_cc,0.000040,0.319780,0.999793
val_cc,0.000040,0.319759,0.999793
val_cc,0.000040,0.319737,0.999793
val_cc,0.000040,0.319716,0.999793
val_cc,0.000040,0.319695,0.999793
val_cc,0.000040,0.319674,0.999793
val_cc,0.000040,0.319653,0.999793
val_cc,0.000040,0.319631,0.999793
val_cc,0.000040,0.319610,0.999793
val_cc,0.000040,0.319589,0.999793
val_cc,0.000040,0.319568,0.999793
val_cc,0.000040,0.319547,0.999793
val_cc,0.000040,0.319525,0.999793
val_cc,0.000040,0.319504,0.999793
val_cc,0.000040,0.319483,0.999793
val_cc,0.000040,0.319462,0.999793
val_cc,0.000040,0.319441,0.999793
val_cc,0.000040,0.319420,0.999793
val_cc,0.000040,0.319398,0.999793
val_cc,0.000040,0.319377,0.999793
val_cc,0.000040,0.319356,0.999793
val_cc,0.000040,0.319335,0.999793
val_cc,0.000040,0.319314,0.999793
val_cc,0.000040,0.319293,0.999793
val_cc,0.000040,0.319272,0.999793
val_cc,0.000040,0.319250,0.999793
val_cc,0.000040,0.319229,0.999793
val_cc,0.000040,0.319208,0.999793
val_cc,0.000040,0.319187,0.999793
val_cc,0.000040,0.319166,0.999793
val_cc,0.000040,0.319145,0.999793
val_cc,0.000039,0.319124,0.999793
val_cc,0.000039,0.319102,0.999793
val_cc,0.000039,0.319081,0.999793
val_cc,0.000039,0.319060,0.999793
val_cc,0.000039,0.319039,0.999793
val_cc,0.000039,0.319018,0.999793
val_cc,0.000039,0.318997,0.999793
val_cc,0.000039,0.318976,0.999793
val_cc,0.000039,0.318955,0.999793
val_cc,0.000039,0.318934,0.999793
val_cc,0.000039,0.318912,0.999793
val_cc,0.000039,0.318891,0.999793
val_cc,0.000039,0.318870,0.999793
val_cc,0.000039,0.318849,0.999793
val_cc,0.000039,0.318828,0.999793
val_cc,0.000039,0.318807,0.999793
val_cc,0.000039,0.318786,0.999793
val_cc,0.000039,0.318765,0.999793
val_cc,0.000039,0.318744,0.999793
val_cc,0.000039,0.318723,0.999793
val_cc,0.000039,0.318702,0.999793
val_cc,0.000039,0.318681,0.999793
val_cc,0.000039,0.318660,0.999793
val_cc,0.000039,0.318638,0.999793
val_cc,0.000039,0.318617,0.999793
val_cc,0.000039,0.318596,0.999793
val_cc,0.000039,0.318575,0.999793
val_cc,0.000039,0.318554,0.999793
val_cc,0.000039,0.318533,0.999793
val_cc,0.000039,0.318512,0.999793
val_cc,0.000039,0.318491,0.999793
val_cc,0.000039,0.318470,0.999793
val_cc,0.000039,0.318449,0.999793
val_cc,0.000039,0.318428,0.999793
val_cc,0.000039,0.318407,0.999793
val_cc,0.000039,0.318386,0.999793
val_cc,0.000039,0.318365,0.999793
val_cc,0.000038,0.318344,0.999793
val_cc,0.000038,0.318323,0.999793
val_cc,0.000038,0.318302,0.999793
val_cc,0.000038,0.318281,0.999793
val_cc,0.000038,0.318260,0.999793
val_cc,0.000038,0.318239,0.999793
val_cc,0.000038,0.318218,0.999793
val_cc,0.000038,0.318197,0.999793
val_cc,0.000038,0.318176,0.999793
val_cc,0.000038,0.318155,0.999793
val_cc,0.000038,0.318134,0.999793
val_cc,0.000038,0.318113,0.999793
val_cc,0.000038,0.318092,0.999793
val_cc,0.000038,0.318071,0.999793
val_cc,0.000038,0.318050,0.999793
val_cc,0.000038,0.318029,0.999793
val_cc,0.000038,0.318008,0.999793
val_cc,0.000038,0.317987,0.999793
val_cc,0.000038,0.317966,0.999793
val_cc,0.000038,0.317945,0.999793
val_cc,0.000038,0.317924,0.999793
val_cc,0.000038,0.317903,0.999793
val_cc,0.000038,0.317882,0.999793
val_cc,0.000038,0.317861,0.999793
val_cc,0.000038,0.317840,0.999793
val_cc,0.000038,0.317819,0.999793
val_cc,0.000038,0.317798,0.999793
val_cc,0.000038,0.317777,0.999793
val_cc,0.000038,0.317756,0.999793
val_cc,0.000038,0.317735,0.999793
val_cc,0.000038,0.317715,0.999793
val_cc,0.000038,0.317694,0.999793
val_cc,0.000038,0.317673,0.999793
val_cc,0.000038,0.317652,0.999793
val_cc,0.000038,0.317631,0.999793
val_cc,0.000037,0.317610,0.999793
val_cc,0.000037,0.317589,0.999793
val_cc,0.000037,0.317568,0.999793
val_cc,0.000037,0.317547,0.999793
val_cc,0.000037,0.317526,0.999793
val_cc,0.000037,0.317505,0.999793
val_cc,0.000037,0.317484,0.999793
val_cc,0.000037,0.317463,0.999793
val_cc,0.000037,0.317443,0.999793
val_cc,0.000037,0.317422,0.999793
val_cc,0.000037,0.317401,0.999793
val_cc,0.000037,0.317380,0.999793
val_cc,0.000037,0.317359,0.999793
val_cc,0.000037,0.317338,0.999793
val_cc,0.000037,0.317317,0.999793
val_cc,0.000037,0.317296,0.999793
val_cc,0.000037,0.317275,0.999793
val_cc,0.000037,0.317255,0.999793
val_cc,0.000037,0.317234,0.999793
val_cc,0.000037,0.317213,0.999793
val_cc,0.000037,0.317171,0.999793
val_cc,0.000037,0.317150,0.999793
val_cc,0.000037,0.317129,0.999793
val_cc,0.000037,0.317108,0.999793
val_cc,0.000037,0.317088,0.999793
val_cc,0.000037,0.317067,0.999793
val_cc,0.000037,0.317046,0.999793
val_cc,0.000037,0.317025,0.999793
val_cc,0.000037,0.317004,0.999793
val_cc,0.000036,0.316983,0.999793
val_cc,0.000036,0.316963,0.999793
val_cc,0.000036,0.316942,0.999793
val_cc,0.000036,0.316921,0.999793
val_cc,0.000036,0.316900,0.999793
val_cc,0.000036,0.316879,0.999793
val_cc,0.000036,0.316858,0.999793
val_cc,0.000036,0.316838,0.999793
val_cc,0.000036,0.316817,0.999793
val_cc,0.000036,0.316796,0.999793
val_cc,0.000036,0.316775,0.999793
val_cc,0.000036,0.316754,0.999793
val_cc,0.000036,0.316733,0.999793
val_cc,0.000036,0.316713,0.999793
val_cc,0.000036,0.316692,0.999793
val_cc,0.000036,0.316671,0.999793
val_cc,0.000036,0.316650,0.999793
val_cc,0.000036,0.316629,0.999793
val_cc,0.000036,0.316609,0.999793
val_cc,0.000036,0.316588,0.999793
val_cc,0.000036,0.316567,0.999793
val_cc,0.000036,0.316546,0.999793
val_cc,0.000036,0.316526,0.999793
val_cc,0.000036,0.316505,0.999793
val_cc,0.000036,0.316484,0.999793
val_cc,0.000036,0.316463,0.999793
val_cc,0.000036,0.316442,0.999793
val_cc,0.000035,0.316422,0.999793
val_cc,0.000035,0.316401,0.999793
val_cc,0.000035,0.316380,0.999793
val_cc,0.000035,0.316359,0.999793
val_cc,0.000035,0.316339,0.999793
val_cc,0.000035,0.316318,0.999793
val_cc,0.000035,0.316297,0.999793
val_cc,0.000035,0.316276,0.999793
val_cc,0.000035,0.316256,0.999793
val_cc,0.000035,0.316235,0.999793
val_cc,0.000035,0.316214,0.999793
val_cc,0.000035,0.316193,0.999793
val_cc,0.000035,0.316173,0.999793
val_cc,0.000035,0.316152,0.999793
val_cc,0.000035,0.316131,0.999793
val_cc,0.000035,0.316110,0.999793
val_cc,0.000035,0.316090,0.999793
val_cc,0.000035,0.316069,0.999793
val_cc,0.000035,0.316048,0.999793
val_cc,0.000035,0.316028,0.999793
val_cc,0.000035,0.316007,0.999793
val_cc,0.000035,0.315986,0.999793
val_cc,0.000035,0.315965,0.999793
val_cc,0.000035,0.315945,0.999793
val_cc,0.000035,0.315924,0.999793
val_cc,0.000035,0.315903,0.999793
val_cc,0.000035,0.315883,0.999793
val_cc,0.000035,0.315862,0.999793
val_cc,0.000035,0.315841,0.999793
val_cc,0.000034,0.315821,0.999793
val_cc,0.000034,0.315800,0.999793
val_cc,0.000034,0.315758,0.999793
val_cc,0.000034,0.315738,0.999793
val_cc,0.000034,0.315717,0.999793
val_cc,0.000034,0.315696,0.999793
val_cc,0.000034,0.315676,0.999793
val_cc,0.000034,0.315655,0.999793
val_cc,0.000034,0.315634,0.999793
val_cc,0.000034,0.315614,0.999793
val_cc,0.000034,0.315593,0.999793
val_cc,0.000034,0.315572,0.999793
val_cc,0.000034,0.315552,0.999793
val_cc,0.000034,0.315531,0.999793
val_cc,0.000034,0.315510,0.999793
val_cc,0.000034,0.315490,0.999793
val_cc,0.000034,0.315469,0.999793
val_cc,0.000034,0.315449,0.999793
val_cc,0.000034,0.315428,0.999793
val_cc,0.000034,0.315407,0.999793
val_cc,0.000034,0.315387,0.999793
val_cc,0.000034,0.315366,0.999793
val_cc,0.000034,0.315345,0.999793
val_cc,0.000034,0.315325,0.999793
val_cc,0.000034,0.315284,0.999793
val_cc,0.000034,0.315263,0.999793
val_cc,0.000034,0.315242,0.999793
val_cc,0.000034,0.315222,0.999793
val_cc,0.000034,0.315201,0.999793
val_cc,0.000034,0.315180,0.999793
val_cc,0.000034,0.315160,0.999793
val_cc,0.000034,0.315139,0.999793
val_cc,0.000034,0.315119,0.999793
val_cc,0.000034,0.315098,0.999793
val_cc,0.000034,0.315077,0.999793
val_cc,0.000034,0.315057,0.999793
val_cc,0.000034,0.315036,0.999793
val_cc,0.000034,0.315016,0.999793
val_cc,0.000034,0.314995,0.999793
val_cc,0.000034,0.314975,0.999793
val_cc,0.000034,0.314954,0.999793
val_cc,0.000034,0.314933,0.999793
val_cc,0.000033,0.314913,0.999793
val_cc,0.000033,0.314892,0.999793
val_cc,0.000033,0.314872,0.999793
val_cc,0.000033,0.314851,0.999793
val_cc,0.000033,0.314831,0.999793
val_cc,0.000033,0.314810,0.999793
val_cc,0.000033,0.314789,0.999793
val_cc,0.000033,0.314769,0.999793
val_cc,0.000033,0.314748,0.999793
val_cc,0.000033,0.314728,0.999793
val_cc,0.000033,0.314707,0.999793
val_cc,0.000033,0.314687,0.999793
val_cc,0.000033,0.314666,0.999793
val_cc,0.000033,0.314646,0.999793
val_cc,0.000033,0.314625,0.999793
val_cc,0.000033,0.314605,0.999793
val_cc,0.000033,0.314584,0.999793
val_cc,0.000033,0.314563,0.999793
val_cc,0.000033,0.314543,0.999793
val_cc,0.000033,0.314522,0.999793
val_cc,0.000033,0.314502,0.999793
val_cc,0.000033,0.314481,0.999793
val_cc,0.000033,0.314461,0.999793
val_cc,0.000033,0.314440,0.999793
val_cc,0.000033,0.314420,0.999793
val_cc,0.000033,0.314399,0.999793
val_cc,0.000033,0.314379,0.999793
val_cc,0.000033,0.314358,0.999793
val_cc,0.000033,0.314338,0.999793
val_cc,0.000033,0.314317,0.999793
val_cc,0.000033,0.314297,0.999793
val_cc,0.000033,0.314276,0.999793
val_cc,0.000033,0.314256,0.999793
val_cc,0.000033,0.314235,0.999793
val_cc,0.000033,0.314215,0.999793
val_cc,0.000033,0.314194,0.999793
val_cc,0.000033,0.314174,0.999793
val_cc,0.000033,0.314154,0.999793
val_cc,0.000033,0.314133,0.999793
val_cc,0.000033,0.314113,0.999793
val_cc,0.000033,0.314092,0.999793
val_cc,0.000033,0.314072,0.999793
val_cc,0.000033,0.314051,0.999793
val_cc,0.000033,0.314031,0.999793
val_cc,0.000033,0.314010,0.999793
val_cc,0.000033,0.313990,0.999793
val_cc,0.000032,0.313969,0.999793
val_cc,0.000032,0.313949,0.999793
val_cc,0.000032,0.313929,0.999793
val_cc,0.000032,0.313908,0.999793
val_cc,0.000032,0.313888,0.999793
val_cc,0.000032,0.313867,0.999793
val_cc,0.000032,0.313847,0.999793
val_cc,0.000032,0.313826,0.999793
val_cc,0.000032,0.313806,0.999793
val_cc,0.000032,0.313785,0.999793
val_cc,0.000032,0.313765,0.999793
val_cc,0.000032,0.313745,0.999793
val_cc,0.000032,0.313724,0.999793
val_cc,0.000032,0.313704,0.999793
val_cc,0.000032,0.313683,0.999793
val_cc,0.000032,0.313663,0.999793
val_cc,0.000032,0.313643,0.999793
val_cc,0.000032,0.313622,0.999793
val_cc,0.000032,0.313602,0.999793
val_cc,0.000032,0.313581,0.999793
val_cc,0.000032,0.313561,0.999793
val_cc,0.000032,0.313541,0.999793
val_cc,0.000032,0.313520,0.999793
val_cc,0.000032,0.313500,0.999793
val_cc,0.000032,0.313479,0.999793
val_cc,0.000032,0.313459,0.999793
val_cc,0.000032,0.313439,0.999793
val_cc,0.000032,0.313418,0.999793
val_cc,0.000032,0.313398,0.999793
val_cc,0.000032,0.313378,0.999793
val_cc,0.000032,0.313357,0.999793
val_cc,0.000032,0.313337,0.999793
val_cc,0.000032,0.313316,0.999793
val_cc,0.000032,0.313296,0.999793
val_cc,0.000032,0.313276,0.999793
val_cc,0.000031,0.313255,0.999793
val_cc,0.000031,0.313235,0.999793
val_cc,0.000031,0.313215,0.999793
val_cc,0.000031,0.313194,0.999793
val_cc,0.000031,0.313174,0.999793
val_cc,0.000031,0.313154,0.999793
val_cc,0.000031,0.313133,0.999793
val_cc,0.000031,0.313113,0.999793
val_cc,0.000031,0.313093,0.999793
val_cc,0.000031,0.313072,0.999793
val_cc,0.000031,0.313052,0.999793
val_cc,0.000031,0.313032,0.999793
val_cc,0.000031,0.313011,0.999793
val_cc,0.000031,0.312991,0.999793
val_cc,0.000031,0.312971,0.999793
val_cc,0.000031,0.312950,0.999793
val_cc,0.000031,0.312930,0.999793
val_cc,0.000031,0.312910,0.999793
val_cc,0.000031,0.312889,0.999793
val_cc,0.000031,0.312869,0.999793
val_cc,0.000031,0.312849,0.999793
val_cc,0.000031,0.312828,0.999793
val_cc,0.000031,0.312808,0.999793
val_cc,0.000031,0.312788,0.999793
val_cc,0.000031,0.312768,0.999793
val_cc,0.000031,0.312747,0.999793
val_cc,0.000031,0.312727,0.999793
val_cc,0.000031,0.312707,0.999793
val_cc,0.000031,0.312686,0.999793
val_cc,0.000031,0.312666,0.999793
val_cc,0.000031,0.312646,0.999793
val_cc,0.000031,0.312626,0.999793
val_cc,0.000031,0.312605,0.999793
val_cc,0.000031,0.312585,0.999793
val_cc,0.000031,0.312565,0.999793
val_cc,0.000031,0.312545,0.999793
val_cc,0.000031,0.312524,0.999793
val_cc,0.000031,0.312504,0.999793
val_cc,0.000031,0.312484,0.999793
val_cc,0.000031,0.312464,0.999793
val_cc,0.000031,0.312443,0.999793
val_cc,0.000031,0.312423,0.999793
val_cc,0.000031,0.312403,0.999793
val_cc,0.000031,0.312383,0.999793
val_cc,0.000031,0.312362,0.999793
val_cc,0.000030,0.312342,0.999793
val_cc,0.000030,0.312322,0.999793
val_cc,0.000030,0.312302,0.999793
val_cc,0.000030,0.312281,0.999793
val_cc,0.000030,0.312261,0.999793
val_cc,0.000030,0.312241,0.999793
val_cc,0.000030,0.312221,0.999793
val_cc,0.000030,0.312200,0.999793
val_cc,0.000030,0.312180,0.999793
val_cc,0.000030,0.312160,0.999793
val_cc,0.000030,0.312140,0.999793
val_cc,0.000030,0.312120,0.999793
val_cc,0.000030,0.312099,0.999793
val_cc,0.000030,0.312079,0.999793
val_cc,0.000030,0.312059,0.999793
val_cc,0.000030,0.312039,0.999793
val_cc,0.000030,0.312019,0.999793
val_cc,0.000030,0.311998,0.999793
val_cc,0.000030,0.311978,0.999793
val_cc,0.000030,0.311958,0.999793
val_cc,0.000030,0.311938,0.999793
val_cc,0.000030,0.311918,0.999793
val_cc,0.000030,0.311898,0.999793
val_cc,0.000030,0.311877,0.999793
val_cc,0.000030,0.311857,0.999793
val_cc,0.000030,0.311837,0.999793
val_cc,0.000030,0.311817,0.999793
val_cc,0.000030,0.311797,0.999793
val_cc,0.000030,0.311776,0.999793
val_cc,0.000030,0.311756,0.999793
val_cc,0.000030,0.311736,0.999793
val_cc,0.000030,0.311716,0.999793
val_cc,0.000030,0.311696,0.999793
val_cc,0.000030,0.311676,0.999793
val_cc,0.000030,0.311656,0.999793
val_cc,0.000030,0.311635,0.999793
val_cc,0.000030,0.311615,0.999793
val_cc,0.000030,0.311595,0.999793
val_cc,0.000030,0.311575,0.999793
val_cc,0.000030,0.311555,0.999793
val_cc,0.000030,0.311535,0.999793
val_cc,0.000030,0.311515,0.999793
val_cc,0.000030,0.311494,0.999793
val_cc,0.000030,0.311454,0.999793
val_cc,0.000030,0.311434,0.999793
val_cc,0.000030,0.311414,0.999793
val_cc,0.000030,0.311394,0.999793
val_cc,0.000030,0.311374,0.999793
val_cc,0.000029,0.311354,0.999793
val_cc,0.000029,0.311334,0.999793
val_cc,0.000029,0.311313,0.999793
val_cc,0.000029,0.311293,0.999793
val_cc,0.000029,0.311273,0.999793
val_cc,0.000029,0.311253,0.999793
val_cc,0.000029,0.311233,0.999793
val_cc,0.000029,0.311213,0.999793
val_cc,0.000029,0.311193,0.999793
val_cc,0.000029,0.311173,0.999793
val_cc,0.000029,0.311153,0.999793
val_cc,0.000029,0.311133,0.999793
val_cc,0.000029,0.311113,0.999793
val_cc,0.000029,0.311092,0.999793
val_cc,0.000029,0.311072,0.999793
val_cc,0.000029,0.311052,0.999793
val_cc,0.000029,0.311032,0.999793
val_cc,0.000029,0.311012,0.999793
val_cc,0.000029,0.310992,0.999793
val_cc,0.000029,0.310972,0.999793
val_cc,0.000029,0.310952,0.999793
val_cc,0.000029,0.310932,0.999793
val_cc,0.000029,0.310912,0.999793
val_cc,0.000029,0.310892,0.999793
val_cc,0.000029,0.310872,0.999793
val_cc,0.000029,0.310852,0.999793
val_cc,0.000029,0.310832,0.999793
val_cc,0.000029,0.310812,0.999793
val_cc,0.000029,0.310792,0.999793
val_cc,0.000029,0.310772,0.999793
val_cc,0.000029,0.310752,0.999793
val_cc,0.000029,0.310732,0.999793
val_cc,0.000029,0.310712,0.999793
val_cc,0.000029,0.310691,0.999793
val_cc,0.000029,0.310671,0.999793
val_cc,0.000029,0.310651,0.999793
val_cc,0.000029,0.310631,0.999793
val_cc,0.000029,0.310611,0.999793
val_cc,0.000029,0.310591,0.999793
val_cc,0.000029,0.310571,0.999793
val_cc,0.000029,0.310551,0.999793
val_cc,0.000029,0.310531,0.999793
val_cc,0.000029,0.310511,0.999793
val_cc,0.000029,0.310491,0.999793
val_cc,0.000029,0.310471,0.999793
val_cc,0.000029,0.310451,0.999793
val_cc,0.000029,0.310431,0.999793
val_cc,0.000029,0.310411,0.999793
val_cc,0.000029,0.310391,0.999793
val_cc,0.000028,0.310371,0.999793
val_cc,0.000028,0.310351,0.999793
val_cc,0.000028,0.310332,0.999793
val_cc,0.000028,0.310312,0.999793
val_cc,0.000028,0.310292,0.999793
val_cc,0.000028,0.310272,0.999793
val_cc,0.000028,0.310252,0.999793
val_cc,0.000028,0.310232,0.999793
val_cc,0.000028,0.310212,0.999793
val_cc,0.000028,0.310192,0.999793
val_cc,0.000028,0.310172,0.999793
val_cc,0.000028,0.310152,0.999793
val_cc,0.000028,0.310132,0.999793
val_cc,0.000028,0.310112,0.999793
val_cc,0.000028,0.310092,0.999793
val_cc,0.000028,0.310072,0.999793
val_cc,0.000028,0.310052,0.999793
val_cc,0.000028,0.310032,0.999793
val_cc,0.000028,0.310012,0.999793
val_cc,0.000028,0.309992,0.999793
val_cc,0.000028,0.309972,0.999793
val_cc,0.000028,0.309952,0.999793
val_cc,0.000028,0.309932,0.999793
val_cc,0.000028,0.309913,0.999793
val_cc,0.000028,0.309893,0.999793
val_cc,0.000028,0.309873,0.999793
val_cc,0.000028,0.309853,0.999793
val_cc,0.000028,0.309833,0.999793
val_cc,0.000028,0.309813,0.999793
val_cc,0.000028,0.309793,0.999793
val_cc,0.000028,0.309773,0.999793
val_cc,0.000028,0.309753,0.999793
val_cc,0.000028,0.309733,0.999793
val_cc,0.000028,0.309713,0.999793
val_cc,0.000028,0.309694,0.999793
val_cc,0.000028,0.309674,0.999793
val_cc,0.000028,0.309654,0.999793
val_cc,0.000028,0.309634,0.999793
val_cc,0.000028,0.309614,0.999793
val_cc,0.000028,0.309594,0.999793
val_cc,0.000027,0.309574,0.999793
val_cc,0.000027,0.309554,0.999793
val_cc,0.000027,0.309535,0.999793
val_cc,0.000027,0.309515,0.999793
val_cc,0.000027,0.309495,0.999793
val_cc,0.000027,0.309475,0.999793
val_cc,0.000027,0.309455,0.999793
val_cc,0.000027,0.309435,0.999793
val_cc,0.000027,0.309415,0.999793
val_cc,0.000027,0.309395,0.999793
val_cc,0.000027,0.309376,0.999793
val_cc,0.000027,0.309356,0.999793
val_cc,0.000027,0.309336,0.999793
val_cc,0.000027,0.309316,0.999793
val_cc,0.000027,0.309296,0.999793
val_cc,0.000027,0.309276,0.999793
val_cc,0.000027,0.309257,0.999793
val_cc,0.000027,0.309237,0.999793
val_cc,0.000027,0.309217,0.999793
val_cc,0.000027,0.309197,0.999793
val_cc,0.000027,0.309177,0.999793
val_cc,0.000027,0.309157,0.999793
val_cc,0.000027,0.309138,0.999793
val_cc,0.000027,0.309118,0.999793
val_cc,0.000027,0.309098,0.999793
val_cc,0.000027,0.309078,0.999793
val_cc,0.000027,0.309058,0.999793
val_cc,0.000027,0.309038,0.999793
val_cc,0.000027,0.309019,0.999793
val_cc,0.000027,0.308999,0.999793
val_cc,0.000027,0.308979,0.999793
val_cc,0.000027,0.308959,0.999793
val_cc,0.000027,0.308939,0.999793
val_cc,0.000027,0.308920,0.999793
val_cc,0.000027,0.308900,0.999793
val_cc,0.000027,0.308880,0.999793
val_cc,0.000027,0.308860,0.999793
val_cc,0.000027,0.308840,0.999793
val_cc,0.000027,0.308821,0.999793
val_cc,0.000027,0.308801,0.999793
val_cc,0.000026,0.308781,0.999793
val_cc,0.000026,0.308761,0.999793
val_cc,0.000026,0.308742,0.999793
val_cc,0.000026,0.308722,0.999793
val_cc,0.000026,0.308702,0.999793
val_cc,0.000026,0.308682,0.999793
val_cc,0.000026,0.308663,0.999793
val_cc,0.000026,0.308643,0.999793
val_cc,0.000026,0.308623,0.999793
val_cc,0.000026,0.308603,0.999793
val_cc,0.000026,0.308583,0.999793
val_cc,0.000026,0.308564,0.999793
val_cc,0.000026,0.308544,0.999793
val_cc,0.000026,0.308524,0.999793
val_cc,0.000026,0.308505,0.999793
val_cc,0.000026,0.308485,0.999793
val_cc,0.000026,0.308465,0.999793
val_cc,0.000026,0.308445,0.999793
val_cc,0.000026,0.308426,0.999793
val_cc,0.000026,0.308406,0.999793
val_cc,0.000026,0.308386,0.999793
val_cc,0.000026,0.308366,0.999793
val_cc,0.000026,0.308347,0.999793
val_cc,0.000026,0.308327,0.999793
val_cc,0.000026,0.308307,0.999793
val_cc,0.000026,0.308288,0.999793
val_cc,0.000026,0.308268,0.999793
val_cc,0.000026,0.308248,0.999793
val_cc,0.000026,0.308228,0.999793
val_cc,0.000026,0.308209,0.999793
val_cc,0.000026,0.308189,0.999793
val_cc,0.000026,0.308169,0.999793
val_cc,0.000026,0.308150,0.999793
val_cc,0.000026,0.308130,0.999793
val_cc,0.000026,0.308110,0.999793
val_cc,0.000026,0.308090,0.999793
val_cc,0.000026,0.308071,0.999793
val_cc,0.000026,0.308051,0.999793
val_cc,0.000026,0.308031,0.999793
val_cc,0.000026,0.308012,0.999793
val_cc,0.000026,0.307992,0.999793
val_cc,0.000026,0.307972,0.999793
val_cc,0.000026,0.307953,0.999793
val_cc,0.000026,0.307933,0.999793
val_cc,0.000026,0.307913,0.999793
val_cc,0.000026,0.307894,0.999793
val_cc,0.000026,0.307874,0.999793
val_cc,0.000026,0.307854,0.999793
val_cc,0.000026,0.307835,0.999793
val_cc,0.000026,0.307815,0.999793
val_cc,0.000026,0.307795,0.999793
val_cc,0.000026,0.307776,0.999793
val_cc,0.000026,0.307756,0.999793
val_cc,0.000026,0.307736,0.999793
val_cc,0.000026,0.307717,0.999793
val_cc,0.000026,0.307697,0.999793
val_cc,0.000026,0.307678,0.999793
val_cc,0.000026,0.307658,0.999793
val_cc,0.000026,0.307638,0.999793
val_cc,0.000026,0.307619,0.999793
val_cc,0.000026,0.307599,0.999793
val_cc,0.000025,0.307579,0.999793
val_cc,0.000025,0.307560,0.999793
val_cc,0.000025,0.307540,0.999793
val_cc,0.000025,0.307521,0.999793
val_cc,0.000025,0.307501,0.999793
val_cc,0.000025,0.307481,0.999793
val_cc,0.000025,0.307462,0.999793
val_cc,0.000025,0.307442,0.999793
val_cc,0.000025,0.307423,0.999793
val_cc,0.000025,0.307403,0.999793
val_cc,0.000025,0.307383,0.999793
val_cc,0.000025,0.307364,0.999793
val_cc,0.000025,0.307344,0.999793
val_cc,0.000025,0.307325,0.999793
val_cc,0.000025,0.307305,0.999793
val_cc,0.000025,0.307285,0.999793
val_cc,0.000025,0.307266,0.999793
val_cc,0.000025,0.307246,0.999793
val_cc,0.000025,0.307227,0.999793
val_cc,0.000025,0.307207,0.999793
val_cc,0.000025,0.307187,0.999793
val_cc,0.000025,0.307168,0.999793
val_cc,0.000025,0.307148,0.999793
val_cc,0.000025,0.307129,0.999793
val_cc,0.000025,0.307109,0.999793
val_cc,0.000025,0.307090,0.999793
val_cc,0.000025,0.307070,0.999793
val_cc,0.000025,0.307051,0.999793
val_cc,0.000025,0.307031,0.999793
val_cc,0.000025,0.307011,0.999793
val_cc,0.000025,0.306992,0.999793
val_cc,0.000025,0.306972,0.999793
val_cc,0.000025,0.306953,0.999793
val_cc,0.000025,0.306933,0.999793
val_cc,0.000025,0.306914,0.999793
val_cc,0.000025,0.306894,0.999793
val_cc,0.000025,0.306875,0.999793
val_cc,0.000025,0.306855,0.999793
val_cc,0.000025,0.306836,0.999793
val_cc,0.000025,0.306816,0.999793
val_cc,0.000025,0.306796,0.999793
val_cc,0.000025,0.306777,0.999793
val_cc,0.000025,0.306757,0.999793
val_cc,0.000025,0.306738,0.999793
val_cc,0.000025,0.306718,0.999793
val_cc,0.000025,0.306699,0.999793
val_cc,0.000025,0.306679,0.999793
val_cc,0.000025,0.306660,0.999793
val_cc,0.000025,0.306640,0.999793
val_cc,0.000024,0.306601,0.999793
val_cc,0.000024,0.306582,0.999793
val_cc,0.000024,0.306562,0.999793
val_cc,0.000024,0.306543,0.999793
val_cc,0.000024,0.306523,0.999793
val_cc,0.000024,0.306504,0.999793
val_cc,0.000024,0.306484,0.999793
val_cc,0.000024,0.306465,0.999793
val_cc,0.000024,0.306445,0.999793
val_cc,0.000024,0.306426,0.999793
val_cc,0.000024,0.306407,0.999793
val_cc,0.000024,0.306387,0.999793
val_cc,0.000024,0.306368,0.999793
val_cc,0.000024,0.306348,0.999793
val_cc,0.000024,0.306329,0.999793
val_cc,0.000024,0.306309,0.999793
val_cc,0.000024,0.306290,0.999793
val_cc,0.000024,0.306270,0.999793
val_cc,0.000024,0.306251,0.999793
val_cc,0.000024,0.306231,0.999793
val_cc,0.000024,0.306212,0.999793
val_cc,0.000024,0.306192,0.999793
val_cc,0.000024,0.306173,0.999793
val_cc,0.000024,0.306154,0.999793
val_cc,0.000024,0.306134,0.999793
val_cc,0.000024,0.306115,0.999793
val_cc,0.000024,0.306095,0.999793
val_cc,0.000024,0.306076,0.999793
val_cc,0.000024,0.306056,0.999793
val_cc,0.000024,0.306037,0.999793
val_cc,0.000024,0.306018,0.999793
val_cc,0.000024,0.305998,0.999793
val_cc,0.000024,0.305979,0.999793
val_cc,0.000024,0.305959,0.999793
val_cc,0.000024,0.305940,0.999793
val_cc,0.000024,0.305920,0.999793
val_cc,0.000024,0.305901,0.999793
val_cc,0.000024,0.305882,0.999793
val_cc,0.000024,0.305862,0.999793
val_cc,0.000024,0.305843,0.999793
val_cc,0.000024,0.305823,0.999793
val_cc,0.000024,0.305804,0.999793
val_cc,0.000024,0.305785,0.999793
val_cc,0.000024,0.305765,0.999793
val_cc,0.000024,0.305746,0.999793
val_cc,0.000024,0.305726,0.999793
val_cc,0.000024,0.305707,0.999793
val_cc,0.000024,0.305688,0.999793
val_cc,0.000024,0.305668,0.999793
val_cc,0.000024,0.305649,0.999793
val_cc,0.000023,0.305630,0.999793
val_cc,0.000023,0.305610,0.999793
val_cc,0.000023,0.305591,0.999793
val_cc,0.000023,0.305571,0.999793
val_cc,0.000023,0.305552,0.999793
val_cc,0.000023,0.305533,0.999793
val_cc,0.000023,0.305513,0.999793
val_cc,0.000023,0.305494,0.999793
val_cc,0.000023,0.305475,0.999793
val_cc,0.000023,0.305455,0.999793
val_cc,0.000023,0.305436,0.999793
val_cc,0.000023,0.305417,0.999793
val_cc,0.000023,0.305397,0.999793
val_cc,0.000023,0.305378,0.999793
val_cc,0.000023,0.305359,0.999793
val_cc,0.000023,0.305339,0.999793
val_cc,0.000023,0.305320,0.999793
val_cc,0.000023,0.305300,0.999793
val_cc,0.000023,0.305281,0.999793
val_cc,0.000023,0.305262,0.999793
val_cc,0.000023,0.305242,0.999793
val_cc,0.000023,0.305223,0.999793
val_cc,0.000023,0.305204,0.999793
val_cc,0.000023,0.305185,0.999793
val_cc,0.000023,0.305165,0.999793
val_cc,0.000023,0.305146,0.999793
val_cc,0.000023,0.305127,0.999793
val_cc,0.000023,0.305107,0.999793
val_cc,0.000023,0.305088,0.999793
val_cc,0.000023,0.305069,0.999793
val_cc,0.000023,0.305049,0.999793
val_cc,0.000023,0.305030,0.999793
val_cc,0.000023,0.305011,0.999793
val_cc,0.000023,0.304991,0.999793
val_cc,0.000023,0.304972,0.999793
val_cc,0.000023,0.304953,0.999793
val_cc,0.000023,0.304934,0.999793
val_cc,0.000023,0.304914,0.999793
val_cc,0.000023,0.304895,0.999793
val_cc,0.000023,0.304876,0.999793
val_cc,0.000023,0.304856,0.999793
val_cc,0.000023,0.304837,0.999793
val_cc,0.000023,0.304818,0.999793
val_cc,0.000023,0.304799,0.999793
val_cc,0.000023,0.304779,0.999793
val_cc,0.000023,0.304760,0.999793
val_cc,0.000023,0.304741,0.999793
val_cc,0.000023,0.304722,0.999793
val_cc,0.000023,0.304702,0.999793
val_cc,0.000023,0.304683,0.999793
val_cc,0.000023,0.304664,0.999793
val_cc,0.000023,0.304645,0.999793
val_cc,0.000022,0.304625,0.999793
val_cc,0.000022,0.304606,0.999793
val_cc,0.000022,0.304587,0.999793
val_cc,0.000022,0.304568,0.999793
val_cc,0.000022,0.304548,0.999793
val_cc,0.000022,0.304529,0.999793
val_cc,0.000022,0.304510,0.999793
val_cc,0.000022,0.304491,0.999793
val_cc,0.000022,0.304471,0.999793
val_cc,0.000022,0.304452,0.999793
val_cc,0.000022,0.304433,0.999793
val_cc,0.000022,0.304414,0.999793
val_cc,0.000022,0.304394,0.999793
val_cc,0.000022,0.304375,0.999793
val_cc,0.000022,0.304356,0.999793
val_cc,0.000022,0.304337,0.999793
val_cc,0.000022,0.304318,0.999793
val_cc,0.000022,0.304298,0.999793
val_cc,0.000022,0.304279,0.999793
val_cc,0.000022,0.304260,0.999793
val_cc,0.000022,0.304241,0.999793
val_cc,0.000022,0.304222,0.999793
val_cc,0.000022,0.304202,0.999793
val_cc,0.000022,0.304183,0.999793
val_cc,0.000022,0.304164,0.999793
val_cc,0.000022,0.304145,0.999793
val_cc,0.000022,0.304126,0.999793
val_cc,0.000022,0.304106,0.999793
val_cc,0.000022,0.304087,0.999793
val_cc,0.000022,0.304068,0.999793
val_cc,0.000022,0.304049,0.999793
val_cc,0.000022,0.304030,0.999793
val_cc,0.000022,0.304011,0.999793
val_cc,0.000022,0.303991,0.999793
val_cc,0.000022,0.303972,0.999793
val_cc,0.000022,0.303953,0.999793
val_cc,0.000022,0.303934,0.999793
val_cc,0.000022,0.303915,0.999793
val_cc,0.000022,0.303896,0.999793
val_cc,0.000022,0.303876,0.999793
val_cc,0.000022,0.303857,0.999793
val_cc,0.000022,0.303838,0.999793
val_cc,0.000021,0.303819,0.999793
val_cc,0.000021,0.303800,0.999793
val_cc,0.000021,0.303781,0.999793
val_cc,0.000021,0.303762,0.999793
val_cc,0.000021,0.303742,0.999793
val_cc,0.000021,0.303723,0.999793
val_cc,0.000021,0.303704,0.999793
val_cc,0.000021,0.303685,0.999793
val_cc,0.000021,0.303666,0.999793
val_cc,0.000021,0.303647,0.999793
val_cc,0.000021,0.303628,0.999793
val_cc,0.000021,0.303609,0.999793
val_cc,0.000021,0.303589,0.999793
val_cc,0.000021,0.303570,0.999793
val_cc,0.000021,0.303551,0.999793
val_cc,0.000021,0.303532,0.999793
val_cc,0.000021,0.303513,0.999793
val_cc,0.000021,0.303494,0.999793
val_cc,0.000021,0.303475,0.999793
val_cc,0.000021,0.303456,0.999793
val_cc,0.000021,0.303437,0.999793
val_cc,0.000021,0.303417,0.999793
val_cc,0.000021,0.303398,0.999793
val_cc,0.000021,0.303379,0.999793
val_cc,0.000021,0.303360,0.999793
val_cc,0.000021,0.303341,0.999793
val_cc,0.000021,0.303322,0.999793
val_cc,0.000021,0.303303,0.999793
val_cc,0.000021,0.303284,0.999793
val_cc,0.000021,0.303265,0.999793
val_cc,0.000021,0.303246,0.999793
val_cc,0.000021,0.303227,0.999793
val_cc,0.000021,0.303208,0.999793
val_cc,0.000021,0.303188,0.999793
val_cc,0.000021,0.303169,0.999793
val_cc,0.000021,0.303150,0.999793
val_cc,0.000021,0.303131,0.999793
val_cc,0.000021,0.303112,0.999793
val_cc,0.000021,0.303093,0.999793
val_cc,0.000021,0.303074,0.999793
val_cc,0.000021,0.303055,0.999793
val_cc,0.000021,0.303036,0.999793
val_cc,0.000021,0.303017,0.999793
val_cc,0.000021,0.302998,0.999793
val_cc,0.000021,0.302979,0.999793
val_cc,0.000021,0.302960,0.999793
val_cc,0.000021,0.302941,0.999793
val_cc,0.000021,0.302922,0.999793
val_cc,0.000021,0.302903,0.999793
val_cc,0.000020,0.302884,0.999793
val_cc,0.000020,0.302865,0.999793
val_cc,0.000020,0.302846,0.999793
val_cc,0.000020,0.302827,0.999793
val_cc,0.000020,0.302808,0.999793
val_cc,0.000020,0.302789,0.999793
val_cc,0.000020,0.302770,0.999793
val_cc,0.000020,0.302751,0.999793
val_cc,0.000020,0.302732,0.999793
val_cc,0.000020,0.302713,0.999793
val_cc,0.000020,0.302694,0.999793
val_cc,0.000020,0.302675,0.999793
val_cc,0.000020,0.302656,0.999793
val_cc,0.000020,0.302637,0.999793
val_cc,0.000020,0.302618,0.999793
val_cc,0.000020,0.302599,0.999793
val_cc,0.000020,0.302580,0.999793
val_cc,0.000020,0.302561,0.999793
val_cc,0.000020,0.302542,0.999793
val_cc,0.000020,0.302523,0.999793
val_cc,0.000020,0.302504,0.999793
val_cc,0.000020,0.302485,0.999793
val_cc,0.000020,0.302466,0.999793
val_cc,0.000020,0.302447,0.999793
val_cc,0.000020,0.302428,0.999793
val_cc,0.000020,0.302409,0.999793
val_cc,0.000020,0.302390,0.999793
val_cc,0.000020,0.302371,0.999793
val_cc,0.000020,0.302352,0.999793
val_cc,0.000020,0.302333,0.999793
val_cc,0.000020,0.302314,0.999793
val_cc,0.000020,0.302295,0.999793
val_cc,0.000020,0.302276,0.999793
val_cc,0.000020,0.302257,0.999793
val_cc,0.000020,0.302238,0.999793
val_cc,0.000020,0.302219,0.999793
val_cc,0.000020,0.302200,0.999793
val_cc,0.000020,0.302181,0.999793
val_cc,0.000020,0.302162,0.999793
val_cc,0.000020,0.302143,0.999793
val_cc,0.000020,0.302124,0.999793
val_cc,0.000020,0.302106,0.999793
val_cc,0.000020,0.302087,0.999793
val_cc,0.000020,0.302068,0.999793
val_cc,0.000020,0.302049,0.999793
val_cc,0.000019,0.302030,0.999793
val_cc,0.000019,0.302011,0.999793
val_cc,0.000019,0.301992,0.999793
val_cc,0.000019,0.301973,0.999793
val_cc,0.000019,0.301954,0.999793
val_cc,0.000019,0.301935,0.999793
val_cc,0.000019,0.301916,0.999793
val_cc,0.000019,0.301897,0.999793
val_cc,0.000019,0.301879,0.999793
val_cc,0.000019,0.301860,0.999793
val_cc,0.000019,0.301841,0.999793
val_cc,0.000019,0.301822,0.999793
val_cc,0.000019,0.301803,0.999793
val_cc,0.000019,0.301784,0.999793
val_cc,0.000019,0.301765,0.999793
val_cc,0.000019,0.301746,0.999793
val_cc,0.000019,0.301727,0.999793
val_cc,0.000019,0.301708,0.999793
val_cc,0.000019,0.301690,0.999793
val_cc,0.000019,0.301671,0.999793
val_cc,0.000019,0.301652,0.999793
val_cc,0.000019,0.301633,0.999793
val_cc,0.000019,0.301614,0.999793
val_cc,0.000019,0.301595,0.999793
val_cc,0.000019,0.301576,0.999793
val_cc,0.000019,0.301558,0.999793
val_cc,0.000019,0.301539,0.999793
val_cc,0.000019,0.301520,0.999793
val_cc,0.000019,0.301501,0.999793
val_cc,0.000019,0.301482,0.999793
val_cc,0.000019,0.301463,0.999793
val_cc,0.000019,0.301444,0.999793
val_cc,0.000019,0.301426,0.999793
val_cc,0.000019,0.301407,0.999793
val_cc,0.000019,0.301388,0.999793
val_cc,0.000019,0.301369,0.999793
val_cc,0.000019,0.301350,0.999793
val_cc,0.000019,0.301331,0.999793
val_cc,0.000019,0.301312,0.999793
val_cc,0.000019,0.301294,0.999793
val_cc,0.000019,0.301275,0.999793
val_cc,0.000019,0.301256,0.999793
val_cc,0.000019,0.301237,0.999793
val_cc,0.000019,0.301218,0.999793
val_cc,0.000019,0.301200,0.999793
val_cc,0.000019,0.301181,0.999793
val_cc,0.000019,0.301162,0.999793
val_cc,0.000019,0.301143,0.999793
val_cc,0.000019,0.301124,0.999793
val_cc,0.000019,0.301105,0.999793
val_cc,0.000019,0.301087,0.999793
val_cc,0.000019,0.301068,0.999793
val_cc,0.000019,0.301049,0.999793
val_cc,0.000019,0.301030,0.999793
val_cc,0.000019,0.301011,0.999793
val_cc,0.000019,0.300993,0.999793
val_cc,0.000019,0.300974,0.999793
val_cc,0.000019,0.300955,0.999793
val_cc,0.000019,0.300936,0.999793
val_cc,0.000019,0.300918,0.999793
val_cc,0.000019,0.300899,0.999793
val_cc,0.000019,0.300880,0.999793
val_cc,0.000018,0.300861,0.999793
val_cc,0.000018,0.300842,0.999793
val_cc,0.000018,0.300824,0.999793
val_cc,0.000018,0.300805,0.999793
val_cc,0.000018,0.300786,0.999793
val_cc,0.000018,0.300767,0.999793
val_cc,0.000018,0.300749,0.999793
val_cc,0.000018,0.300730,0.999793
val_cc,0.000018,0.300711,0.999793
val_cc,0.000018,0.300692,0.999793
val_cc,0.000018,0.300674,0.999793
val_cc,0.000018,0.300655,0.999793
val_cc,0.000018,0.300636,0.999793
val_cc,0.000018,0.300617,0.999793
val_cc,0.000018,0.300599,0.999793
val_cc,0.000018,0.300580,0.999793
val_cc,0.000018,0.300561,0.999793
val_cc,0.000018,0.300542,0.999793
val_cc,0.000018,0.300524,0.999793
val_cc,0.000018,0.300505,0.999793
val_cc,0.000018,0.300486,0.999793
val_cc,0.000018,0.300467,0.999793
val_cc,0.000018,0.300449,0.999793
val_cc,0.000018,0.300430,0.999793
val_cc,0.000018,0.300411,0.999793
val_cc,0.000018,0.300393,0.999793
val_cc,0.000018,0.300374,0.999793
val_cc,0.000018,0.300355,0.999793
val_cc,0.000018,0.300336,0.999793
val_cc,0.000018,0.300318,0.999793
val_cc,0.000018,0.300299,0.999793
val_cc,0.000018,0.300280,0.999793
val_cc,0.000018,0.300262,0.999793
val_cc,0.000018,0.300243,0.999793
val_cc,0.000018,0.300224,0.999793
val_cc,0.000018,0.300205,0.999793
val_cc,0.000018,0.300187,0.999793
val_cc,0.000018,0.300168,0.999793
val_cc,0.000018,0.300149,0.999793
val_cc,0.000018,0.300131,0.999793
val_cc,0.000018,0.300112,0.999793
val_cc,0.000018,0.300093,0.999793
val_cc,0.000018,0.300075,0.999793
val_cc,0.000018,0.300056,0.999793
val_cc,0.000018,0.300037,0.999793
val_cc,0.000017,0.300019,0.999793
val_cc,0.000017,0.300000,0.999793
val_cc,0.000017,0.299981,0.999793
val_cc,0.000017,0.299963,0.999793
val_cc,0.000017,0.299944,0.999793
val_cc,0.000017,0.299925,0.999793
val_cc,0.000017,0.299907,0.999793
val_cc,0.000017,0.299888,0.999793
val_cc,0.000017,0.299869,0.999793
val_cc,0.000017,0.299851,0.999793
val_cc,0.000017,0.299832,0.999793
val_cc,0.000017,0.299813,0.999793
val_cc,0.000017,0.299795,0.999793
val_cc,0.000017,0.299776,0.999793
val_cc,0.000017,0.299758,0.999793
val_cc,0.000017,0.299739,0.999793
val_cc,0.000017,0.299720,0.999793
val_cc,0.000017,0.299702,0.999793
val_cc,0.000017,0.299683,0.999793
val_cc,0.000017,0.299664,0.999793
val_cc,0.000017,0.299646,0.999793
val_cc,0.000017,0.299627,0.999793
val_cc,0.000017,0.299608,0.999793
val_cc,0.000017,0.299590,0.999793
val_cc,0.000017,0.299571,0.999793
val_cc,0.000017,0.299553,0.999793
val_cc,0.000017,0.299534,0.999793
val_cc,0.000017,0.299515,0.999793
val_cc,0.000017,0.299497,0.999793
val_cc,0.000017,0.299478,0.999793
val_cc,0.000017,0.299460,0.999793
val_cc,0.000017,0.299441,0.999793
val_cc,0.000017,0.299422,0.999793
val_cc,0.000017,0.299404,0.999793
val_cc,0.000017,0.299385,0.999793
val_cc,0.000017,0.299367,0.999793
val_cc,0.000017,0.299348,0.999793
val_cc,0.000017,0.299329,0.999793
val_cc,0.000017,0.299311,0.999793
val_cc,0.000017,0.299292,0.999793
val_cc,0.000017,0.299274,0.999793
val_cc,0.000017,0.299255,0.999793
val_cc,0.000017,0.299237,0.999793
val_cc,0.000017,0.299218,0.999793
val_cc,0.000017,0.299199,0.999793
val_cc,0.000017,0.299181,0.999793
val_cc,0.000017,0.299162,0.999793
val_cc,0.000017,0.299144,0.999793
val_cc,0.000017,0.299125,0.999793
val_cc,0.000017,0.299107,0.999793
val_cc,0.000017,0.299088,0.999793
val_cc,0.000017,0.299069,0.999793
val_cc,0.000017,0.299051,0.999793
val_cc,0.000017,0.299032,0.999793
val_cc,0.000017,0.299014,0.999793
val_cc,0.000017,0.298995,0.999793
val_cc,0.000017,0.298977,0.999793
val_cc,0.000017,0.298958,0.999793
val_cc,0.000017,0.298940,0.999793
val_cc,0.000017,0.298921,0.999793
val_cc,0.000017,0.298903,0.999793
val_cc,0.000017,0.298884,0.999793
val_cc,0.000017,0.298866,0.999793
val_cc,0.000017,0.298847,0.999793
val_cc,0.000016,0.298828,0.999793
val_cc,0.000016,0.298810,0.999793
val_cc,0.000016,0.298791,0.999793
val_cc,0.000016,0.298773,0.999793
val_cc,0.000016,0.298754,0.999793
val_cc,0.000016,0.298736,0.999793
val_cc,0.000016,0.298717,0.999793
val_cc,0.000016,0.298699,0.999793
val_cc,0.000016,0.298680,0.999793
val_cc,0.000016,0.298662,0.999793
val_cc,0.000016,0.298643,0.999793
val_cc,0.000016,0.298625,0.999793
val_cc,0.000016,0.298606,0.999793
val_cc,0.000016,0.298588,0.999793
val_cc,0.000016,0.298569,0.999793
val_cc,0.000016,0.298551,0.999793
val_cc,0.000016,0.298532,0.999793
val_cc,0.000016,0.298514,0.999793
val_cc,0.000016,0.298495,0.999793
val_cc,0.000016,0.298477,0.999793
val_cc,0.000016,0.298458,0.999793
val_cc,0.000016,0.298440,0.999793
val_cc,0.000016,0.298422,0.999793
val_cc,0.000016,0.298403,0.999793
val_cc,0.000016,0.298385,0.999793
val_cc,0.000016,0.298366,0.999793
val_cc,0.000016,0.298348,0.999793
val_cc,0.000016,0.298329,0.999793
val_cc,0.000016,0.298311,0.999793
val_cc,0.000016,0.298292,0.999793
val_cc,0.000016,0.298274,0.999793
val_cc,0.000016,0.298255,0.999793
val_cc,0.000016,0.298237,0.999793
val_cc,0.000016,0.298218,0.999793
val_cc,0.000016,0.298200,0.999793
val_cc,0.000016,0.298182,0.999793
val_cc,0.000016,0.298163,0.999793
val_cc,0.000016,0.298145,0.999793
val_cc,0.000016,0.298126,0.999793
val_cc,0.000016,0.298108,0.999793
val_cc,0.000016,0.298089,0.999793
val_cc,0.000016,0.298071,0.999793
val_cc,0.000016,0.298053,0.999793
val_cc,0.000016,0.298034,0.999793
val_cc,0.000016,0.298016,0.999793
val_cc,0.000016,0.297997,0.999793
val_cc,0.000016,0.297979,0.999793
val_cc,0.000016,0.297960,0.999793
val_cc,0.000016,0.297942,0.999793
val_cc,0.000016,0.297924,0.999793
val_cc,0.000016,0.297905,0.999793
val_cc,0.000016,0.297887,0.999793
val_cc,0.000016,0.297868,0.999793
val_cc,0.000016,0.297850,0.999793
val_cc,0.000016,0.297832,0.999793
val_cc,0.000016,0.297813,0.999793
val_cc,0.000016,0.297795,0.999793
val_cc,0.000016,0.297776,0.999793
val_cc,0.000016,0.297758,0.999793
val_cc,0.000016,0.297740,0.999793
val_cc,0.000016,0.297721,0.999793
val_cc,0.000015,0.297703,0.999793
val_cc,0.000015,0.297684,0.999793
val_cc,0.000015,0.297666,0.999793
val_cc,0.000015,0.297648,0.999793
val_cc,0.000015,0.297629,0.999793
val_cc,0.000015,0.297611,0.999793
val_cc,0.000015,0.297593,0.999793
val_cc,0.000015,0.297574,0.999793
val_cc,0.000015,0.297556,0.999793
val_cc,0.000015,0.297537,0.999793
val_cc,0.000015,0.297519,0.999793
val_cc,0.000015,0.297501,0.999793
val_cc,0.000015,0.297482,0.999793
val_cc,0.000015,0.297464,0.999793
val_cc,0.000015,0.297446,0.999793
val_cc,0.000015,0.297427,0.999793
val_cc,0.000015,0.297409,0.999793
val_cc,0.000015,0.297391,0.999793
val_cc,0.000015,0.297372,0.999793
val_cc,0.000015,0.297354,0.999793
val_cc,0.000015,0.297336,0.999793
val_cc,0.000015,0.297317,0.999793
val_cc,0.000015,0.297299,0.999793
val_cc,0.000015,0.297281,0.999793
val_cc,0.000015,0.297262,0.999793
val_cc,0.000015,0.297244,0.999793
val_cc,0.000015,0.297226,0.999793
val_cc,0.000015,0.297207,0.999793
val_cc,0.000015,0.297189,0.999793
val_cc,0.000015,0.297171,0.999793
val_cc,0.000015,0.297152,0.999793
val_cc,0.000015,0.297134,0.999793
val_cc,0.000015,0.297116,0.999793
val_cc,0.000015,0.297097,0.999793
val_cc,0.000015,0.297079,0.999793
val_cc,0.000015,0.297061,0.999793
val_cc,0.000015,0.297043,0.999793
val_cc,0.000015,0.297024,0.999793
val_cc,0.000015,0.297006,0.999793
val_cc,0.000015,0.296988,0.999793
val_cc,0.000015,0.296969,0.999793
val_cc,0.000015,0.296951,0.999793
val_cc,0.000015,0.296933,0.999793
val_cc,0.000015,0.296914,0.999793
val_cc,0.000015,0.296896,0.999793
val_cc,0.000015,0.296878,0.999793
val_cc,0.000015,0.296860,0.999793
val_cc,0.000015,0.296841,0.999793
val_cc,0.000015,0.296823,0.999793
val_cc,0.000015,0.296805,0.999793
val_cc,0.000015,0.296787,0.999793
val_cc,0.000015,0.296768,0.999793
val_cc,0.000015,0.296750,0.999793
val_cc,0.000015,0.296732,0.999793
val_cc,0.000015,0.296713,0.999793
val_cc,0.000015,0.296695,0.999793
val_cc,0.000015,0.296677,0.999793
val_cc,0.000015,0.296659,0.999793
val_cc,0.000015,0.296640,0.999793
val_cc,0.000015,0.296622,0.999793
val_cc,0.000015,0.296604,0.999793
val_cc,0.000015,0.296586,0.999793
val_cc,0.000015,0.296567,0.999793
val_cc,0.000015,0.296549,0.999793
val_cc,0.000015,0.296531,0.999793
val_cc,0.000015,0.296513,0.999793
val_cc,0.000015,0.296494,0.999793
val_cc,0.000015,0.296476,0.999793
val_cc,0.000015,0.296458,0.999793
val_cc,0.000015,0.296440,0.999793
val_cc,0.000015,0.296422,0.999793
val_cc,0.000015,0.296403,0.999793
val_cc,0.000015,0.296385,0.999793
val_cc,0.000015,0.296367,0.999793
val_cc,0.000015,0.296349,0.999793
val_cc,0.000015,0.296330,0.999793
val_cc,0.000015,0.296312,0.999793
val_cc,0.000015,0.296294,0.999793
val_cc,0.000015,0.296276,0.999793
val_cc,0.000015,0.296258,0.999793
val_cc,0.000015,0.296239,0.999793
val_cc,0.000014,0.296221,0.999793
val_cc,0.000014,0.296203,0.999793
val_cc,0.000014,0.296185,0.999793
val_cc,0.000014,0.296167,0.999793
val_cc,0.000014,0.296148,0.999793
val_cc,0.000014,0.296130,0.999793
val_cc,0.000014,0.296112,0.999793
val_cc,0.000014,0.296094,0.999793
val_cc,0.000014,0.296076,0.999793
val_cc,0.000014,0.296057,0.999793
val_cc,0.000014,0.296039,0.999793
val_cc,0.000014,0.296021,0.999793
val_cc,0.000014,0.296003,0.999793
val_cc,0.000014,0.295985,0.999793
val_cc,0.000014,0.295967,0.999793
val_cc,0.000014,0.295948,0.999793
val_cc,0.000014,0.295930,0.999793
val_cc,0.000014,0.295912,0.999793
val_cc,0.000014,0.295894,0.999793
val_cc,0.000014,0.295876,0.999793
val_cc,0.000014,0.295858,0.999793
val_cc,0.000014,0.295839,0.999793
val_cc,0.000014,0.295821,0.999793
val_cc,0.000014,0.295803,0.999793
val_cc,0.000014,0.295785,0.999793
val_cc,0.000014,0.295767,0.999793
val_cc,0.000014,0.295749,0.999793
val_cc,0.000014,0.295731,0.999793
val_cc,0.000014,0.295712,0.999793
val_cc,0.000014,0.295694,0.999793
val_cc,0.000014,0.295676,0.999793
val_cc,0.000014,0.295658,0.999793
val_cc,0.000014,0.295640,0.999793
val_cc,0.000014,0.295622,0.999793
val_cc,0.000014,0.295604,0.999793
val_cc,0.000014,0.295586,0.999793
val_cc,0.000014,0.295567,0.999793
val_cc,0.000014,0.295549,0.999793
val_cc,0.000014,0.295531,0.999793
val_cc,0.000014,0.295513,0.999793
val_cc,0.000014,0.295495,0.999793
val_cc,0.000014,0.295477,0.999793
val_cc,0.000014,0.295459,0.999793
val_cc,0.000014,0.295441,0.999793
val_cc,0.000014,0.295423,0.999793
val_cc,0.000014,0.295404,0.999793
val_cc,0.000014,0.295386,0.999793
val_cc,0.000014,0.295368,0.999793
val_cc,0.000014,0.295350,0.999793
val_cc,0.000014,0.295332,0.999793
val_cc,0.000014,0.295314,0.999793
val_cc,0.000014,0.295296,0.999793
val_cc,0.000014,0.295278,0.999793
val_cc,0.000014,0.295260,0.999793
val_cc,0.000014,0.295242,0.999793
val_cc,0.000014,0.295224,0.999793
val_cc,0.000014,0.295205,0.999793
val_cc,0.000014,0.295187,0.999793
val_cc,0.000014,0.295169,0.999793
val_cc,0.000014,0.295151,0.999793
val_cc,0.000014,0.295133,0.999793
val_cc,0.000014,0.295115,0.999793
val_cc,0.000014,0.295097,0.999793
val_cc,0.000014,0.295079,0.999793
val_cc,0.000014,0.295061,0.999793
val_cc,0.000014,0.295043,0.999793
val_cc,0.000013,0.295025,0.999793
val_cc,0.000013,0.295007,0.999793
val_cc,0.000013,0.294989,0.999793
val_cc,0.000013,0.294971,0.999793
val_cc,0.000013,0.294953,0.999793
val_cc,0.000013,0.294935,0.999793
val_cc,0.000013,0.294916,0.999793
val_cc,0.000013,0.294898,0.999793
val_cc,0.000013,0.294880,0.999793
val_cc,0.000013,0.294862,0.999793
val_cc,0.000013,0.294844,0.999793
val_cc,0.000013,0.294826,0.999793
val_cc,0.000013,0.294808,0.999793
val_cc,0.000013,0.294790,0.999793
val_cc,0.000013,0.294772,0.999793
val_cc,0.000013,0.294754,0.999793
val_cc,0.000013,0.294736,0.999793
val_cc,0.000013,0.294718,0.999793
val_cc,0.000013,0.294700,0.999793
val_cc,0.000013,0.294682,0.999793
val_cc,0.000013,0.294664,0.999793
val_cc,0.000013,0.294646,0.999793
val_cc,0.000013,0.294628,0.999793
val_cc,0.000013,0.294610,0.999793
val_cc,0.000013,0.294592,0.999793
val_cc,0.000013,0.294574,0.999793
val_cc,0.000013,0.294556,0.999793
val_cc,0.000013,0.294538,0.999793
val_cc,0.000013,0.294520,0.999793
val_cc,0.000013,0.294502,0.999793
val_cc,0.000013,0.294484,0.999793
val_cc,0.000013,0.294466,0.999793
val_cc,0.000013,0.294448,0.999793
val_cc,0.000013,0.294430,0.999793
val_cc,0.000013,0.294412,0.999793
val_cc,0.000013,0.294394,0.999793
val_cc,0.000013,0.294376,0.999793
val_cc,0.000013,0.294358,0.999793
val_cc,0.000013,0.294340,0.999793
val_cc,0.000013,0.294322,0.999793
val_cc,0.000013,0.294304,0.999793
val_cc,0.000013,0.294286,0.999793
val_cc,0.000013,0.294268,0.999793
val_cc,0.000013,0.294250,0.999793
val_cc,0.000013,0.294233,0.999793
val_cc,0.000013,0.294215,0.999793
val_cc,0.000013,0.294197,0.999793
val_cc,0.000013,0.294179,0.999793
val_cc,0.000013,0.294161,0.999793
val_cc,0.000013,0.294143,0.999793
val_cc,0.000013,0.294125,0.999793
val_cc,0.000013,0.294107,0.999793
val_cc,0.000013,0.294089,0.999793
val_cc,0.000013,0.294071,0.999793
val_cc,0.000013,0.294053,0.999793
val_cc,0.000013,0.294035,0.999793
val_cc,0.000013,0.294017,0.999793
val_cc,0.000013,0.293999,0.999793
val_cc,0.000013,0.293981,0.999793
val_cc,0.000013,0.293963,0.999793
val_cc,0.000013,0.293945,0.999793
val_cc,0.000013,0.293928,0.999793
val_cc,0.000013,0.293910,0.999793
val_cc,0.000013,0.293892,0.999793
val_cc,0.000013,0.293874,0.999793
val_cc,0.000013,0.293856,0.999793
val_cc,0.000013,0.293838,0.999793
val_cc,0.000013,0.293820,0.999793
val_cc,0.000013,0.293802,0.999793
val_cc,0.000013,0.293784,0.999793
val_cc,0.000013,0.293766,0.999793
val_cc,0.000013,0.293748,0.999793
val_cc,0.000013,0.293731,0.999793
val_cc,0.000013,0.293713,0.999793
val_cc,0.000013,0.293695,0.999793
val_cc,0.000013,0.293677,0.999793
val_cc,0.000013,0.293659,0.999793
val_cc,0.000013,0.293641,0.999793
val_cc,0.000013,0.293623,0.999793
val_cc,0.000013,0.293605,0.999793
val_cc,0.000013,0.293587,0.999793
val_cc,0.000013,0.293570,0.999793
val_cc,0.000013,0.293552,0.999793
val_cc,0.000013,0.293534,0.999793
val_cc,0.000013,0.293516,0.999793
val_cc,0.000013,0.293498,0.999793
val_cc,0.000013,0.293480,0.999793
val_cc,0.000013,0.293462,0.999793
val_cc,0.000013,0.293445,0.999793
val_cc,0.000013,0.293427,0.999793
val_cc,0.000012,0.293409,0.999793
val_cc,0.000012,0.293391,0.999793
val_cc,0.000012,0.293373,0.999793
val_cc,0.000012,0.293355,0.999793
val_cc,0.000012,0.293337,0.999793
val_cc,0.000012,0.293320,0.999793
val_cc,0.000012,0.293302,0.999793
val_cc,0.000012,0.293284,0.999793
val_cc,0.000012,0.293266,0.999793
val_cc,0.000012,0.293248,0.999793
val_cc,0.000012,0.293230,0.999793
val_cc,0.000012,0.293213,0.999793
val_cc,0.000012,0.293195,0.999793
val_cc,0.000012,0.293177,0.999793
val_cc,0.000012,0.293159,0.999793
val_cc,0.000012,0.293141,0.999793
val_cc,0.000012,0.293123,0.999793
val_cc,0.000012,0.293106,0.999793
val_cc,0.000012,0.293088,0.999793
val_cc,0.000012,0.293070,0.999793
val_cc,0.000012,0.293052,0.999793
val_cc,0.000012,0.293034,0.999793
val_cc,0.000012,0.293016,0.999793
val_cc,0.000012,0.292999,0.999793
val_cc,0.000012,0.292981,0.999793
val_cc,0.000012,0.292963,0.999793
val_cc,0.000012,0.292945,0.999793
val_cc,0.000012,0.292927,0.999793
val_cc,0.000012,0.292910,0.999793
val_cc,0.000012,0.292892,0.999793
val_cc,0.000012,0.292874,0.999793
val_cc,0.000012,0.292856,0.999793
val_cc,0.000012,0.292838,0.999793
val_cc,0.000012,0.292821,0.999793
val_cc,0.000012,0.292803,0.999793
val_cc,0.000012,0.292785,0.999793
val_cc,0.000012,0.292767,0.999793
val_cc,0.000012,0.292750,0.999793
val_cc,0.000012,0.292732,0.999793
val_cc,0.000012,0.292714,0.999793
val_cc,0.000012,0.292696,0.999793
val_cc,0.000012,0.292678,0.999793
val_cc,0.000012,0.292661,0.999793
val_cc,0.000012,0.292643,0.999793
val_cc,0.000012,0.292625,0.999793
val_cc,0.000012,0.292607,0.999793
val_cc,0.000012,0.292590,0.999793
val_cc,0.000012,0.292572,0.999793
val_cc,0.000012,0.292554,0.999793
val_cc,0.000012,0.292536,0.999793
val_cc,0.000012,0.292519,0.999793
val_cc,0.000012,0.292501,0.999793
val_cc,0.000012,0.292483,0.999793
val_cc,0.000012,0.292465,0.999793
val_cc,0.000012,0.292448,0.999793
val_cc,0.000012,0.292430,0.999793
val_cc,0.000012,0.292412,0.999793
val_cc,0.000012,0.292394,0.999793
val_cc,0.000012,0.292377,0.999793
val_cc,0.000012,0.292359,0.999793
val_cc,0.000012,0.292341,0.999793
val_cc,0.000012,0.292324,0.999793
val_cc,0.000012,0.292306,0.999793
val_cc,0.000012,0.292288,0.999793
val_cc,0.000012,0.292270,0.999793
val_cc,0.000012,0.292253,0.999793
val_cc,0.000012,0.292235,0.999793
val_cc,0.000012,0.292217,0.999793
val_cc,0.000012,0.292200,0.999793
val_cc,0.000011,0.292182,0.999793
val_cc,0.000011,0.292164,0.999793
val_cc,0.000011,0.292146,0.999793
val_cc,0.000011,0.292129,0.999793
val_cc,0.000011,0.292111,0.999793
val_cc,0.000011,0.292093,0.999793
val_cc,0.000011,0.292076,0.999793
val_cc,0.000011,0.292058,0.999793
val_cc,0.000011,0.292040,0.999793
val_cc,0.000011,0.292023,0.999793
val_cc,0.000011,0.292005,0.999793
val_cc,0.000011,0.291987,0.999793
val_cc,0.000011,0.291969,0.999793
val_cc,0.000011,0.291952,0.999793
val_cc,0.000011,0.291934,0.999793
val_cc,0.000011,0.291916,0.999793
val_cc,0.000011,0.291899,0.999793
val_cc,0.000011,0.291881,0.999793
val_cc,0.000011,0.291863,0.999793
val_cc,0.000011,0.291846,0.999793
val_cc,0.000011,0.291828,0.999793
val_cc,0.000011,0.291810,0.999793
val_cc,0.000011,0.291793,0.999793
val_cc,0.000011,0.291775,0.999793
val_cc,0.000011,0.291757,0.999793
val_cc,0.000011,0.291740,0.999793
val_cc,0.000011,0.291722,0.999793
val_cc,0.000011,0.291704,0.999793
val_cc,0.000011,0.291687,0.999793
val_cc,0.000011,0.291669,0.999793
val_cc,0.000011,0.291652,0.999793
val_cc,0.000011,0.291634,0.999793
val_cc,0.000011,0.291616,0.999793
val_cc,0.000011,0.291599,0.999793
val_cc,0.000011,0.291581,0.999793
val_cc,0.000011,0.291563,0.999793
val_cc,0.000011,0.291546,0.999793
val_cc,0.000011,0.291528,0.999793
val_cc,0.000011,0.291510,0.999793
val_cc,0.000011,0.291493,0.999793
val_cc,0.000011,0.291475,0.999793
val_cc,0.000011,0.291458,0.999793
val_cc,0.000011,0.291440,0.999793
val_cc,0.000011,0.291422,0.999793
val_cc,0.000011,0.291405,0.999793
val_cc,0.000011,0.291387,0.999793
val_cc,0.000011,0.291370,0.999793
val_cc,0.000011,0.291352,0.999793
val_cc,0.000011,0.291334,0.999793
val_cc,0.000011,0.291317,0.999793
val_cc,0.000011,0.291299,0.999793
val_cc,0.000011,0.291281,0.999793
val_cc,0.000011,0.291264,0.999793
val_cc,0.000011,0.291246,0.999793
val_cc,0.000011,0.291229,0.999793
val_cc,0.000011,0.291211,0.999793
val_cc,0.000011,0.291194,0.999793
val_cc,0.000011,0.291176,0.999793
val_cc,0.000011,0.291158,0.999793
val_cc,0.000011,0.291141,0.999793
val_cc,0.000011,0.291123,0.999793
val_cc,0.000011,0.291106,0.999793
val_cc,0.000011,0.291088,0.999793
val_cc,0.000011,0.291070,0.999793
val_cc,0.000011,0.291053,0.999793
val_cc,0.000011,0.291035,0.999793
val_cc,0.000011,0.291018,0.999793
val_cc,0.000011,0.291000,0.999793
val_cc,0.000011,0.290983,0.999793
val_cc,0.000011,0.290965,0.999793
val_cc,0.000011,0.290947,0.999793
val_cc,0.000011,0.290930,0.999793
val_cc,0.000011,0.290912,0.999793
val_cc,0.000011,0.290895,0.999793
val_cc,0.000011,0.290877,0.999793
val_cc,0.000011,0.290860,0.999793
val_cc,0.000011,0.290842,0.999793
val_cc,0.000011,0.290825,0.999793
val_cc,0.000011,0.290807,0.999793
val_cc,0.000011,0.290790,0.999793
val_cc,0.000011,0.290772,0.999793
val_cc,0.000011,0.290754,0.999793
val_cc,0.000011,0.290737,0.999793
val_cc,0.000011,0.290719,0.999793
val_cc,0.000011,0.290702,0.999793
val_cc,0.000011,0.290684,0.999793
val_cc,0.000011,0.290667,0.999793
val_cc,0.000011,0.290649,0.999793
val_cc,0.000011,0.290632,0.999793
val_cc,0.000011,0.290614,0.999793
val_cc,0.000011,0.290597,0.999793
val_cc,0.000011,0.290579,0.999793
val_cc,0.000011,0.290562,0.999793
val_cc,0.000011,0.290544,0.999793
val_cc,0.000011,0.290527,0.999793
val_cc,0.000010,0.290509,0.999793
val_cc,0.000010,0.290492,0.999793
val_cc,0.000010,0.290474,0.999793
val_cc,0.000010,0.290457,0.999793
val_cc,0.000010,0.290439,0.999793
val_cc,0.000010,0.290422,0.999793
val_cc,0.000010,0.290404,0.999793
val_cc,0.000010,0.290387,0.999793
val_cc,0.000010,0.290369,0.999793
val_cc,0.000010,0.290352,0.999793
val_cc,0.000010,0.290334,0.999793
val_cc,0.000010,0.290317,0.999793
val_cc,0.000010,0.290299,0.999793
val_cc,0.000010,0.290282,0.999793
val_cc,0.000010,0.290264,0.999793
val_cc,0.000010,0.290247,0.999793
val_cc,0.000010,0.290229,0.999793
val_cc,0.000010,0.290212,0.999793
val_cc,0.000010,0.290194,0.999793
val_cc,0.000010,0.290177,0.999793
val_cc,0.000010,0.290159,0.999793
val_cc,0.000010,0.290142,0.999793
val_cc,0.000010,0.290125,0.999793
val_cc,0.000010,0.290107,0.999793
val_cc,0.000010,0.290090,0.999793
val_cc,0.000010,0.290072,0.999793
val_cc,0.000010,0.290055,0.999793
val_cc,0.000010,0.290037,0.999793
val_cc,0.000010,0.290020,0.999793
val_cc,0.000010,0.290002,0.999793
val_cc,0.000010,0.289985,0.999793
val_cc,0.000010,0.289968,0.999793
val_cc,0.000010,0.289950,0.999793
val_cc,0.000010,0.289933,0.999793
val_cc,0.000010,0.289915,0.999793
val_cc,0.000010,0.289898,0.999793
val_cc,0.000010,0.289880,0.999793
val_cc,0.000010,0.289863,0.999793
val_cc,0.000010,0.289845,0.999793
val_cc,0.000010,0.289828,0.999793
val_cc,0.000010,0.289811,0.999793
val_cc,0.000010,0.289793,0.999793
val_cc,0.000010,0.289776,0.999793
val_cc,0.000010,0.289758,0.999793
val_cc,0.000010,0.289741,0.999793
val_cc,0.000010,0.289724,0.999793
val_cc,0.000010,0.289706,0.999793
val_cc,0.000010,0.289689,0.999793
val_cc,0.000010,0.289671,0.999793
val_cc,0.000010,0.289654,0.999793
val_cc,0.000010,0.289637,0.999793
val_cc,0.000010,0.289619,0.999793
val_cc,0.000010,0.289602,0.999793
val_cc,0.000010,0.289584,0.999793
val_cc,0.000010,0.289567,0.999793
val_cc,0.000010,0.289550,0.999793
val_cc,0.000010,0.289532,0.999793
val_cc,0.000010,0.289515,0.999793
val_cc,0.000010,0.289497,0.999793
val_cc,0.000010,0.289480,0.999793
val_cc,0.000010,0.289463,0.999793
val_cc,0.000010,0.289445,0.999793
val_cc,0.000010,0.289428,0.999793
val_cc,0.000010,0.289410,0.999793
val_cc,0.000010,0.289393,0.999793
val_cc,0.000010,0.289376,0.999793
val_cc,0.000010,0.289358,0.999793
val_cc,0.000010,0.289341,0.999793
val_cc,0.000010,0.289324,0.999793
val_cc,0.000010,0.289306,0.999793
val_cc,0.000010,0.289289,0.999793
val_cc,0.000010,0.289272,0.999793
val_cc,0.000010,0.289254,0.999793
val_cc,0.000010,0.289237,0.999793
val_cc,0.000010,0.289220,0.999793
val_cc,0.000010,0.289202,0.999793
val_cc,0.000010,0.289185,0.999793
val_cc,0.000010,0.289167,0.999793
val_cc,0.000010,0.289150,0.999793
val_cc,0.000010,0.289133,0.999793
val_cc,0.000010,0.289115,0.999793
val_cc,0.000010,0.289098,0.999793
val_cc,0.000010,0.289081,0.999793
val_cc,0.000010,0.289063,0.999793
val_cc,0.000010,0.289046,0.999793
val_cc,0.000010,0.289029,0.999793
val_cc,0.000010,0.289011,0.999793
val_cc,0.000010,0.288994,0.999793
val_cc,0.000010,0.288977,0.999793
val_cc,0.000010,0.288959,0.999793
val_cc,0.000010,0.288942,0.999793
val_cc,0.000010,0.288925,0.999793
val_cc,0.000009,0.288908,0.999793
val_cc,0.000009,0.288890,0.999793
val_cc,0.000009,0.288873,0.999793
val_cc,0.000009,0.288856,0.999793
val_cc,0.000009,0.288838,0.999793
val_cc,0.000009,0.288821,0.999793
val_cc,0.000009,0.288804,0.999793
val_cc,0.000009,0.288786,0.999793
val_cc,0.000009,0.288769,0.999793
val_cc,0.000009,0.288752,0.999793
val_cc,0.000009,0.288735,0.999793
val_cc,0.000009,0.288717,0.999793
val_cc,0.000009,0.288700,0.999793
val_cc,0.000009,0.288683,0.999793
val_cc,0.000009,0.288665,0.999793
val_cc,0.000009,0.288648,0.999793
val_cc,0.000009,0.288631,0.999793
val_cc,0.000009,0.288614,0.999793
val_cc,0.000009,0.288596,0.999793
val_cc,0.000009,0.288579,0.999793
val_cc,0.000009,0.288562,0.999793
val_cc,0.000009,0.288544,0.999793
val_cc,0.000009,0.288527,0.999793
val_cc,0.000009,0.288510,0.999793
val_cc,0.000009,0.288493,0.999793
val_cc,0.000009,0.288475,0.999793
val_cc,0.000009,0.288458,0.999793
val_cc,0.000009,0.288441,0.999793
val_cc,0.000009,0.288424,0.999793
val_cc,0.000009,0.288406,0.999793
val_cc,0.000009,0.288389,0.999793
val_cc,0.000009,0.288372,0.999793
val_cc,0.000009,0.288355,0.999793
val_cc,0.000009,0.288337,0.999793
val_cc,0.000009,0.288320,0.999793
val_cc,0.000009,0.288303,0.999793
val_cc,0.000009,0.288286,0.999793
val_cc,0.000009,0.288268,0.999793
val_cc,0.000009,0.288251,0.999793
val_cc,0.000009,0.288234,0.999793
val_cc,0.000009,0.288217,0.999793
val_cc,0.000009,0.288199,0.999793
val_cc,0.000009,0.288182,0.999793
val_cc,0.000009,0.288165,0.999793
val_cc,0.000009,0.288148,0.999793
val_cc,0.000009,0.288131,0.999793
val_cc,0.000009,0.288113,0.999793
val_cc,0.000009,0.288096,0.999793
val_cc,0.000009,0.288079,0.999793
val_cc,0.000009,0.288062,0.999793
val_cc,0.000009,0.288044,0.999793
val_cc,0.000009,0.288027,0.999793
val_cc,0.000009,0.288010,0.999793
val_cc,0.000009,0.287993,0.999793
val_cc,0.000009,0.287976,0.999793
val_cc,0.000009,0.287958,0.999793
val_cc,0.000009,0.287941,0.999793
val_cc,0.000009,0.287924,0.999793
val_cc,0.000009,0.287907,0.999793
val_cc,0.000009,0.287890,0.999793
val_cc,0.000009,0.287872,0.999793
val_cc,0.000009,0.287855,0.999793
val_cc,0.000009,0.287838,0.999793
val_cc,0.000009,0.287821,0.999793
val_cc,0.000009,0.287804,0.999793
val_cc,0.000009,0.287787,0.999793
val_cc,0.000009,0.287769,0.999793
val_cc,0.000009,0.287752,0.999793
val_cc,0.000009,0.287735,0.999793
val_cc,0.000009,0.287718,0.999793
val_cc,0.000009,0.287701,0.999793
val_cc,0.000009,0.287683,0.999793
val_cc,0.000009,0.287666,0.999793
val_cc,0.000009,0.287649,0.999793
val_cc,0.000009,0.287632,0.999793
val_cc,0.000009,0.287615,0.999793
val_cc,0.000009,0.287598,0.999793
val_cc,0.000009,0.287581,0.999793
val_cc,0.000009,0.287563,0.999793
val_cc,0.000009,0.287546,0.999793
val_cc,0.000009,0.287529,0.999793
val_cc,0.000009,0.287512,0.999793
val_cc,0.000009,0.287495,0.999793
val_cc,0.000009,0.287478,0.999793
val_cc,0.000009,0.287460,0.999793
val_cc,0.000009,0.287443,0.999793
val_cc,0.000009,0.287426,0.999793
val_cc,0.000009,0.287409,0.999793
val_cc,0.000009,0.287392,0.999793
val_cc,0.000009,0.287375,0.999793
val_cc,0.000009,0.287358,0.999793
val_cc,0.000009,0.287341,0.999793
val_cc,0.000009,0.287323,0.999793
val_cc,0.000009,0.287306,0.999793
val_cc,0.000009,0.287289,0.999793
val_cc,0.000009,0.287272,0.999793
val_cc,0.000009,0.287255,0.999793
val_cc,0.000009,0.287238,0.999793
val_cc,0.000009,0.287221,0.999793
val_cc,0.000009,0.287204,0.999793
val_cc,0.000009,0.287187,0.999793
val_cc,0.000008,0.287169,0.999793
val_cc,0.000008,0.287152,0.999793
val_cc,0.000008,0.287135,0.999793
val_cc,0.000008,0.287118,0.999793
val_cc,0.000008,0.287101,0.999793
val_cc,0.000008,0.287084,0.999793
val_cc,0.000008,0.287067,0.999793
val_cc,0.000008,0.287050,0.999793
val_cc,0.000008,0.287033,0.999793
val_cc,0.000008,0.287016,0.999793
val_cc,0.000008,0.286998,0.999793
val_cc,0.000008,0.286981,0.999793
val_cc,0.000008,0.286964,0.999793
val_cc,0.000008,0.286947,0.999793
val_cc,0.000008,0.286930,0.999793
val_cc,0.000008,0.286913,0.999793
val_cc,0.000008,0.286896,0.999793
val_cc,0.000008,0.286879,0.999793
val_cc,0.000008,0.286862,0.999793
val_cc,0.000008,0.286845,0.999793
val_cc,0.000008,0.286828,0.999793
val_cc,0.000008,0.286811,0.999793
val_cc,0.000008,0.286794,0.999793
val_cc,0.000008,0.286777,0.999793
val_cc,0.000008,0.286759,0.999793
val_cc,0.000008,0.286742,0.999793
val_cc,0.000008,0.286725,0.999793
val_cc,0.000008,0.286708,0.999793
val_cc,0.000008,0.286691,0.999793
val_cc,0.000008,0.286674,0.999793
val_cc,0.000008,0.286657,0.999793
val_cc,0.000008,0.286640,0.999793
val_cc,0.000008,0.286623,0.999793
val_cc,0.000008,0.286606,0.999793
val_cc,0.000008,0.286589,0.999793
val_cc,0.000008,0.286572,0.999793
val_cc,0.000008,0.286555,0.999793
val_cc,0.000008,0.286538,0.999793
val_cc,0.000008,0.286521,0.999793
val_cc,0.000008,0.286504,0.999793
val_cc,0.000008,0.286487,0.999793
val_cc,0.000008,0.286470,0.999793
val_cc,0.000008,0.286453,0.999793
val_cc,0.000008,0.286436,0.999793
val_cc,0.000008,0.286419,0.999793
val_cc,0.000008,0.286402,0.999793
val_cc,0.000008,0.286385,0.999793
val_cc,0.000008,0.286368,0.999793
val_cc,0.000008,0.286351,0.999793
val_cc,0.000008,0.286334,0.999793
val_cc,0.000008,0.286317,0.999793
val_cc,0.000008,0.286300,0.999793
val_cc,0.000008,0.286283,0.999793
val_cc,0.000008,0.286266,0.999793
val_cc,0.000008,0.286249,0.999793
val_cc,0.000008,0.286232,0.999793
val_cc,0.000008,0.286215,0.999793
val_cc,0.000008,0.286198,0.999793
val_cc,0.000008,0.286181,0.999793
val_cc,0.000008,0.286164,0.999793
val_cc,0.000008,0.286147,0.999793
val_cc,0.000008,0.286130,0.999793
val_cc,0.000008,0.286113,0.999793
val_cc,0.000008,0.286096,0.999793
val_cc,0.000008,0.286079,0.999793
val_cc,0.000008,0.286062,0.999793
val_cc,0.000008,0.286045,0.999793
val_cc,0.000008,0.286028,0.999793
val_cc,0.000008,0.286011,0.999793
val_cc,0.000008,0.285994,0.999793
val_cc,0.000008,0.285977,0.999793
val_cc,0.000008,0.285960,0.999793
val_cc,0.000008,0.285943,0.999793
val_cc,0.000008,0.285926,0.999793
val_cc,0.000008,0.285909,0.999793
val_cc,0.000008,0.285892,0.999793
val_cc,0.000008,0.285875,0.999793
val_cc,0.000008,0.285858,0.999793
val_cc,0.000008,0.285841,0.999793
val_cc,0.000008,0.285824,0.999793
val_cc,0.000008,0.285807,0.999793
val_cc,0.000008,0.285791,0.999793
val_cc,0.000008,0.285774,0.999793
val_cc,0.000008,0.285757,0.999793
val_cc,0.000008,0.285740,0.999793
val_cc,0.000008,0.285723,0.999793
val_cc,0.000008,0.285706,0.999793
val_cc,0.000008,0.285689,0.999793
val_cc,0.000008,0.285672,0.999793
val_cc,0.000008,0.285655,0.999793
val_cc,0.000008,0.285638,0.999793
val_cc,0.000008,0.285621,0.999793
val_cc,0.000008,0.285604,0.999793
val_cc,0.000008,0.285587,0.999793
val_cc,0.000008,0.285570,0.999793
val_cc,0.000008,0.285554,0.999793
val_cc,0.000008,0.285537,0.999793
val_cc,0.000008,0.285520,0.999793
val_cc,0.000008,0.285503,0.999793
val_cc,0.000008,0.285486,0.999793
val_cc,0.000008,0.285469,0.999793
val_cc,0.000008,0.285452,0.999793
val_cc,0.000008,0.285435,0.999793
val_cc,0.000008,0.285418,0.999793
val_cc,0.000008,0.285401,0.999793
val_cc,0.000008,0.285384,0.999793
val_cc,0.000007,0.285368,0.999793
val_cc,0.000007,0.285351,0.999793
val_cc,0.000007,0.285334,0.999793
val_cc,0.000007,0.285317,0.999793
val_cc,0.000007,0.285300,0.999793
val_cc,0.000007,0.285283,0.999793
val_cc,0.000007,0.285266,0.999793
val_cc,0.000007,0.285249,0.999793
val_cc,0.000007,0.285233,0.999793
val_cc,0.000007,0.285216,0.999793
val_cc,0.000007,0.285199,0.999793
val_cc,0.000007,0.285182,0.999793
val_cc,0.000007,0.285165,0.999793
val_cc,0.000007,0.285148,0.999793
val_cc,0.000007,0.285131,0.999793
val_cc,0.000007,0.285114,0.999793
val_cc,0.000007,0.285098,0.999793
val_cc,0.000007,0.285081,0.999793
val_cc,0.000007,0.285064,0.999793
val_cc,0.000007,0.285047,0.999793
val_cc,0.000007,0.285030,0.999793
val_cc,0.000007,0.285013,0.999793
val_cc,0.000007,0.284996,0.999793
val_cc,0.000007,0.284980,0.999793
val_cc,0.000007,0.284963,0.999793
val_cc,0.000007,0.284946,0.999793
val_cc,0.000007,0.284929,0.999793
val_cc,0.000007,0.284912,0.999793
val_cc,0.000007,0.284895,0.999793
val_cc,0.000007,0.284879,0.999793
val_cc,0.000007,0.284862,0.999793
val_cc,0.000007,0.284845,0.999793
val_cc,0.000007,0.284828,0.999793
val_cc,0.000007,0.284811,0.999793
val_cc,0.000007,0.284794,0.999793
val_cc,0.000007,0.284778,0.999793
val_cc,0.000007,0.284761,0.999793
val_cc,0.000007,0.284744,0.999793
val_cc,0.000007,0.284727,0.999793
val_cc,0.000007,0.284710,0.999793
val_cc,0.000007,0.284694,0.999793
val_cc,0.000007,0.284677,0.999793
val_cc,0.000007,0.284660,0.999793
val_cc,0.000007,0.284643,0.999793
val_cc,0.000007,0.284626,0.999793
val_cc,0.000007,0.284609,0.999793
val_cc,0.000007,0.284593,0.999793
val_cc,0.000007,0.284576,0.999793
val_cc,0.000007,0.284559,0.999793
val_cc,0.000007,0.284542,0.999793
val_cc,0.000007,0.284525,0.999793
val_cc,0.000007,0.284509,0.999793
val_cc,0.000007,0.284492,0.999793
val_cc,0.000007,0.284475,0.999793
val_cc,0.000007,0.284458,0.999793
val_cc,0.000007,0.284442,0.999793
val_cc,0.000007,0.284425,0.999793
val_cc,0.000007,0.284408,0.999793
val_cc,0.000007,0.284391,0.999793
val_cc,0.000007,0.284374,0.999793
val_cc,0.000007,0.284358,0.999793
val_cc,0.000007,0.284341,0.999793
val_cc,0.000007,0.284324,0.999793
val_cc,0.000007,0.284307,0.999793
val_cc,0.000007,0.284291,0.999793
val_cc,0.000007,0.284274,0.999793
val_cc,0.000007,0.284257,0.999793
val_cc,0.000007,0.284240,0.999793
val_cc,0.000007,0.284224,0.999793
val_cc,0.000007,0.284190,0.999793
val_cc,0.000007,0.284173,0.999793
val_cc,0.000007,0.284157,0.999793
val_cc,0.000007,0.284140,0.999793
val_cc,0.000007,0.284123,0.999793
val_cc,0.000007,0.284106,0.999793
val_cc,0.000007,0.284090,0.999793
val_cc,0.000007,0.284073,0.999793
val_cc,0.000007,0.284056,0.999793
val_cc,0.000007,0.284039,0.999793
val_cc,0.000007,0.284023,0.999793
val_cc,0.000007,0.284006,0.999793
val_cc,0.000007,0.283989,0.999793
val_cc,0.000007,0.283972,0.999793
val_cc,0.000007,0.283956,0.999793
val_cc,0.000007,0.283939,0.999793
val_cc,0.000007,0.283922,0.999793
val_cc,0.000007,0.283906,0.999793
val_cc,0.000007,0.283889,0.999793
val_cc,0.000007,0.283872,0.999793
val_cc,0.000007,0.283855,0.999793
val_cc,0.000007,0.283839,0.999793
val_cc,0.000007,0.283822,0.999793
val_cc,0.000007,0.283805,0.999793
val_cc,0.000007,0.283789,0.999793
val_cc,0.000007,0.283772,0.999793
val_cc,0.000007,0.283755,0.999793
val_cc,0.000007,0.283738,0.999793
val_cc,0.000007,0.283722,0.999793
val_cc,0.000007,0.283705,0.999793
val_cc,0.000007,0.283688,0.999793
val_cc,0.000006,0.283672,0.999793
val_cc,0.000006,0.283655,0.999793
val_cc,0.000006,0.283638,0.999793
val_cc,0.000006,0.283622,0.999793
val_cc,0.000006,0.283605,0.999793
val_cc,0.000006,0.283588,0.999793
val_cc,0.000006,0.283572,0.999793
val_cc,0.000006,0.283555,0.999793
val_cc,0.000006,0.283538,0.999793
val_cc,0.000006,0.283522,0.999793
val_cc,0.000006,0.283505,0.999793
val_cc,0.000006,0.283488,0.999793
val_cc,0.000006,0.283472,0.999793
val_cc,0.000006,0.283455,0.999793
val_cc,0.000006,0.283438,0.999793
val_cc,0.000006,0.283422,0.999793
val_cc,0.000006,0.283405,0.999793
val_cc,0.000006,0.283388,0.999793
val_cc,0.000006,0.283372,0.999793
val_cc,0.000006,0.283355,0.999793
val_cc,0.000006,0.283338,0.999793
val_cc,0.000006,0.283322,0.999793
val_cc,0.000006,0.283305,0.999793
val_cc,0.000006,0.283288,0.999793
val_cc,0.000006,0.283272,0.999793
val_cc,0.000006,0.283255,0.999793
val_cc,0.000006,0.283238,0.999793
val_cc,0.000006,0.283222,0.999793
val_cc,0.000006,0.283205,0.999793
val_cc,0.000006,0.283188,0.999793
val_cc,0.000006,0.283172,0.999793
val_cc,0.000006,0.283155,0.999793
val_cc,0.000006,0.283139,0.999793
val_cc,0.000006,0.283122,0.999793
val_cc,0.000006,0.283105,0.999793
val_cc,0.000006,0.283089,0.999793
val_cc,0.000006,0.283072,0.999793
val_cc,0.000006,0.283055,0.999793
val_cc,0.000006,0.283039,0.999793
val_cc,0.000006,0.283022,0.999793
val_cc,0.000006,0.283006,0.999793
val_cc,0.000006,0.282989,0.999793
val_cc,0.000006,0.282972,0.999793
val_cc,0.000006,0.282956,0.999793
val_cc,0.000006,0.282939,0.999793
val_cc,0.000006,0.282923,0.999793
val_cc,0.000006,0.282906,0.999793
val_cc,0.000006,0.282889,0.999793
val_cc,0.000006,0.282873,0.999793
val_cc,0.000006,0.282856,0.999793
val_cc,0.000006,0.282840,0.999793
val_cc,0.000006,0.282823,0.999793
val_cc,0.000006,0.282806,0.999793
val_cc,0.000006,0.282790,0.999793
val_cc,0.000006,0.282773,0.999793
val_cc,0.000006,0.282757,0.999793
val_cc,0.000006,0.282740,0.999793
val_cc,0.000006,0.282723,0.999793
val_cc,0.000006,0.282707,0.999793
val_cc,0.000006,0.282690,0.999793
val_cc,0.000006,0.282674,0.999793
val_cc,0.000006,0.282657,0.999793
val_cc,0.000006,0.282641,0.999793
val_cc,0.000006,0.282624,0.999793
val_cc,0.000006,0.282607,0.999793
val_cc,0.000006,0.282591,0.999793
val_cc,0.000006,0.282574,0.999793
val_cc,0.000006,0.282558,0.999793
val_cc,0.000006,0.282541,0.999793
val_cc,0.000006,0.282525,0.999793
val_cc,0.000006,0.282508,0.999793
val_cc,0.000006,0.282492,0.999793
val_cc,0.000006,0.282475,0.999793
val_cc,0.000006,0.282458,0.999793
val_cc,0.000006,0.282442,0.999793
val_cc,0.000006,0.282425,0.999793
val_cc,0.000006,0.282409,0.999793
val_cc,0.000006,0.282392,0.999793
val_cc,0.000006,0.282376,0.999793
val_cc,0.000006,0.282359,0.999793
val_cc,0.000006,0.282343,0.999793
val_cc,0.000006,0.282326,0.999793
val_cc,0.000006,0.282310,0.999793
val_cc,0.000006,0.282293,0.999793
val_cc,0.000006,0.282276,0.999793
val_cc,0.000006,0.282260,0.999793
val_cc,0.000006,0.282243,0.999793
val_cc,0.000006,0.282227,0.999793
val_cc,0.000006,0.282210,0.999793
val_cc,0.000006,0.282194,0.999793
val_cc,0.000006,0.282177,0.999793
val_cc,0.000006,0.282161,0.999793
val_cc,0.000006,0.282144,0.999793
val_cc,0.000006,0.282128,0.999793
val_cc,0.000006,0.282111,0.999793
val_cc,0.000006,0.282095,0.999793
val_cc,0.000006,0.282078,0.999793
val_cc,0.000006,0.282062,0.999793
val_cc,0.000006,0.282045,0.999793
val_cc,0.000006,0.282029,0.999793
val_cc,0.000006,0.282012,0.999793
val_cc,0.000006,0.281996,0.999793
val_cc,0.000006,0.281979,0.999793
val_cc,0.000006,0.281963,0.999793
val_cc,0.000006,0.281946,0.999793
val_cc,0.000006,0.281930,0.999793
val_cc,0.000006,0.281913,0.999793
val_cc,0.000006,0.281897,0.999793
val_cc,0.000006,0.281880,0.999793
val_cc,0.000006,0.281864,0.999793
val_cc,0.000006,0.281847,0.999793
val_cc,0.000006,0.281831,0.999793
val_cc,0.000006,0.281814,0.999793
val_cc,0.000006,0.281798,0.999793
val_cc,0.000006,0.281782,0.999793
val_cc,0.000006,0.281765,0.999793
val_cc,0.000006,0.281749,0.999793
val_cc,0.000006,0.281732,0.999793
val_cc,0.000006,0.281716,0.999793
val_cc,0.000006,0.281699,0.999793
val_cc,0.000006,0.281683,0.999793
val_cc,0.000006,0.281666,0.999793
val_cc,0.000006,0.281650,0.999793
val_cc,0.000006,0.281633,0.999793
val_cc,0.000006,0.281617,0.999793
val_cc,0.000005,0.281600,0.999793
val_cc,0.000005,0.281584,0.999793
val_cc,0.000005,0.281568,0.999793
val_cc,0.000005,0.281551,0.999793
val_cc,0.000005,0.281535,0.999793
val_cc,0.000005,0.281518,0.999793
val_cc,0.000005,0.281502,0.999793
val_cc,0.000005,0.281485,0.999793
val_cc,0.000005,0.281469,0.999793
val_cc,0.000005,0.281453,0.999793
val_cc,0.000005,0.281436,0.999793
val_cc,0.000005,0.281420,0.999793
val_cc,0.000005,0.281403,0.999793
val_cc,0.000005,0.281387,0.999793
val_cc,0.000005,0.281370,0.999793
val_cc,0.000005,0.281354,0.999793
val_cc,0.000005,0.281338,0.999793
val_cc,0.000005,0.281321,0.999793
val_cc,0.000005,0.281305,0.999793
val_cc,0.000005,0.281288,0.999793
val_cc,0.000005,0.281272,0.999793
val_cc,0.000005,0.281255,0.999793
val_cc,0.000005,0.281239,0.999793
val_cc,0.000005,0.281223,0.999793
val_cc,0.000005,0.281206,0.999793
val_cc,0.000005,0.281190,0.999793
val_cc,0.000005,0.281173,0.999793
val_cc,0.000005,0.281157,0.999793
val_cc,0.000005,0.281141,0.999793
val_cc,0.000005,0.281124,0.999793
val_cc,0.000005,0.281108,0.999793
val_cc,0.000005,0.281091,0.999793
val_cc,0.000005,0.281075,0.999793
val_cc,0.000005,0.281059,0.999793
val_cc,0.000005,0.281042,0.999793
val_cc,0.000005,0.281026,0.999793
val_cc,0.000005,0.281010,0.999793
val_cc,0.000005,0.280993,0.999793
val_cc,0.000005,0.280977,0.999793
val_cc,0.000005,0.280960,0.999793
val_cc,0.000005,0.280944,0.999793
val_cc,0.000005,0.280928,0.999793
val_cc,0.000005,0.280911,0.999793
val_cc,0.000005,0.280895,0.999793
val_cc,0.000005,0.280879,0.999793
val_cc,0.000005,0.280862,0.999793
val_cc,0.000005,0.280846,0.999793
val_cc,0.000005,0.280829,0.999793
val_cc,0.000005,0.280813,0.999793
val_cc,0.000005,0.280797,0.999793
val_cc,0.000005,0.280780,0.999793
val_cc,0.000005,0.280764,0.999793
val_cc,0.000005,0.280748,0.999793
val_cc,0.000005,0.280731,0.999793
val_cc,0.000005,0.280715,0.999793
val_cc,0.000005,0.280699,0.999793
val_cc,0.000005,0.280682,0.999793
val_cc,0.000005,0.280666,0.999793
val_cc,0.000005,0.280650,0.999793
val_cc,0.000005,0.280633,0.999793
val_cc,0.000005,0.280617,0.999793
val_cc,0.000005,0.280601,0.999793
val_cc,0.000005,0.280584,0.999793
val_cc,0.000005,0.280568,0.999793
val_cc,0.000005,0.280552,0.999793
val_cc,0.000005,0.280535,0.999793
val_cc,0.000005,0.280519,0.999793
val_cc,0.000005,0.280503,0.999793
val_cc,0.000005,0.280486,0.999793
val_cc,0.000005,0.280470,0.999793
val_cc,0.000005,0.280454,0.999793
val_cc,0.000005,0.280437,0.999793
val_cc,0.000005,0.280421,0.999793
val_cc,0.000005,0.280405,0.999793
val_cc,0.000005,0.280389,0.999793
val_cc,0.000005,0.280372,0.999793
val_cc,0.000005,0.280356,0.999793
val_cc,0.000005,0.280340,0.999793
val_cc,0.000005,0.280323,0.999793
val_cc,0.000005,0.280307,0.999793
val_cc,0.000005,0.280291,0.999793
val_cc,0.000005,0.280274,0.999793
val_cc,0.000005,0.280258,0.999793
val_cc,0.000005,0.280242,0.999793
val_cc,0.000005,0.280226,0.999793
val_cc,0.000005,0.280209,0.999793
val_cc,0.000005,0.280193,0.999793
val_cc,0.000005,0.280177,0.999793
val_cc,0.000005,0.280160,0.999793
val_cc,0.000005,0.280144,0.999793
val_cc,0.000005,0.280128,0.999793
val_cc,0.000005,0.280112,0.999793
val_cc,0.000005,0.280095,0.999793
val_cc,0.000005,0.280079,0.999793
val_cc,0.000005,0.280063,0.999793
val_cc,0.000005,0.280046,0.999793
val_cc,0.000005,0.280030,0.999793
val_cc,0.000005,0.280014,0.999793
val_cc,0.000005,0.279998,0.999793
val_cc,0.000005,0.279981,0.999793
val_cc,0.000005,0.279965,0.999793
val_cc,0.000005,0.279949,0.999793
val_cc,0.000005,0.279933,0.999793
val_cc,0.000005,0.279916,0.999793
val_cc,0.000005,0.279900,0.999793
val_cc,0.000005,0.279884,0.999793
val_cc,0.000005,0.279868,0.999793
val_cc,0.000005,0.279851,0.999793
val_cc,0.000005,0.279835,0.999793
val_cc,0.000005,0.279819,0.999793
val_cc,0.000005,0.279803,0.999793
val_cc,0.000005,0.279786,0.999793
val_cc,0.000005,0.279770,0.999793
val_cc,0.000005,0.279754,0.999793
val_cc,0.000005,0.279738,0.999793
val_cc,0.000005,0.279721,0.999793
val_cc,0.000005,0.279705,0.999793
val_cc,0.000005,0.279689,0.999793
val_cc,0.000005,0.279673,0.999793
val_cc,0.000005,0.279657,0.999793
val_cc,0.000005,0.279640,0.999793
val_cc,0.000005,0.279624,0.999793
val_cc,0.000005,0.279608,0.999793
val_cc,0.000005,0.279592,0.999793
val_cc,0.000005,0.279576,0.999793
val_cc,0.000005,0.279559,0.999793
val_cc,0.000005,0.279543,0.999793
val_cc,0.000005,0.279527,0.999793
val_cc,0.000005,0.279511,0.999793
val_cc,0.000005,0.279494,0.999793
val_cc,0.000005,0.279478,0.999793
val_cc,0.000005,0.279462,0.999793
val_cc,0.000005,0.279446,0.999793
val_cc,0.000005,0.279430,0.999793
val_cc,0.000005,0.279413,0.999793
val_cc,0.000005,0.279397,0.999793
val_cc,0.000005,0.279381,0.999793
val_cc,0.000005,0.279365,0.999793
val_cc,0.000005,0.279349,0.999793
val_cc,0.000005,0.279333,0.999793
val_cc,0.000005,0.279316,0.999793
val_cc,0.000005,0.279300,0.999793
val_cc,0.000005,0.279284,0.999793
val_cc,0.000005,0.279268,0.999793
val_cc,0.000005,0.279252,0.999793
val_cc,0.000005,0.279235,0.999793
val_cc,0.000005,0.279219,0.999793
val_cc,0.000005,0.279203,0.999793
val_cc,0.000005,0.279187,0.999793
val_cc,0.000005,0.279171,0.999793
val_cc,0.000005,0.279155,0.999793
val_cc,0.000005,0.279138,0.999793
val_cc,0.000005,0.279122,0.999793
val_cc,0.000005,0.279106,0.999793
val_cc,0.000005,0.279090,0.999793
val_cc,0.000005,0.279074,0.999793
val_cc,0.000004,0.279058,0.999793
val_cc,0.000004,0.279042,0.999793
val_cc,0.000004,0.279025,0.999793
val_cc,0.000004,0.279009,0.999793
val_cc,0.000004,0.278993,0.999793
val_cc,0.000004,0.278977,0.999793
val_cc,0.000004,0.278961,0.999793
val_cc,0.000004,0.278945,0.999793
val_cc,0.000004,0.278928,0.999793
val_cc,0.000004,0.278912,0.999793
val_cc,0.000004,0.278896,0.999793
val_cc,0.000004,0.278880,0.999793
val_cc,0.000004,0.278864,0.999793
val_cc,0.000004,0.278848,0.999793
val_cc,0.000004,0.278832,0.999793
val_cc,0.000004,0.278816,0.999793
val_cc,0.000004,0.278799,0.999793
val_cc,0.000004,0.278783,0.999793
val_cc,0.000004,0.278767,0.999793
val_cc,0.000004,0.278751,0.999793
val_cc,0.000004,0.278735,0.999793
val_cc,0.000004,0.278719,0.999793
val_cc,0.000004,0.278703,0.999793
val_cc,0.000004,0.278687,0.999793
val_cc,0.000004,0.278671,0.999793
val_cc,0.000004,0.278654,0.999793
val_cc,0.000004,0.278638,0.999793
val_cc,0.000004,0.278622,0.999793
val_cc,0.000004,0.278606,0.999793
val_cc,0.000004,0.278590,0.999793
val_cc,0.000004,0.278574,0.999793
val_cc,0.000004,0.278558,0.999793
val_cc,0.000004,0.278542,0.999793
val_cc,0.000004,0.278526,0.999793
val_cc,0.000004,0.278510,0.999793
val_cc,0.000004,0.278493,0.999793
val_cc,0.000004,0.278477,0.999793
val_cc,0.000004,0.278461,0.999793
val_cc,0.000004,0.278445,0.999793
val_cc,0.000004,0.278429,0.999793
val_cc,0.000004,0.278413,0.999793
val_cc,0.000004,0.278397,0.999793
val_cc,0.000004,0.278381,0.999793
val_cc,0.000004,0.278365,0.999793
val_cc,0.000004,0.278349,0.999793
val_cc,0.000004,0.278333,0.999793
val_cc,0.000004,0.278317,0.999793
val_cc,0.000004,0.278301,0.999793
val_cc,0.000004,0.278284,0.999793
val_cc,0.000004,0.278268,0.999793
val_cc,0.000004,0.278252,0.999793
val_cc,0.000004,0.278236,0.999793
val_cc,0.000004,0.278220,0.999793
val_cc,0.000004,0.278204,0.999793
val_cc,0.000004,0.278188,0.999793
val_cc,0.000004,0.278172,0.999793
val_cc,0.000004,0.278156,0.999793
val_cc,0.000004,0.278140,0.999793
val_cc,0.000004,0.278124,0.999793
val_cc,0.000004,0.278108,0.999793
val_cc,0.000004,0.278092,0.999793
val_cc,0.000004,0.278076,0.999793
val_cc,0.000004,0.278060,0.999793
val_cc,0.000004,0.278044,0.999793
val_cc,0.000004,0.278028,0.999793
val_cc,0.000004,0.278012,0.999793
val_cc,0.000004,0.277996,0.999793
val_cc,0.000004,0.277980,0.999793
val_cc,0.000004,0.277964,0.999793
val_cc,0.000004,0.277948,0.999793
val_cc,0.000004,0.277932,0.999793
val_cc,0.000004,0.277915,0.999793
val_cc,0.000004,0.277899,0.999793
val_cc,0.000004,0.277883,0.999793
val_cc,0.000004,0.277867,0.999793
val_cc,0.000004,0.277851,0.999793
val_cc,0.000004,0.277835,0.999793
val_cc,0.000004,0.277819,0.999793
val_cc,0.000004,0.277803,0.999793
val_cc,0.000004,0.277787,0.999793
val_cc,0.000004,0.277771,0.999793
val_cc,0.000004,0.277755,0.999793
val_cc,0.000004,0.277739,0.999793
val_cc,0.000004,0.277723,0.999793
val_cc,0.000004,0.277707,0.999793
val_cc,0.000004,0.277691,0.999793
val_cc,0.000004,0.277675,0.999793
val_cc,0.000004,0.277659,0.999793
val_cc,0.000004,0.277643,0.999793
val_cc,0.000004,0.277627,0.999793
val_cc,0.000004,0.277611,0.999793
val_cc,0.000004,0.277595,0.999793
val_cc,0.000004,0.277579,0.999793
val_cc,0.000004,0.277563,0.999793
val_cc,0.000004,0.277547,0.999793
val_cc,0.000004,0.277532,0.999793
val_cc,0.000004,0.277516,0.999793
val_cc,0.000004,0.277500,0.999793
val_cc,0.000004,0.277484,0.999793
val_cc,0.000004,0.277468,0.999793
val_cc,0.000004,0.277452,0.999793
val_cc,0.000004,0.277436,0.999793
val_cc,0.000004,0.277420,0.999793
val_cc,0.000004,0.277404,0.999793
val_cc,0.000004,0.277388,0.999793
val_cc,0.000004,0.277372,0.999793
val_cc,0.000004,0.277356,0.999793
val_cc,0.000004,0.277340,0.999793
val_cc,0.000004,0.277324,0.999793
val_cc,0.000004,0.277308,0.999793
val_cc,0.000004,0.277292,0.999793
val_cc,0.000004,0.277276,0.999793
val_cc,0.000004,0.277260,0.999793
val_cc,0.000004,0.277244,0.999793
val_cc,0.000004,0.277228,0.999793
val_cc,0.000004,0.277212,0.999793
val_cc,0.000004,0.277196,0.999793
val_cc,0.000004,0.277180,0.999793
val_cc,0.000004,0.277165,0.999793
val_cc,0.000004,0.277149,0.999793
val_cc,0.000004,0.277133,0.999793
val_cc,0.000004,0.277117,0.999793
val_cc,0.000004,0.277101,0.999793
val_cc,0.000004,0.277085,0.999793
val_cc,0.000004,0.277069,0.999793
val_cc,0.000004,0.277053,0.999793
val_cc,0.000004,0.277037,0.999793
val_cc,0.000004,0.277021,0.999793
val_cc,0.000004,0.277005,0.999793
val_cc,0.000004,0.276989,0.999793
val_cc,0.000004,0.276973,0.999793
val_cc,0.000004,0.276958,0.999793
val_cc,0.000004,0.276942,0.999793
val_cc,0.000004,0.276926,0.999793
val_cc,0.000004,0.276910,0.999793
val_cc,0.000004,0.276894,0.999793
val_cc,0.000004,0.276878,0.999793
val_cc,0.000004,0.276862,0.999793
val_cc,0.000004,0.276846,0.999793
val_cc,0.000004,0.276830,0.999793
val_cc,0.000004,0.276814,0.999793
val_cc,0.000004,0.276799,0.999793
val_cc,0.000004,0.276783,0.999793
val_cc,0.000004,0.276767,0.999793
val_cc,0.000004,0.276751,0.999793
val_cc,0.000004,0.276735,0.999793
val_cc,0.000004,0.276719,0.999793
val_cc,0.000004,0.276703,0.999793
val_cc,0.000004,0.276687,0.999793
val_cc,0.000004,0.276671,0.999793
val_cc,0.000004,0.276656,0.999793
val_cc,0.000004,0.276640,0.999793
val_cc,0.000004,0.276624,0.999793
val_cc,0.000004,0.276608,0.999793
val_cc,0.000004,0.276592,0.999793
val_cc,0.000004,0.276576,0.999793
val_cc,0.000004,0.276560,0.999793
val_cc,0.000004,0.276544,0.999793
val_cc,0.000004,0.276529,0.999793
val_cc,0.000004,0.276513,0.999793
val_cc,0.000004,0.276497,0.999793
val_cc,0.000004,0.276481,0.999793
val_cc,0.000004,0.276465,0.999793
val_cc,0.000004,0.276449,0.999793
val_cc,0.000004,0.276433,0.999793
val_cc,0.000004,0.276418,0.999793
val_cc,0.000004,0.276402,0.999793
val_cc,0.000004,0.276386,0.999793
val_cc,0.000004,0.276370,0.999793
val_cc,0.000004,0.276354,0.999793
val_cc,0.000004,0.276338,0.999793
val_cc,0.000004,0.276323,0.999793
val_cc,0.000004,0.276307,0.999793
val_cc,0.000004,0.276291,0.999793
val_cc,0.000004,0.276275,0.999793
val_cc,0.000003,0.276259,0.999793
val_cc,0.000003,0.276243,0.999793
val_cc,0.000003,0.276228,0.999793
val_cc,0.000003,0.276212,0.999793
val_cc,0.000003,0.276196,0.999793
val_cc,0.000003,0.276180,0.999793
val_cc,0.000003,0.276164,0.999793
val_cc,0.000003,0.276148,0.999793
val_cc,0.000003,0.276133,0.999793
val_cc,0.000003,0.276117,0.999793
val_cc,0.000003,0.276101,0.999793
val_cc,0.000003,0.276085,0.999793
val_cc,0.000003,0.276069,0.999793
val_cc,0.000003,0.276054,0.999793
val_cc,0.000003,0.276038,0.999793
val_cc,0.000003,0.276022,0.999793
val_cc,0.000003,0.276006,0.999793
val_cc,0.000003,0.275990,0.999793
val_cc,0.000003,0.275975,0.999793
val_cc,0.000003,0.275959,0.999793
val_cc,0.000003,0.275943,0.999793
val_cc,0.000003,0.275927,0.999793
val_cc,0.000003,0.275911,0.999793
val_cc,0.000003,0.275896,0.999793
val_cc,0.000003,0.275880,0.999793
val_cc,0.000003,0.275864,0.999793
val_cc,0.000003,0.275848,0.999793
val_cc,0.000003,0.275832,0.999793
val_cc,0.000003,0.275817,0.999793
val_cc,0.000003,0.275801,0.999793
val_cc,0.000003,0.275785,0.999793
val_cc,0.000003,0.275769,0.999793
val_cc,0.000003,0.275754,0.999793
val_cc,0.000003,0.275738,0.999793
val_cc,0.000003,0.275722,0.999793
val_cc,0.000003,0.275706,0.999793
val_cc,0.000003,0.275691,0.999793
val_cc,0.000003,0.275675,0.999793
val_cc,0.000003,0.275659,0.999793
val_cc,0.000003,0.275643,0.999793
val_cc,0.000003,0.275627,0.999793
val_cc,0.000003,0.275612,0.999793
val_cc,0.000003,0.275596,0.999793
val_cc,0.000003,0.275580,0.999793
val_cc,0.000003,0.275564,0.999793
val_cc,0.000003,0.275549,0.999793
val_cc,0.000003,0.275533,0.999793
val_cc,0.000003,0.275517,0.999793
val_cc,0.000003,0.275501,0.999793
val_cc,0.000003,0.275486,0.999793
val_cc,0.000003,0.275470,0.999793
val_cc,0.000003,0.275454,0.999793
val_cc,0.000003,0.275438,0.999793
val_cc,0.000003,0.275423,0.999793
val_cc,0.000003,0.275407,0.999793
val_cc,0.000003,0.275391,0.999793
val_cc,0.000003,0.275376,0.999793
val_cc,0.000003,0.275360,0.999793
val_cc,0.000003,0.275344,0.999793
val_cc,0.000003,0.275328,0.999793
val_cc,0.000003,0.275313,0.999793
val_cc,0.000003,0.275297,0.999793
val_cc,0.000003,0.275281,0.999793
val_cc,0.000003,0.275266,0.999793
val_cc,0.000003,0.275250,0.999793
val_cc,0.000003,0.275234,0.999793
val_cc,0.000003,0.275218,0.999793
val_cc,0.000003,0.275203,0.999793
val_cc,0.000003,0.275187,0.999793
val_cc,0.000003,0.275171,0.999793
val_cc,0.000003,0.275156,0.999793
val_cc,0.000003,0.275140,0.999793
val_cc,0.000003,0.275124,0.999793
val_cc,0.000003,0.275108,0.999793
val_cc,0.000003,0.275093,0.999793
val_cc,0.000003,0.275077,0.999793
val_cc,0.000003,0.275061,0.999793
val_cc,0.000003,0.275046,0.999793
val_cc,0.000003,0.275030,0.999793
val_cc,0.000003,0.275014,0.999793
val_cc,0.000003,0.274999,0.999793
val_cc,0.000003,0.274983,0.999793
val_cc,0.000003,0.274967,0.999793
val_cc,0.000003,0.274952,0.999793
val_cc,0.000003,0.274936,0.999793
val_cc,0.000003,0.274920,0.999793
val_cc,0.000003,0.274904,0.999793
val_cc,0.000003,0.274889,0.999793
val_cc,0.000003,0.274873,0.999793
val_cc,0.000003,0.274857,0.999793
val_cc,0.000003,0.274842,0.999793
val_cc,0.000003,0.274826,0.999793
val_cc,0.000003,0.274810,0.999793
val_cc,0.000003,0.274795,0.999793
val_cc,0.000003,0.274779,0.999793
val_cc,0.000003,0.274763,0.999793
val_cc,0.000003,0.274748,0.999793
val_cc,0.000003,0.274732,0.999793
val_cc,0.000003,0.274717,0.999793
val_cc,0.000003,0.274701,0.999793
val_cc,0.000003,0.274685,0.999793
val_cc,0.000003,0.274670,0.999793
val_cc,0.000003,0.274654,0.999793
val_cc,0.000003,0.274638,0.999793
val_cc,0.000003,0.274623,0.999793
val_cc,0.000003,0.274607,0.999793
val_cc,0.000003,0.274591,0.999793
val_cc,0.000003,0.274576,0.999793
val_cc,0.000003,0.274560,0.999793
val_cc,0.000003,0.274544,0.999793
val_cc,0.000003,0.274529,0.999793
val_cc,0.000003,0.274513,0.999793
val_cc,0.000003,0.274498,0.999793
val_cc,0.000003,0.274482,0.999793
val_cc,0.000003,0.274466,0.999793
val_cc,0.000003,0.274451,0.999793
val_cc,0.000003,0.274435,0.999793
val_cc,0.000003,0.274419,0.999793
val_cc,0.000003,0.274404,0.999793
val_cc,0.000003,0.274388,0.999793
val_cc,0.000003,0.274373,0.999793
val_cc,0.000003,0.274357,0.999793
val_cc,0.000003,0.274341,0.999793
val_cc,0.000003,0.274326,0.999793
val_cc,0.000003,0.274310,0.999793
val_cc,0.000003,0.274294,0.999793
val_cc,0.000003,0.274279,0.999793
val_cc,0.000003,0.274263,0.999793
val_cc,0.000003,0.274248,0.999793
val_cc,0.000003,0.274232,0.999793
val_cc,0.000003,0.274216,0.999793
val_cc,0.000003,0.274201,0.999793
val_cc,0.000003,0.274185,0.999793
val_cc,0.000003,0.274170,0.999793
val_cc,0.000003,0.274154,0.999793
val_cc,0.000003,0.274139,0.999793
val_cc,0.000003,0.274123,0.999793
val_cc,0.000003,0.274107,0.999793
val_cc,0.000003,0.274092,0.999793
val_cc,0.000003,0.274076,0.999793
val_cc,0.000003,0.274061,0.999793
val_cc,0.000003,0.274045,0.999793
val_cc,0.000003,0.274029,0.999793
val_cc,0.000003,0.274014,0.999793
val_cc,0.000003,0.273998,0.999793
val_cc,0.000003,0.273983,0.999793
val_cc,0.000003,0.273967,0.999793
val_cc,0.000003,0.273952,0.999793
val_cc,0.000003,0.273936,0.999793
val_cc,0.000003,0.273920,0.999793
val_cc,0.000003,0.273905,0.999793
val_cc,0.000003,0.273889,0.999793
val_cc,0.000003,0.273874,0.999793
val_cc,0.000003,0.273858,0.999793
val_cc,0.000003,0.273843,0.999793
val_cc,0.000003,0.273827,0.999793
val_cc,0.000003,0.273812,0.999793
val_cc,0.000003,0.273796,0.999793
val_cc,0.000003,0.273780,0.999793
val_cc,0.000003,0.273765,0.999793
val_cc,0.000003,0.273749,0.999793
val_cc,0.000003,0.273734,0.999793
val_cc,0.000003,0.273718,0.999793
val_cc,0.000003,0.273703,0.999793
val_cc,0.000003,0.273687,0.999793
val_cc,0.000003,0.273672,0.999793
val_cc,0.000003,0.273656,0.999793
val_cc,0.000003,0.273641,0.999793
val_cc,0.000003,0.273625,0.999793
val_cc,0.000003,0.273610,0.999793
val_cc,0.000003,0.273594,0.999793
val_cc,0.000003,0.273578,0.999793
val_cc,0.000003,0.273563,0.999793
val_cc,0.000003,0.273547,0.999793
val_cc,0.000003,0.273532,0.999793
val_cc,0.000003,0.273516,0.999793
val_cc,0.000003,0.273501,0.999793
val_cc,0.000003,0.273485,0.999793
val_cc,0.000002,0.273470,0.999793
val_cc,0.000002,0.273454,0.999793
val_cc,0.000002,0.273439,0.999793
val_cc,0.000002,0.273423,0.999793
val_cc,0.000002,0.273408,0.999793
val_cc,0.000002,0.273392,0.999793
val_cc,0.000002,0.273377,0.999793
val_cc,0.000002,0.273361,0.999793
val_cc,0.000002,0.273346,0.999793
val_cc,0.000002,0.273330,0.999793
val_cc,0.000002,0.273315,0.999793
val_cc,0.000002,0.273299,0.999793
val_cc,0.000002,0.273284,0.999793
val_cc,0.000002,0.273268,0.999793
val_cc,0.000002,0.273253,0.999793
val_cc,0.000002,0.273237,0.999793
val_cc,0.000002,0.273222,0.999793
val_cc,0.000002,0.273206,0.999793
val_cc,0.000002,0.273191,0.999793
val_cc,0.000002,0.273175,0.999793
val_cc,0.000002,0.273160,0.999793
val_cc,0.000002,0.273144,0.999793
val_cc,0.000002,0.273129,0.999793
val_cc,0.000002,0.273114,0.999793
val_cc,0.000002,0.273098,0.999793
val_cc,0.000002,0.273083,0.999793
val_cc,0.000002,0.273067,0.999793
val_cc,0.000002,0.273052,0.999793
val_cc,0.000002,0.273036,0.999793
val_cc,0.000002,0.273021,0.999793
val_cc,0.000002,0.273005,0.999793
val_cc,0.000002,0.272990,0.999793
val_cc,0.000002,0.272974,0.999793
val_cc,0.000002,0.272959,0.999793
val_cc,0.000002,0.272943,0.999793
val_cc,0.000002,0.272928,0.999793
val_cc,0.000002,0.272913,0.999793
val_cc,0.000002,0.272897,0.999793
val_cc,0.000002,0.272882,0.999793
val_cc,0.000002,0.272866,0.999793
val_cc,0.000002,0.272851,0.999793
val_cc,0.000002,0.272835,0.999793
val_cc,0.000002,0.272820,0.999793
val_cc,0.000002,0.272804,0.999793
val_cc,0.000002,0.272789,0.999793
val_cc,0.000002,0.272774,0.999793
val_cc,0.000002,0.272758,0.999793
val_cc,0.000002,0.272743,0.999793
val_cc,0.000002,0.272727,0.999793
val_cc,0.000002,0.272712,0.999793
val_cc,0.000002,0.272696,0.999793
val_cc,0.000002,0.272681,0.999793
val_cc,0.000002,0.272666,0.999793
val_cc,0.000002,0.272650,0.999793
val_cc,0.000002,0.272635,0.999793
val_cc,0.000002,0.272619,0.999793
val_cc,0.000002,0.272604,0.999793
val_cc,0.000002,0.272588,0.999793
val_cc,0.000002,0.272573,0.999793
val_cc,0.000002,0.272558,0.999793
val_cc,0.000002,0.272542,0.999793
val_cc,0.000002,0.272527,0.999793
val_cc,0.000002,0.272511,0.999793
val_cc,0.000002,0.272496,0.999793
val_cc,0.000002,0.272481,0.999793
val_cc,0.000002,0.272465,0.999793
val_cc,0.000002,0.272450,0.999793
val_cc,0.000002,0.272434,0.999793
val_cc,0.000002,0.272419,0.999793
val_cc,0.000002,0.272404,0.999793
val_cc,0.000002,0.272388,0.999793
val_cc,0.000002,0.272373,0.999793
val_cc,0.000002,0.272357,0.999793
val_cc,0.000002,0.272342,0.999793
val_cc,0.000002,0.272327,0.999793
val_cc,0.000002,0.272311,0.999793
val_cc,0.000002,0.272296,0.999793
val_cc,0.000002,0.272281,0.999793
val_cc,0.000002,0.272265,0.999793
val_cc,0.000002,0.272250,0.999793
val_cc,0.000002,0.272234,0.999793
val_cc,0.000002,0.272219,0.999793
val_cc,0.000002,0.272204,0.999793
val_cc,0.000002,0.272188,0.999793
val_cc,0.000002,0.272173,0.999793
val_cc,0.000002,0.272158,0.999793
val_cc,0.000002,0.272142,0.999793
val_cc,0.000002,0.272127,0.999793
val_cc,0.000002,0.272112,0.999793
val_cc,0.000002,0.272096,0.999793
val_cc,0.000002,0.272081,0.999793
val_cc,0.000002,0.272065,0.999793
val_cc,0.000002,0.272050,0.999793
val_cc,0.000002,0.272035,0.999793
val_cc,0.000002,0.272019,0.999793
val_cc,0.000002,0.272004,0.999793
val_cc,0.000002,0.271989,0.999793
val_cc,0.000002,0.271973,0.999793
val_cc,0.000002,0.271958,0.999793
val_cc,0.000002,0.271943,0.999793
val_cc,0.000002,0.271927,0.999793
val_cc,0.000002,0.271912,0.999793
val_cc,0.000002,0.271897,0.999793
val_cc,0.000002,0.271881,0.999793
val_cc,0.000002,0.271866,0.999793
val_cc,0.000002,0.271851,0.999793
val_cc,0.000002,0.271835,0.999793
val_cc,0.000002,0.271820,0.999793
val_cc,0.000002,0.271805,0.999793
val_cc,0.000002,0.271789,0.999793
val_cc,0.000002,0.271774,0.999793
val_cc,0.000002,0.271759,0.999793
val_cc,0.000002,0.271743,0.999793
val_cc,0.000002,0.271728,0.999793
val_cc,0.000002,0.271713,0.999793
val_cc,0.000002,0.271697,0.999793
val_cc,0.000002,0.271682,0.999793
val_cc,0.000002,0.271667,0.999793
val_cc,0.000002,0.271652,0.999793
val_cc,0.000002,0.271636,0.999793
val_cc,0.000002,0.271621,0.999793
val_cc,0.000002,0.271606,0.999793
val_cc,0.000002,0.271590,0.999793
val_cc,0.000002,0.271575,0.999793
val_cc,0.000002,0.271560,0.999793
val_cc,0.000002,0.271544,0.999793
val_cc,0.000002,0.271529,0.999793
val_cc,0.000002,0.271514,0.999793
val_cc,0.000002,0.271499,0.999793
val_cc,0.000002,0.271483,0.999793
val_cc,0.000002,0.271468,0.999793
val_cc,0.000002,0.271453,0.999793
val_cc,0.000002,0.271437,0.999793
val_cc,0.000002,0.271422,0.999793
val_cc,0.000002,0.271407,0.999793
val_cc,0.000002,0.271392,0.999793
val_cc,0.000002,0.271376,0.999793
val_cc,0.000002,0.271361,0.999793
val_cc,0.000002,0.271346,0.999793
val_cc,0.000002,0.271330,0.999793
val_cc,0.000002,0.271315,0.999793
val_cc,0.000002,0.271300,0.999793
val_cc,0.000002,0.271285,0.999793
val_cc,0.000002,0.271269,0.999793
val_cc,0.000002,0.271254,0.999793
val_cc,0.000002,0.271239,0.999793
val_cc,0.000002,0.271224,0.999793
val_cc,0.000002,0.271208,0.999793
val_cc,0.000002,0.271193,0.999793
val_cc,0.000002,0.271178,0.999793
val_cc,0.000002,0.271163,0.999793
val_cc,0.000002,0.271147,0.999793
val_cc,0.000002,0.271132,0.999793
val_cc,0.000002,0.271117,0.999793
val_cc,0.000002,0.271102,0.999793
val_cc,0.000002,0.271086,0.999793
val_cc,0.000002,0.271071,0.999793
val_cc,0.000002,0.271056,0.999793
val_cc,0.000002,0.271041,0.999793
val_cc,0.000002,0.271025,0.999793
val_cc,0.000002,0.271010,0.999793
val_cc,0.000002,0.270995,0.999793
val_cc,0.000002,0.270980,0.999793
val_cc,0.000002,0.270964,0.999793
val_cc,0.000002,0.270949,0.999793
val_cc,0.000002,0.270934,0.999793
val_cc,0.000002,0.270919,0.999793
val_cc,0.000002,0.270904,0.999793
val_cc,0.000002,0.270888,0.999793
val_cc,0.000002,0.270873,0.999793
val_cc,0.000002,0.270858,0.999793
val_cc,0.000002,0.270843,0.999793
val_cc,0.000002,0.270827,0.999793
val_cc,0.000002,0.270812,0.999793
val_cc,0.000002,0.270797,0.999793
val_cc,0.000002,0.270782,0.999793
val_cc,0.000002,0.270767,0.999793
val_cc,0.000002,0.270751,0.999793
val_cc,0.000002,0.270736,0.999793
val_cc,0.000002,0.270721,0.999793
val_cc,0.000002,0.270706,0.999793
val_cc,0.000002,0.270691,0.999793
val_cc,0.000002,0.270675,0.999793
val_cc,0.000002,0.270660,0.999793
val_cc,0.000002,0.270645,0.999793
val_cc,0.000002,0.270630,0.999793
val_cc,0.000002,0.270615,0.999793
val_cc,0.000002,0.270599,0.999793
val_cc,0.000002,0.270584,0.999793
val_cc,0.000002,0.270569,0.999793
val_cc,0.000002,0.270554,0.999793
val_cc,0.000002,0.270539,0.999793
val_cc,0.000002,0.270524,0.999793
val_cc,0.000002,0.270508,0.999793
val_cc,0.000002,0.270493,0.999793
val_cc,0.000002,0.270478,0.999793
val_cc,0.000002,0.270463,0.999793
val_cc,0.000002,0.270448,0.999793
val_cc,0.000002,0.270432,0.999793
val_cc,0.000002,0.270417,0.999793
val_cc,0.000002,0.270402,0.999793
val_cc,0.000002,0.270387,0.999793
val_cc,0.000002,0.270372,0.999793
val_cc,0.000002,0.270357,0.999793
val_cc,0.000002,0.270342,0.999793
val_cc,0.000002,0.270326,0.999793
val_cc,0.000002,0.270311,0.999793
val_cc,0.000002,0.270296,0.999793
val_cc,0.000002,0.270281,0.999793
val_cc,0.000002,0.270266,0.999793
val_cc,0.000002,0.270251,0.999793
val_cc,0.000002,0.270235,0.999793
val_cc,0.000002,0.270220,0.999793
val_cc,0.000002,0.270205,0.999793
val_cc,0.000002,0.270190,0.999793
val_cc,0.000002,0.270175,0.999793
val_cc,0.000002,0.270160,0.999793
val_cc,0.000002,0.270145,0.999793
val_cc,0.000002,0.270129,0.999793
val_cc,0.000002,0.270114,0.999793
val_cc,0.000002,0.270099,0.999793
val_cc,0.000002,0.270084,0.999793
val_cc,0.000002,0.270069,0.999793
val_cc,0.000002,0.270054,0.999793
val_cc,0.000002,0.270039,0.999793
val_cc,0.000002,0.270024,0.999793
val_cc,0.000002,0.270008,0.999793
val_cc,0.000002,0.269993,0.999793
val_cc,0.000002,0.269978,0.999793
val_cc,0.000002,0.269963,0.999793
val_cc,0.000002,0.269948,0.999793
val_cc,0.000002,0.269933,0.999793
val_cc,0.000002,0.269918,0.999793
val_cc,0.000002,0.269903,0.999793
val_cc,0.000002,0.269887,0.999793
val_cc,0.000002,0.269872,0.999793
val_cc,0.000002,0.269857,0.999793
val_cc,0.000002,0.269842,0.999793
val_cc,0.000002,0.269827,0.999793
val_cc,0.000002,0.269812,0.999793
val_cc,0.000002,0.269797,0.999793
val_cc,0.000002,0.269782,0.999793
val_cc,0.000002,0.269767,0.999793
val_cc,0.000002,0.269752,0.999793
val_cc,0.000002,0.269736,0.999793
val_cc,0.000002,0.269721,0.999793
val_cc,0.000002,0.269706,0.999793
val_cc,0.000002,0.269691,0.999793
val_cc,0.000002,0.269676,0.999793
val_cc,0.000002,0.269661,0.999793
val_cc,0.000002,0.269646,0.999793
val_cc,0.000002,0.269631,0.999793
val_cc,0.000002,0.269616,0.999793
val_cc,0.000002,0.269601,0.999793
val_cc,0.000002,0.269586,0.999793
val_cc,0.000002,0.269571,0.999793
val_cc,0.000002,0.269555,0.999793
val_cc,0.000002,0.269540,0.999793
val_cc,0.000002,0.269525,0.999793
val_cc,0.000002,0.269510,0.999793
val_cc,0.000002,0.269495,0.999793
val_cc,0.000001,0.269480,0.999793
val_cc,0.000001,0.269465,0.999793
val_cc,0.000001,0.269450,0.999793
val_cc,0.000001,0.269435,0.999793
val_cc,0.000001,0.269420,0.999793
val_cc,0.000001,0.269405,0.999793
val_cc,0.000001,0.269390,0.999793
val_cc,0.000001,0.269375,0.999793
val_cc,0.000001,0.269360,0.999793
val_cc,0.000001,0.269345,0.999793
val_cc,0.000001,0.269330,0.999793
val_cc,0.000001,0.269315,0.999793
val_cc,0.000001,0.269300,0.999793
val_cc,0.000001,0.269284,0.999793
val_cc,0.000001,0.269269,0.999793
val_cc,0.000001,0.269254,0.999793
val_cc,0.000001,0.269239,0.999793
val_cc,0.000001,0.269224,0.999793
val_cc,0.000001,0.269209,0.999793
val_cc,0.000001,0.269194,0.999793
val_cc,0.000001,0.269179,0.999793
val_cc,0.000001,0.269164,0.999793
val_cc,0.000001,0.269149,0.999793
val_cc,0.000001,0.269134,0.999793
val_cc,0.000001,0.269119,0.999793
val_cc,0.000001,0.269104,0.999793
val_cc,0.000001,0.269089,0.999793
val_cc,0.000001,0.269074,0.999793
val_cc,0.000001,0.269059,0.999793
val_cc,0.000001,0.269044,0.999793
val_cc,0.000001,0.269029,0.999793
val_cc,0.000001,0.269014,0.999793
val_cc,0.000001,0.268999,0.999793
val_cc,0.000001,0.268984,0.999793
val_cc,0.000001,0.268969,0.999793
val_cc,0.000001,0.268954,0.999793
val_cc,0.000001,0.268939,0.999793
val_cc,0.000001,0.268924,0.999793
val_cc,0.000001,0.268894,0.999793
val_cc,0.000001,0.268879,0.999793
val_cc,0.000001,0.268864,0.999793
val_cc,0.000001,0.268849,0.999793
val_cc,0.000001,0.268834,0.999793
val_cc,0.000001,0.268819,0.999793
val_cc,0.000001,0.268804,0.999793
val_cc,0.000001,0.268789,0.999793
val_cc,0.000001,0.268774,0.999793
val_cc,0.000001,0.268759,0.999793
val_cc,0.000001,0.268744,0.999793
val_cc,0.000001,0.268729,0.999793
val_cc,0.000001,0.268714,0.999793
val_cc,0.000001,0.268699,0.999793
val_cc,0.000001,0.268684,0.999793
val_cc,0.000001,0.268669,0.999793
val_cc,0.000001,0.268654,0.999793
val_cc,0.000001,0.268639,0.999793
val_cc,0.000001,0.268624,0.999793
val_cc,0.000001,0.268609,0.999793
val_cc,0.000001,0.268594,0.999793
val_cc,0.000001,0.268579,0.999793
val_cc,0.000001,0.268564,0.999793
val_cc,0.000001,0.268549,0.999793
val_cc,0.000001,0.268535,0.999793
val_cc,0.000001,0.268520,0.999793
val_cc,0.000001,0.268505,0.999793
val_cc,0.000001,0.268490,0.999793
val_cc,0.000001,0.268475,0.999793
val_cc,0.000001,0.268460,0.999793
val_cc,0.000001,0.268445,0.999793
val_cc,0.000001,0.268430,0.999793
val_cc,0.000001,0.268415,0.999793
val_cc,0.000001,0.268400,0.999793
val_cc,0.000001,0.268385,0.999793
val_cc,0.000001,0.268370,0.999793
val_cc,0.000001,0.268355,0.999793
val_cc,0.000001,0.268340,0.999793
val_cc,0.000001,0.268325,0.999793
val_cc,0.000001,0.268310,0.999793
val_cc,0.000001,0.268295,0.999793
val_cc,0.000001,0.268280,0.999793
val_cc,0.000001,0.268266,0.999793
val_cc,0.000001,0.268251,0.999793
val_cc,0.000001,0.268236,0.999793
val_cc,0.000001,0.268221,0.999793
val_cc,0.000001,0.268206,0.999793
val_cc,0.000001,0.268191,0.999793
val_cc,0.000001,0.268176,0.999793
val_cc,0.000001,0.268161,0.999793
val_cc,0.000001,0.268146,0.999793
val_cc,0.000001,0.268131,0.999793
val_cc,0.000001,0.268116,0.999793
val_cc,0.000001,0.268101,0.999793
val_cc,0.000001,0.268087,0.999793
val_cc,0.000001,0.268072,0.999793
val_cc,0.000001,0.268057,0.999793
val_cc,0.000001,0.268042,0.999793
val_cc,0.000001,0.268027,0.999793
val_cc,0.000001,0.268012,0.999793
val_cc,0.000001,0.267997,0.999793
val_cc,0.000001,0.267982,0.999793
val_cc,0.000001,0.267967,0.999793
val_cc,0.000001,0.267952,0.999793
val_cc,0.000001,0.267938,0.999793
val_cc,0.000001,0.267923,0.999793
val_cc,0.000001,0.267908,0.999793
val_cc,0.000001,0.267893,0.999793
val_cc,0.000001,0.267878,0.999793
val_cc,0.000001,0.267863,0.999793
val_cc,0.000001,0.267848,0.999793
val_cc,0.000001,0.267833,0.999793
val_cc,0.000001,0.267818,0.999793
val_cc,0.000001,0.267804,0.999793
val_cc,0.000001,0.267789,0.999793
val_cc,0.000001,0.267774,0.999793
val_cc,0.000001,0.267759,0.999793
val_cc,0.000001,0.267744,0.999793
val_cc,0.000001,0.267729,0.999793
val_cc,0.000001,0.267714,0.999793
val_cc,0.000001,0.267699,0.999793
val_cc,0.000001,0.267685,0.999793
val_cc,0.000001,0.267670,0.999793
val_cc,0.000001,0.267655,0.999793
val_cc,0.000001,0.267640,0.999793
val_cc,0.000001,0.267625,0.999793
val_cc,0.000001,0.267610,0.999793
val_cc,0.000001,0.267595,0.999793
val_cc,0.000001,0.267581,0.999793
val_cc,0.000001,0.267566,0.999793
val_cc,0.000001,0.267551,0.999793
val_cc,0.000001,0.267536,0.999793
val_cc,0.000001,0.267521,0.999793
val_cc,0.000001,0.267506,0.999793
val_cc,0.000001,0.267492,0.999793
val_cc,0.000001,0.267477,0.999793
val_cc,0.000001,0.267462,0.999793
val_cc,0.000001,0.267447,0.999793
val_cc,0.000001,0.267432,0.999793
val_cc,0.000001,0.267417,0.999793
val_cc,0.000001,0.267403,0.999793
val_cc,0.000001,0.267388,0.999793
val_cc,0.000001,0.267373,0.999793
val_cc,0.000001,0.267358,0.999793
val_cc,0.000001,0.267343,0.999793
val_cc,0.000001,0.267328,0.999793
val_cc,0.000001,0.267314,0.999793
val_cc,0.000001,0.267299,0.999793
val_cc,0.000001,0.267284,0.999793
val_cc,0.000001,0.267269,0.999793
val_cc,0.000001,0.267254,0.999793
val_cc,0.000001,0.267239,0.999793
val_cc,0.000001,0.267225,0.999793
val_cc,0.000001,0.267210,0.999793
val_cc,0.000001,0.267195,0.999793
val_cc,0.000001,0.267180,0.999793
val_cc,0.000001,0.267165,0.999793
val_cc,0.000001,0.267151,0.999793
val_cc,0.000001,0.267136,0.999793
val_cc,0.000001,0.267121,0.999793
val_cc,0.000001,0.267106,0.999793
val_cc,0.000001,0.267091,0.999793
val_cc,0.000001,0.267077,0.999793
val_cc,0.000001,0.267062,0.999793
val_cc,0.000001,0.267047,0.999793
val_cc,0.000001,0.267032,0.999793
val_cc,0.000001,0.267017,0.999793
val_cc,0.000001,0.267003,0.999793
val_cc,0.000001,0.266988,0.999793
val_cc,0.000001,0.267028,1.000000
val_cc,0.000001,0.267014,1.000000
val_cc,0.000001,0.266999,1.000000
val_cc,0.000001,0.266984,1.000000
val_cc,0.000001,0.266969,1.000000
val_cc,0.000001,0.266955,1.000000
val_cc,0.000001,0.266940,1.000000
val_cc,0.000001,0.266925,1.000000
val_cc,0.000001,0.266910,1.000000
val_cc,0.000001,0.266895,1.000000
val_cc,0.000001,0.266881,1.000000
val_cc,0.000001,0.266866,1.000000
val_cc,0.000001,0.266851,1.000000
val_cc,0.000001,0.266836,1.000000
val_cc,0.000001,0.266822,1.000000
val_cc,0.000001,0.266807,1.000000
val_cc,0.000001,0.266792,1.000000
val_cc,0.000001,0.266777,1.000000
val_cc,0.000001,0.266763,1.000000
val_cc,0.000001,0.266748,1.000000
val_cc,0.000001,0.266733,1.000000
val_cc,0.000001,0.266718,1.000000
val_cc,0.000001,0.266704,1.000000
val_cc,0.000001,0.266689,1.000000
val_cc,0.000001,0.266674,1.000000
val_cc,0.000001,0.266659,1.000000
val_cc,0.000001,0.266645,1.000000
val_cc,0.000001,0.266630,1.000000
val_cc,0.000001,0.266615,1.000000
val_cc,0.000001,0.266600,1.000000
val_cc,0.000001,0.266586,1.000000
val_cc,0.000001,0.266571,1.000000
val_cc,0.000001,0.266556,1.000000
val_cc,0.000001,0.266541,1.000000
val_cc,0.000001,0.266527,1.000000
val_cc,0.000001,0.266512,1.000000
val_cc,0.000001,0.266497,1.000000
val_cc,0.000001,0.266482,1.000000
val_cc,0.000001,0.266468,1.000000
val_cc,0.000001,0.266453,1.000000
val_cc,0.000001,0.266438,1.000000
val_cc,0.000001,0.266424,1.000000
val_cc,0.000001,0.266409,1.000000
val_cc,0.000001,0.266394,1.000000
val_cc,0.000001,0.266379,1.000000
val_cc,0.000001,0.266365,1.000000
val_cc,0.000001,0.266350,1.000000
val_cc,0.000001,0.266335,1.000000
val_cc,0.000001,0.266321,1.000000
val_cc,0.000001,0.266306,1.000000
val_cc,0.000001,0.266291,1.000000
val_cc,0.000001,0.266276,1.000000
val_cc,0.000001,0.266262,1.000000
val_cc,0.000001,0.266247,1.000000
val_cc,0.000001,0.266232,1.000000
val_cc,0.000001,0.266218,1.000000
val_cc,0.000001,0.266203,1.000000
val_cc,0.000001,0.266188,1.000000
val_cc,0.000001,0.266174,1.000000
val_cc,0.000001,0.266159,1.000000
val_cc,0.000001,0.266144,1.000000
val_cc,0.000001,0.266129,1.000000
val_cc,0.000001,0.266115,1.000000
val_cc,0.000001,0.266100,1.000000
val_cc,0.000001,0.266085,1.000000
val_cc,0.000001,0.266071,1.000000
val_cc,0.000001,0.266056,1.000000
val_cc,0.000001,0.266041,1.000000
val_cc,0.000001,0.266027,1.000000
val_cc,0.000001,0.266012,1.000000
val_cc,0.000001,0.265997,1.000000
val_cc,0.000001,0.265983,1.000000
val_cc,0.000001,0.265968,1.000000
val_cc,0.000001,0.265953,1.000000
val_cc,0.000001,0.265939,1.000000
val_cc,0.000001,0.265924,1.000000
val_cc,0.000001,0.265909,1.000000
val_cc,0.000001,0.265895,1.000000
val_cc,0.000001,0.265880,1.000000
val_cc,0.000001,0.265865,1.000000
val_cc,0.000001,0.265851,1.000000
val_cc,0.000001,0.265836,1.000000
val_cc,0.000001,0.265821,1.000000
val_cc,0.000001,0.265807,1.000000
val_cc,0.000001,0.265792,1.000000
val_cc,0.000001,0.265777,1.000000
val_cc,0.000001,0.265763,1.000000
val_cc,0.000001,0.265748,1.000000
val_cc,0.000001,0.265733,1.000000
val_cc,0.000001,0.265719,1.000000
val_cc,0.000001,0.265704,1.000000
val_cc,0.000001,0.265690,1.000000
val_cc,0.000001,0.265675,1.000000
val_cc,0.000001,0.265660,1.000000
val_cc,0.000001,0.265646,1.000000
val_cc,0.000001,0.265631,1.000000
val_cc,0.000001,0.265616,1.000000
val_cc,0.000001,0.265602,1.000000
val_cc,0.000001,0.265587,1.000000
val_cc,0.000001,0.265573,1.000000
val_cc,0.000001,0.265558,1.000000
val_cc,0.000001,0.265543,1.000000
val_cc,0.000001,0.265529,1.000000
val_cc,0.000001,0.265514,1.000000
val_cc,0.000001,0.265499,1.000000
val_cc,0.000001,0.265485,1.000000
val_cc,0.000001,0.265470,1.000000
val_cc,0.000001,0.265456,1.000000
val_cc,0.000001,0.265441,1.000000
val_cc,0.000001,0.265426,1.000000
val_cc,0.000001,0.265412,1.000000
val_cc,0.000001,0.265397,1.000000
val_cc,0.000001,0.265382,1.000000
val_cc,0.000001,0.265368,1.000000
val_cc,0.000001,0.265353,1.000000
val_cc,0.000001,0.265339,1.000000
val_cc,0.000001,0.265324,1.000000
val_cc,0.000001,0.265309,1.000000
val_cc,0.000001,0.265295,1.000000
val_cc,0.000001,0.265280,1.000000
val_cc,0.000001,0.265266,1.000000
val_cc,0.000001,0.265251,1.000000
val_cc,0.000001,0.265237,1.000000
val_cc,0.000001,0.265222,1.000000
val_cc,0.000001,0.265207,1.000000
val_cc,0.000001,0.265193,1.000000
val_cc,0.000001,0.265178,1.000000
val_cc,0.000001,0.265164,1.000000
val_cc,0.000001,0.265149,1.000000
val_cc,0.000001,0.265134,1.000000
val_cc,0.000001,0.265120,1.000000
val_cc,0.000001,0.265105,1.000000
val_cc,0.000001,0.265091,1.000000
val_cc,0.000001,0.265076,1.000000
val_cc,0.000001,0.265062,1.000000
val_cc,0.000001,0.265047,1.000000
val_cc,0.000001,0.265032,1.000000
val_cc,0.000001,0.265018,1.000000
val_cc,0.000001,0.265003,1.000000
val_cc,0.000001,0.264989,1.000000
val_cc,0.000001,0.264974,1.000000
val_cc,0.000001,0.264960,1.000000
val_cc,0.000001,0.264945,1.000000
val_cc,0.000001,0.264930,1.000000
val_cc,0.000001,0.264916,1.000000
val_cc,0.000001,0.264901,1.000000
val_cc,0.000001,0.264887,1.000000
val_cc,0.000001,0.264872,1.000000
val_cc,0.000001,0.264858,1.000000
val_cc,0.000001,0.264843,1.000000
val_cc,0.000001,0.264829,1.000000
val_cc,0.000001,0.264814,1.000000
val_cc,0.000001,0.264800,1.000000
val_cc,0.000001,0.264785,1.000000
val_cc,0.000001,0.264770,1.000000
val_cc,0.000001,0.264756,1.000000
val_cc,0.000001,0.264741,1.000000
val_cc,0.000001,0.264727,1.000000
val_cc,0.000001,0.264712,1.000000
val_cc,0.000001,0.264698,1.000000
val_cc,0.000001,0.264683,1.000000
val_cc,0.000001,0.264669,1.000000
val_cc,0.000001,0.264654,1.000000
val_cc,0.000001,0.264640,1.000000
val_cc,0.000001,0.264625,1.000000
val_cc,0.000001,0.264611,1.000000
val_cc,0.000001,0.264596,1.000000
val_cc,0.000001,0.264582,1.000000
val_cc,0.000001,0.264567,1.000000
val_cc,0.000001,0.264553,1.000000
val_cc,0.000001,0.264538,1.000000
val_cc,0.000001,0.264524,1.000000
val_cc,0.000001,0.264509,1.000000
val_cc,0.000001,0.264495,1.000000
val_cc,0.000001,0.264480,1.000000
val_cc,0.000001,0.264466,1.000000
val_cc,0.000001,0.264451,1.000000
val_cc,0.000001,0.264437,1.000000
val_cc,0.000001,0.264422,1.000000
val_cc,0.000001,0.264408,1.000000
val_cc,0.000001,0.264393,1.000000
val_cc,0.000001,0.264379,1.000000
val_cc,0.000001,0.264364,1.000000
val_cc,0.000001,0.264350,1.000000
val_cc,0.000001,0.264335,1.000000
val_cc,0.000001,0.264321,1.000000
val_cc,0.000001,0.264306,1.000000
val_cc,0.000001,0.264292,1.000000
val_cc,0.000001,0.264277,1.000000
val_cc,0.000001,0.264263,1.000000
val_cc,0.000001,0.264248,1.000000
val_cc,0.000001,0.264234,1.000000
val_cc,0.000001,0.264219,1.000000
val_cc,0.000001,0.264205,1.000000
val_cc,0.000001,0.264190,1.000000
val_cc,0.000001,0.264176,1.000000
val_cc,0.000001,0.264161,1.000000
val_cc,0.000001,0.264147,1.000000
val_cc,0.000001,0.264132,1.000000
val_cc,0.000001,0.264118,1.000000
val_cc,0.000001,0.264103,1.000000
val_cc,0.000001,0.264089,1.000000
val_cc,0.000001,0.264074,1.000000
val_cc,0.000001,0.264060,1.000000
val_cc,0.000001,0.264046,1.000000
val_cc,0.000001,0.264031,1.000000
val_cc,0.000001,0.264017,1.000000
val_cc,0.000001,0.264002,1.000000
val_cc,0.000001,0.263988,1.000000
val_cc,0.000001,0.263973,1.000000
val_cc,0.000001,0.263959,1.000000
val_cc,0.000001,0.263944,1.000000
val_cc,0.000001,0.263930,1.000000
val_cc,0.000001,0.263915,1.000000
val_cc,0.000001,0.263901,1.000000
val_cc,0.000001,0.263887,1.000000
val_cc,0.000001,0.263872,1.000000
val_cc,0.000001,0.263858,1.000000
val_cc,0.000001,0.263843,1.000000
val_cc,0.000001,0.263829,1.000000
val_cc,0.000001,0.263814,1.000000
val_cc,0.000001,0.263800,1.000000
val_cc,0.000001,0.263786,1.000000
val_cc,0.000001,0.263771,1.000000
val_cc,0.000001,0.263757,1.000000
val_cc,0.000001,0.263742,1.000000
val_cc,0.000001,0.263728,1.000000
val_cc,0.000001,0.263713,1.000000
val_cc,0.000001,0.263699,1.000000
val_cc,0.000001,0.263685,1.000000
val_cc,0.000001,0.263670,1.000000
val_cc,0.000001,0.263656,1.000000
val_cc,0.000001,0.263641,1.000000
val_cc,0.000001,0.263627,1.000000
val_cc,0.000001,0.263613,1.000000
val_cc,0.000001,0.263598,1.000000
val_cc,0.000001,0.263584,1.000000
val_cc,0.000001,0.263569,1.000000
val_cc,0.000001,0.263555,1.000000
val_cc,0.000000,0.263540,1.000000
val_cc,0.000000,0.263526,1.000000
val_cc,0.000000,0.263512,1.000000
val_cc,0.000000,0.263497,1.000000
val_cc,0.000000,0.263483,1.000000
val_cc,0.000000,0.263468,1.000000
val_cc,0.000000,0.263454,1.000000
val_cc,0.000000,0.263440,1.000000
val_cc,0.000000,0.263425,1.000000
val_cc,0.000000,0.263411,1.000000
val_cc,0.000000,0.263397,1.000000
val_cc,0.000000,0.263382,1.000000
val_cc,0.000000,0.263368,1.000000
val_cc,0.000000,0.263353,1.000000
val_cc,0.000000,0.263339,1.000000
val_cc,0.000000,0.263325,1.000000
val_cc,0.000000,0.263310,1.000000
val_cc,0.000000,0.263296,1.000000
val_cc,0.000000,0.263281,1.000000
val_cc,0.000000,0.263267,1.000000
val_cc,0.000000,0.263253,1.000000
val_cc,0.000000,0.263238,1.000000
val_cc,0.000000,0.263224,1.000000
val_cc,0.000000,0.263210,1.000000
val_cc,0.000000,0.263195,1.000000
val_cc,0.000000,0.263181,1.000000
val_cc,0.000000,0.263167,1.000000
val_cc,0.000000,0.263152,1.000000
val_cc,0.000000,0.263138,1.000000
val_cc,0.000000,0.263123,1.000000
val_cc,0.000000,0.263109,1.000000
val_cc,0.000000,0.263095,1.000000
val_cc,0.000000,0.263080,1.000000
val_cc,0.000000,0.263066,1.000000
val_cc,0.000000,0.263052,1.000000
val_cc,0.000000,0.263037,1.000000
val_cc,0.000000,0.263023,1.000000
val_cc,0.000000,0.263009,1.000000
val_cc,0.000000,0.262994,1.000000
val_cc,0.000000,0.262980,1.000000
val_cc,0.000000,0.262966,1.000000
val_cc,0.000000,0.262951,1.000000
val_cc,0.000000,0.262937,1.000000
val_cc,0.000000,0.262923,1.000000
val_cc,0.000000,0.262908,1.000000
val_cc,0.000000,0.262894,1.000000
val_cc,0.000000,0.262880,1.000000
val_cc,0.000000,0.262865,1.000000
val_cc,0.000000,0.262851,1.000000
val_cc,0.000000,0.262837,1.000000
val_cc,0.000000,0.262822,1.000000
val_cc,0.000000,0.262808,1.000000
val_cc,0.000000,0.262794,1.000000
val_cc,0.000000,0.262779,1.000000
val_cc,0.000000,0.262765,1.000000
val_cc,0.000000,0.262751,1.000000
val_cc,0.000000,0.262736,1.000000
val_cc,0.000000,0.262722,1.000000
val_cc,0.000000,0.262708,1.000000
val_cc,0.000000,0.262693,1.000000
val_cc,0.000000,0.262679,1.000000
val_cc,0.000000,0.262665,1.000000
val_cc,0.000000,0.262650,1.000000
val_cc,0.000000,0.262636,1.000000
val_cc,0.000000,0.262622,1.000000
val_cc,0.000000,0.262608,1.000000
val_cc,0.000000,0.262593,1.000000
val_cc,0.000000,0.262579,1.000000
val_cc,0.000000,0.262565,1.000000
val_cc,0.000000,0.262550,1.000000
val_cc,0.000000,0.262536,1.000000
val_cc,0.000000,0.262522,1.000000
val_cc,0.000000,0.262507,1.000000
val_cc,0.000000,0.262493,1.000000
val_cc,0.000000,0.262479,1.000000
val_cc,0.000000,0.262465,1.000000
val_cc,0.000000,0.262450,1.000000
val_cc,0.000000,0.262436,1.000000
val_cc,0.000000,0.262422,1.000000
val_cc,0.000000,0.262407,1.000000
val_cc,0.000000,0.262393,1.000000
val_cc,0.000000,0.262379,1.000000
val_cc,0.000000,0.262365,1.000000
val_cc,0.000000,0.262350,1.000000
val_cc,0.000000,0.262336,1.000000
val_cc,0.000000,0.262322,1.000000
val_cc,0.000000,0.262308,1.000000
val_cc,0.000000,0.262293,1.000000
val_cc,0.000000,0.262279,1.000000
val_cc,0.000000,0.262265,1.000000
val_cc,0.000000,0.262251,1.000000
val_cc,0.000000,0.262236,1.000000
val_cc,0.000000,0.262222,1.000000
val_cc,0.000000,0.262208,1.000000
val_cc,0.000000,0.262193,1.000000
val_cc,0.000000,0.262179,1.000000
val_cc,0.000000,0.262165,1.000000
val_cc,0.000000,0.262151,1.000000
val_cc,0.000000,0.262136,1.000000
val_cc,0.000000,0.262122,1.000000
val_cc,0.000000,0.262108,1.000000
val_cc,0.000000,0.262094,1.000000
val_cc,0.000000,0.262079,1.000000
val_cc,0.000000,0.262065,1.000000
val_cc,0.000000,0.262051,1.000000
val_cc,0.000000,0.262037,1.000000
val_cc,0.000000,0.262022,1.000000
val_cc,0.000000,0.262008,1.000000
val_cc,0.000000,0.261994,1.000000
val_cc,0.000000,0.261980,1.000000
val_cc,0.000000,0.261966,1.000000
val_cc,0.000000,0.261951,1.000000
val_cc,0.000000,0.261937,1.000000
val_cc,0.000000,0.261923,1.000000
val_cc,0.000000,0.261909,1.000000
val_cc,0.000000,0.261894,1.000000
val_cc,0.000000,0.261880,1.000000
val_cc,0.000000,0.261866,1.000000
val_cc,0.000000,0.261852,1.000000
val_cc,0.000000,0.261838,1.000000
val_cc,0.000000,0.261823,1.000000
val_cc,0.000000,0.261809,1.000000
val_cc,0.000000,0.261795,1.000000
val_cc,0.000000,0.261781,1.000000
val_cc,0.000000,0.261766,1.000000
val_cc,0.000000,0.261752,1.000000
val_cc,0.000000,0.261738,1.000000
val_cc,0.000000,0.261724,1.000000
val_cc,0.000000,0.261710,1.000000
val_cc,0.000000,0.261695,1.000000
val_cc,0.000000,0.261681,1.000000
val_cc,0.000000,0.261667,1.000000
val_cc,0.000000,0.261653,1.000000
val_cc,0.000000,0.261639,1.000000
val_cc,0.000000,0.261624,1.000000
val_cc,0.000000,0.261610,1.000000
val_cc,0.000000,0.261596,1.000000
val_cc,0.000000,0.261582,1.000000
val_cc,0.000000,0.261568,1.000000
val_cc,0.000000,0.261553,1.000000
val_cc,0.000000,0.261539,1.000000
val_cc,0.000000,0.261525,1.000000
val_cc,0.000000,0.261511,1.000000
val_cc,0.000000,0.261497,1.000000
val_cc,0.000000,0.261483,1.000000
val_cc,0.000000,0.261468,1.000000
val_cc,0.000000,0.261454,1.000000
val_cc,0.000000,0.261440,1.000000
val_cc,0.000000,0.261426,1.000000
val_cc,0.000000,0.261412,1.000000
val_cc,0.000000,0.261398,1.000000
val_cc,0.000000,0.261383,1.000000
val_cc,0.000000,0.261369,1.000000
val_cc,0.000000,0.261355,1.000000
val_cc,0.000000,0.261341,1.000000
val_cc,0.000000,0.261327,1.000000
val_cc,0.000000,0.261313,1.000000
val_cc,0.000000,0.261298,1.000000
val_cc,0.000000,0.261284,1.000000
val_cc,0.000000,0.261270,1.000000
val_cc,0.000000,0.261256,1.000000
val_cc,0.000000,0.261242,1.000000
val_cc,0.000000,0.261228,1.000000
val_cc,0.000000,0.261213,1.000000
val_cc,0.000000,0.261199,1.000000
val_cc,0.000000,0.261185,1.000000
val_cc,0.000000,0.261171,1.000000
val_cc,0.000000,0.261157,1.000000
val_cc,0.000000,0.261143,1.000000
val_cc,0.000000,0.261129,1.000000
val_cc,0.000000,0.261114,1.000000
val_cc,0.000000,0.261100,1.000000
val_cc,0.000000,0.261086,1.000000
val_cc,0.000000,0.261072,1.000000
val_cc,0.000000,0.261058,1.000000
val_cc,0.000000,0.261044,1.000000
val_cc,0.000000,0.261030,1.000000
val_cc,0.000000,0.261015,1.000000
val_cc,0.000000,0.261001,1.000000
val_cc,0.000000,0.260987,1.000000
val_cc,0.000000,0.260973,1.000000
val_cc,0.000000,0.260959,1.000000
val_cc,0.000000,0.260945,1.000000
val_cc,0.000000,0.260931,1.000000
val_cc,0.000000,0.260917,1.000000
val_cc,0.000000,0.260902,1.000000
val_cc,0.000000,0.260888,1.000000
val_cc,0.000000,0.260874,1.000000
val_cc,0.000000,0.260860,1.000000
val_cc,0.000000,0.260846,1.000000
val_cc,0.000000,0.260832,1.000000
val_cc,0.000000,0.260818,1.000000
val_cc,0.000000,0.260804,1.000000
val_cc,0.000000,0.260790,1.000000
val_cc,0.000000,0.260776,1.000000
val_cc,0.000000,0.260761,1.000000
val_cc,0.000000,0.260747,1.000000
val_cc,0.000000,0.260733,1.000000
val_cc,0.000000,0.260719,1.000000
val_cc,0.000000,0.260705,1.000000
val_cc,0.000000,0.260691,1.000000
val_cc,0.000000,0.260677,1.000000
val_cc,0.000000,0.260663,1.000000
val_cc,0.000000,0.260649,1.000000
val_cc,0.000000,0.260635,1.000000
val_cc,0.000000,0.260620,1.000000
val_cc,0.000000,0.260606,1.000000
val_cc,0.000000,0.260592,1.000000
val_cc,0.000000,0.260578,1.000000
val_cc,0.000000,0.260564,1.000000
val_cc,0.000000,0.260550,1.000000
val_cc,0.000000,0.260536,1.000000
val_cc,0.000000,0.260522,1.000000
val_cc,0.000000,0.260508,1.000000
val_cc,0.000000,0.260494,1.000000
val_cc,0.000000,0.260480,1.000000
val_cc,0.000000,0.260466,1.000000
val_cc,0.000000,0.260452,1.000000
val_cc,0.000000,0.260437,1.000000
val_cc,0.000000,0.260423,1.000000
val_cc,0.000000,0.260409,1.000000
val_cc,0.000000,0.260395,1.000000
val_cc,0.000000,0.260381,1.000000
val_cc,0.000000,0.260367,1.000000
val_cc,0.000000,0.260353,1.000000
val_cc,0.000000,0.260339,1.000000
val_cc,0.000000,0.260325,1.000000
val_cc,0.000000,0.260311,1.000000
val_cc,0.000000,0.260297,1.000000
val_cc,0.000000,0.260283,1.000000
val_cc,0.000000,0.260269,1.000000
val_cc,0.000000,0.260255,1.000000
val_cc,0.000000,0.260241,1.000000
val_cc,0.000000,0.260227,1.000000
val_cc,0.000000,0.260213,1.000000
val_cc,0.000000,0.260199,1.000000
val_cc,0.000000,0.260185,1.000000
val_cc,0.000000,0.260170,1.000000
val_cc,0.000000,0.260156,1.000000
val_cc,0.000000,0.260142,1.000000
val_cc,0.000000,0.260128,1.000000
val_cc,0.000000,0.260114,1.000000
val_cc,0.000000,0.260100,1.000000
val_cc,0.000000,0.260086,1.000000
val_cc,0.000000,0.260072,1.000000
val_cc,0.000000,0.260058,1.000000
val_cc,0.000000,0.260044,1.000000
val_cc,0.000000,0.260030,1.000000
val_cc,0.000000,0.260016,1.000000
val_cc,0.000000,0.260002,1.000000
val_cc,0.000000,0.259988,1.000000
val_cc,0.000000,0.259974,1.000000
val_cc,0.000000,0.259960,1.000000
val_cc,0.000000,0.259946,1.000000
val_cc,0.000000,0.259932,1.000000
val_cc,0.000000,0.259918,1.000000
val_cc,0.000000,0.259904,1.000000
val_cc,0.000000,0.259890,1.000000
val_cc,0.000000,0.259876,1.000000
val_cc,0.000000,0.259862,1.000000
val_cc,0.000000,0.259848,1.000000
val_cc,0.000000,0.259834,1.000000
val_cc,0.000000,0.259820,1.000000
val_cc,0.000000,0.259806,1.000000
val_cc,0.000000,0.259792,1.000000
val_cc,0.000000,0.259778,1.000000
val_cc,0.000000,0.259764,1.000000
val_cc,0.000000,0.259750,1.000000
val_cc,0.000000,0.259736,1.000000
val_cc,0.000000,0.259722,1.000000
val_cc,0.000000,0.259708,1.000000
val_cc,0.000000,0.259694,1.000000
val_cc,0.000000,0.259680,1.000000
val_cc,0.000000,0.259666,1.000000
val_cc,0.000000,0.259652,1.000000
val_cc,0.000000,0.259638,1.000000
val_cc,0.000000,0.259624,1.000000
val_cc,0.000000,0.259610,1.000000
val_cc,0.000000,0.259596,1.000000
val_cc,0.000000,0.259582,1.000000
val_cc,0.000000,0.259568,1.000000
val_cc,0.000000,0.259554,1.000000
val_cc,0.000000,0.259540,1.000000
val_cc,0.000000,0.259526,1.000000
val_cc,0.000000,0.259512,1.000000
val_cc,0.000000,0.259498,1.000000
val_cc,0.000000,0.259484,1.000000
val_cc,0.000000,0.259471,1.000000
val_cc,0.000000,0.259457,1.000000
val_cc,0.000000,0.259443,1.000000
val_cc,0.000000,0.259429,1.000000
val_cc,0.000000,0.259415,1.000000
val_cc,0.000000,0.259401,1.000000
val_cc,0.000000,0.259387,1.000000
val_cc,0.000000,0.259373,1.000000
val_cc,0.000000,0.259359,1.000000
val_cc,0.000000,0.259345,1.000000
val_cc,0.000000,0.259331,1.000000
val_cc,0.000000,0.259317,1.000000
val_cc,0.000000,0.259303,1.000000
val_cc,0.000000,0.259289,1.000000
val_cc,0.000000,0.259275,1.000000
val_cc,0.000000,0.259261,1.000000
val_cc,0.000000,0.259247,1.000000
val_cc,0.000000,0.259233,1.000000
val_cc,0.000000,0.259219,1.000000
val_cc,0.000000,0.259206,1.000000
val_cc,0.000000,0.259192,1.000000
val_cc,0.000000,0.259178,1.000000
val_cc,0.000000,0.259164,1.000000
val_cc,0.000000,0.259150,1.000000
val_cc,0.000000,0.259136,1.000000
val_cc,0.000000,0.259122,1.000000
val_cc,0.000000,0.259108,1.000000
val_cc,0.000000,0.259094,1.000000
val_cc,0.000000,0.259080,1.000000
val_cc,0.000000,0.259066,1.000000
val_cc,0.000000,0.259052,1.000000
val_cc,0.000000,0.259038,1.000000
val_cc,0.000000,0.259024,1.000000
val_cc,0.000000,0.259011,1.000000
val_cc,0.000000,0.258997,1.000000
val_cc,0.000000,0.258983,1.000000
val_cc,0.000000,0.258969,1.000000
val_cc,0.000000,0.258955,1.000000
val_cc,0.000000,0.258941,1.000000
val_cc,0.000000,0.258927,1.000000
val_cc,0.000000,0.258913,1.000000
val_cc,0.000000,0.258899,1.000000
val_cc,0.000000,0.258885,1.000000
val_cc,0.000000,0.258872,1.000000
val_cc,0.000000,0.258858,1.000000
val_cc,0.000000,0.258844,1.000000
val_cc,0.000000,0.258830,1.000000
val_cc,0.000000,0.258816,1.000000
val_cc,0.000000,0.258802,1.000000
val_cc,0.000000,0.258788,1.000000
val_cc,0.000000,0.258774,1.000000
val_cc,0.000000,0.258760,1.000000
val_cc,0.000000,0.258747,1.000000
val_cc,0.000000,0.258733,1.000000
val_cc,0.000000,0.258719,1.000000
val_cc,0.000000,0.258705,1.000000
val_cc,0.000000,0.258691,1.000000
val_cc,0.000000,0.258677,1.000000
val_cc,0.000000,0.258663,1.000000
val_cc,0.000000,0.258649,1.000000
val_cc,0.000000,0.258635,1.000000
val_cc,0.000000,0.258622,1.000000
val_cc,0.000000,0.258608,1.000000
val_cc,0.000000,0.258594,1.000000
val_cc,0.000000,0.258580,1.000000
val_cc,0.000000,0.258566,1.000000
val_cc,0.000000,0.258552,1.000000
val_cc,0.000000,0.258538,1.000000
val_cc,0.000000,0.258525,1.000000
val_cc,0.000000,0.258511,1.000000
val_cc,0.000000,0.258497,1.000000
val_cc,0.000000,0.258483,1.000000
val_cc,0.000000,0.258469,1.000000
val_cc,0.000000,0.258455,1.000000
val_cc,0.000000,0.258441,1.000000
val_cc,0.000000,0.258428,1.000000
val_cc,0.000000,0.258414,1.000000
val_cc,0.000000,0.258400,1.000000
val_cc,0.000000,0.258386,1.000000
val_cc,0.000000,0.258372,1.000000
val_cc,0.000000,0.258358,1.000000
val_cc,0.000000,0.258344,1.000000
val_cc,0.000000,0.258331,1.000000
val_cc,0.000000,0.258317,1.000000
val_cc,0.000000,0.258303,1.000000
val_cc,0.000000,0.258289,1.000000
val_cc,0.000000,0.258275,1.000000
val_cc,0.000000,0.258261,1.000000
val_cc,0.000000,0.258248,1.000000
val_cc,0.000000,0.258234,1.000000
val_cc,0.000000,0.258220,1.000000
val_cc,0.000000,0.258206,1.000000
val_cc,0.000000,0.258192,1.000000
val_cc,0.000000,0.258179,1.000000
val_cc,0.000000,0.258165,1.000000
val_cc,0.000000,0.258151,1.000000
val_cc,0.000000,0.258137,1.000000
val_cc,0.000000,0.258123,1.000000
val_cc,0.000000,0.258109,1.000000
val_cc,0.000000,0.258096,1.000000
val_cc,0.000000,0.258082,1.000000
val_cc,0.000000,0.258068,1.000000
val_cc,0.000000,0.258054,1.000000
val_cc,0.000000,0.258040,1.000000
val_cc,0.000000,0.258027,1.000000
val_cc,0.000000,0.258013,1.000000
val_cc,0.000000,0.257999,1.000000
val_cc,0.000000,0.257985,1.000000
val_cc,0.000000,0.257971,1.000000
val_cc,0.000000,0.257958,1.000000
val_cc,0.000000,0.257944,1.000000
val_cc,0.000000,0.257930,1.000000
val_cc,0.000000,0.257916,1.000000
val_cc,0.000000,0.257902,1.000000
val_cc,0.000000,0.257889,1.000000
val_cc,0.000000,0.257875,1.000000
val_cc,0.000000,0.257861,1.000000
val_cc,0.000000,0.257847,1.000000
val_cc,0.000000,0.257833,1.000000
val_cc,0.000000,0.257820,1.000000
val_cc,0.000000,0.257806,1.000000
val_cc,0.000000,0.257792,1.000000
val_cc,0.000000,0.257778,1.000000
val_cc,0.000000,0.257764,1.000000
val_cc,0.000000,0.257751,1.000000
val_cc,0.000000,0.257737,1.000000
val_cc,0.000000,0.257723,1.000000
val_cc,0.000000,0.257709,1.000000
val_cc,0.000000,0.257696,1.000000
val_cc,0.000000,0.257682,1.000000
val_cc,0.000000,0.257668,1.000000
val_cc,0.000000,0.257654,1.000000
val_cc,0.000000,0.257641,1.000000
val_cc,0.000000,0.257627,1.000000
val_cc,0.000000,0.257613,1.000000
val_cc,0.000000,0.257599,1.000000
val_cc,0.000000,0.257585,1.000000
val_cc,0.000000,0.257572,1.000000
val_cc,0.000000,0.257558,1.000000
val_cc,0.000000,0.257544,1.000000
val_cc,0.000000,0.257530,1.000000
val_cc,0.000000,0.257517,1.000000
val_cc,0.000000,0.257503,1.000000
val_cc,0.000000,0.257489,1.000000
val_cc,0.000000,0.257475,1.000000
val_cc,0.000000,0.257462,1.000000
val_cc,0.000000,0.257448,1.000000
val_cc,0.000000,0.257434,1.000000
val_cc,0.000000,0.257420,1.000000
val_cc,0.000000,0.257407,1.000000
val_cc,0.000000,0.257393,1.000000
val_cc,0.000000,0.257379,1.000000
val_cc,0.000000,0.257365,1.000000
val_cc,0.000000,0.257352,1.000000
val_cc,0.000000,0.257338,1.000000
val_cc,0.000000,0.257324,1.000000
val_cc,0.000000,0.257311,1.000000
val_cc,0.000000,0.257297,1.000000
val_cc,0.000000,0.257283,1.000000
val_cc,0.000000,0.257269,1.000000
val_cc,0.000000,0.257256,1.000000
val_cc,0.000000,0.257242,1.000000
val_cc,0.000000,0.257228,1.000000
val_cc,0.000000,0.257214,1.000000
val_cc,0.000000,0.257201,1.000000
val_cc,0.000000,0.257187,1.000000
val_cc,0.000000,0.257173,1.000000
val_cc,0.000000,0.257160,1.000000
val_cc,0.000000,0.257146,1.000000
val_cc,0.000000,0.257132,1.000000
val_cc,0.000000,0.257118,1.000000
val_cc,0.000000,0.257105,1.000000
val_cc,0.000000,0.257091,1.000000
val_cc,0.000000,0.257077,1.000000
val_cc,0.000000,0.257064,1.000000
val_cc,0.000000,0.257050,1.000000
val_cc,0.000000,0.257036,1.000000
val_cc,0.000000,0.257023,1.000000
val_cc,0.000000,0.257009,1.000000
val_cc,0.000000,0.256995,1.000000
val_cc,0.000000,0.256981,1.000000
val_cc,0.000000,0.256968,1.000000
val_cc,0.000000,0.256954,1.000000
val_cc,0.000000,0.256940,1.000000
val_cc,0.000000,0.256927,1.000000
val_cc,0.000000,0.256913,1.000000
val_cc,0.000000,0.256899,1.000000
val_cc,0.000000,0.256886,1.000000
val_cc,0.000000,0.256872,1.000000
val_cc,0.000000,0.256858,1.000000
val_cc,0.000000,0.256845,1.000000
val_cc,0.000000,0.256831,1.000000
val_cc,0.000000,0.256817,1.000000
val_cc,0.000000,0.256804,1.000000
val_cc,0.000000,0.256790,1.000000
val_cc,0.000000,0.256776,1.000000
val_cc,0.000000,0.256763,1.000000
val_cc,0.000000,0.256749,1.000000
val_cc,0.000000,0.256735,1.000000
val_cc,0.000000,0.256722,1.000000
val_cc,0.000000,0.256708,1.000000
val_cc,0.000000,0.256694,1.000000
val_cc,0.000000,0.256681,1.000000
val_cc,0.000000,0.256667,1.000000
val_cc,0.000000,0.256653,1.000000
val_cc,0.000000,0.256640,1.000000
val_cc,0.000000,0.256626,1.000000
val_cc,0.000000,0.256612,1.000000
val_cc,0.000000,0.256599,1.000000
val_cc,0.000000,0.256585,1.000000
val_cc,0.000000,0.256571,1.000000
val_cc,0.000000,0.256558,1.000000
val_cc,0.000000,0.256544,1.000000
val_cc,0.000000,0.256530,1.000000
val_cc,0.000000,0.256517,1.000000
val_cc,0.000000,0.256503,1.000000
val_cc,0.000000,0.256489,1.000000
val_cc,0.000000,0.256476,1.000000
val_cc,0.000000,0.256462,1.000000
val_cc,0.000000,0.256448,1.000000
val_cc,0.000000,0.256435,1.000000
val_cc,0.000000,0.256421,1.000000
val_cc,0.000000,0.256408,1.000000
val_cc,0.000000,0.256394,1.000000
val_cc,0.000000,0.256380,1.000000
val_cc,0.000000,0.256367,1.000000
val_cc,0.000000,0.256353,1.000000
val_cc,0.000000,0.256339,1.000000
val_cc,0.000000,0.256326,1.000000
val_cc,0.000000,0.256312,1.000000
val_cc,0.000000,0.256299,1.000000
val_cc,0.000000,0.256285,1.000000
val_cc,0.000000,0.256271,1.000000
val_cc,0.000000,0.256258,1.000000
val_cc,0.000000,0.256244,1.000000
val_cc,0.000000,0.256230,1.000000
val_cc,0.000000,0.256217,1.000000
val_cc,0.000000,0.256203,1.000000
val_cc,0.000000,0.256190,1.000000
val_cc,0.000000,0.256176,1.000000
val_cc,0.000000,0.256162,1.000000
val_cc,0.000000,0.256149,1.000000
val_cc,0.000000,0.256135,1.000000
val_cc,0.000000,0.256122,1.000000
val_cc,0.000000,0.256108,1.000000
val_cc,0.000000,0.256094,1.000000
val_cc,0.000000,0.256081,1.000000
val_cc,0.000000,0.256067,1.000000
val_cc,0.000000,0.256054,1.000000
val_cc,0.000000,0.256040,1.000000
val_cc,0.000000,0.256026,1.000000
val_cc,0.000000,0.256013,1.000000
val_cc,0.000000,0.255999,1.000000
val_cc,0.000000,0.255986,1.000000
val_cc,0.000000,0.255972,1.000000
val_cc,0.000000,0.255958,1.000000
val_cc,0.000000,0.255945,1.000000
val_cc,0.000000,0.255931,1.000000
val_cc,0.000000,0.255918,1.000000
val_cc,0.000000,0.255904,1.000000
val_cc,0.000000,0.255890,1.000000
val_cc,0.000000,0.255877,1.000000
val_cc,0.000000,0.255863,1.000000
val_cc,0.000000,0.255850,1.000000
val_cc,0.000000,0.255836,1.000000
val_cc,0.000000,0.255823,1.000000
val_cc,0.000000,0.255809,1.000000
val_cc,0.000000,0.255795,1.000000
val_cc,0.000000,0.255782,1.000000
val_cc,0.000000,0.255768,1.000000
val_cc,0.000000,0.255755,1.000000
val_cc,0.000000,0.255741,1.000000
val_cc,0.000000,0.255728,1.000000
val_cc,0.000000,0.255714,1.000000
val_cc,0.000000,0.255700,1.000000
val_cc,0.000000,0.255687,1.000000
val_cc,0.000000,0.255673,1.000000
val_cc,0.000000,0.255660,1.000000
val_cc,0.000000,0.255646,1.000000
val_cc,0.000000,0.255633,1.000000
val_cc,0.000000,0.255619,1.000000
val_cc,0.000000,0.255606,1.000000
val_cc,0.000000,0.255592,1.000000
val_cc,0.000000,0.255579,1.000000
val_cc,0.000000,0.255565,1.000000
val_cc,0.000000,0.255551,1.000000
val_cc,0.000000,0.255538,1.000000
val_cc,0.000000,0.255524,1.000000
val_cc,0.000000,0.255511,1.000000
val_cc,0.000000,0.255497,1.000000
val_cc,0.000000,0.255484,1.000000
val_cc,0.000000,0.255470,1.000000
val_cc,0.000000,0.255457,1.000000
val_cc,0.000000,0.255443,1.000000
val_cc,0.000000,0.255430,1.000000
val_cc,0.000000,0.255416,1.000000
val_cc,0.000000,0.255403,1.000000
val_cc,0.000000,0.255389,1.000000
val_cc,0.000000,0.255375,1.000000
val_cc,0.000000,0.255362,1.000000
val_cc,0.000000,0.255348,1.000000
val_cc,0.000000,0.255335,1.000000
val_cc,0.000000,0.255321,1.000000
val_cc,0.000000,0.255308,1.000000
val_cc,0.000000,0.255294,1.000000
val_cc,0.000000,0.255281,1.000000
val_cc,0.000000,0.255267,1.000000
val_cc,0.000000,0.255254,1.000000
val_cc,0.000000,0.255240,1.000000
val_cc,0.000000,0.255227,1.000000
val_cc,0.000000,0.255213,1.000000
val_cc,0.000000,0.255200,1.000000
val_cc,0.000000,0.255186,1.000000
val_cc,0.000000,0.255173,1.000000
val_cc,0.000000,0.255159,1.000000
val_cc,0.000000,0.255146,1.000000
val_cc,0.000000,0.255132,1.000000
val_cc,0.000000,0.255119,1.000000
val_cc,0.000000,0.255105,1.000000
val_cc,0.000000,0.255092,1.000000
val_cc,0.000000,0.255078,1.000000
val_cc,0.000000,0.255065,1.000000
val_cc,0.000000,0.255051,1.000000
val_cc,0.000000,0.255038,1.000000
val_cc,0.000000,0.255024,1.000000
val_cc,0.000000,0.255011,1.000000
val_cc,0.000000,0.254997,1.000000
val_cc,0.000000,0.254984,1.000000
val_cc,0.000000,0.254970,1.000000
val_cc,0.000000,0.254957,1.000000
val_cc,0.000000,0.254943,1.000000
val_cc,0.000000,0.254930,1.000000
val_cc,0.000000,0.254916,1.000000
val_cc,0.000000,0.254903,1.000000
val_cc,0.000000,0.254890,1.000000
val_cc,0.000000,0.254876,1.000000
val_cc,0.000000,0.254863,1.000000
val_cc,0.000000,0.254849,1.000000
val_cc,0.000000,0.254836,1.000000
val_cc,0.000000,0.254822,1.000000
val_cc,0.000000,0.254809,1.000000
val_cc,0.000000,0.254795,1.000000
val_cc,0.000000,0.254782,1.000000
val_cc,0.000000,0.254768,1.000000
val_cc,0.000000,0.254755,1.000000
val_cc,0.000000,0.254741,1.000000
val_cc,0.000000,0.254728,1.000000
val_cc,0.000000,0.254714,1.000000
val_cc,0.000000,0.254701,1.000000
val_cc,0.000000,0.254688,1.000000
val_cc,0.000000,0.254674,1.000000
val_cc,0.000000,0.254661,1.000000
val_cc,0.000000,0.254647,1.000000
val_cc,0.000000,0.254634,1.000000
val_cc,0.000000,0.254620,1.000000
val_cc,0.000000,0.254607,1.000000
val_cc,0.000000,0.254593,1.000000
val_cc,0.000000,0.254580,1.000000
val_cc,0.000000,0.254567,1.000000
val_cc,0.000000,0.254553,1.000000
val_cc,0.000000,0.254540,1.000000
val_cc,0.000000,0.254526,1.000000
val_cc,0.000000,0.254513,1.000000
val_cc,0.000000,0.254499,1.000000
val_cc,0.000000,0.254486,1.000000
val_cc,0.000000,0.254473,1.000000
val_cc,0.000000,0.254459,1.000000
val_cc,0.000000,0.254446,1.000000
val_cc,0.000000,0.254432,1.000000
val_cc,0.000000,0.254419,1.000000
val_cc,0.000000,0.254405,1.000000
val_cc,0.000000,0.254392,1.000000
val_cc,0.000000,0.254379,1.000000
val_cc,0.000000,0.254365,1.000000
val_cc,0.000000,0.254352,1.000000
val_cc,0.000000,0.254338,1.000000
val_cc,0.000000,0.254325,1.000000
val_cc,0.000000,0.254311,1.000000
val_cc,0.000000,0.254298,1.000000
val_cc,0.000000,0.254285,1.000000
val_cc,0.000000,0.254271,1.000000
val_cc,0.000000,0.254258,1.000000
val_cc,0.000000,0.254244,1.000000
val_cc,0.000000,0.254231,1.000000
val_cc,0.000000,0.254218,1.000000
val_cc,0.000000,0.254204,1.000000
val_cc,0.000000,0.254191,1.000000
val_cc,0.000000,0.254177,1.000000
